2.06981e-05,2.06981e-05,2.07828e-05,2.098e-05,2.12792e-05,2.16493e-05,2.20601e-05,2.24854e-05,2.29031e-05,2.32943e-05,2.36428e-05,2.39342e-05,2.41556e-05,2.42952e-05,2.43419e-05,2.42854e-05,2.41156e-05,2.38231e-05,2.33989e-05,2.28343e-05,2.21213e-05,2.12522e-05,2.022e-05,1.90185e-05,1.76419e-05,1.60855e-05,1.43455e-05,1.24188e-05,1.03037e-05,7.99924e-06,5.50572e-06,2.82443e-06,-4.22925e-08,-3.09117e-06,-6.31808e-06,-9.71827e-06,-1.32865e-05,-1.70176e-05,-2.09062e-05,-2.4948e-05,-2.91397e-05,-3.34803e-05,-3.79713e-05,-4.26186e-05,-4.74336e-05,-5.24355e-05,-5.76544e-05,-6.31346e-05,-6.89411e-05,-7.51667e-05,-8.19443e-05,-8.9464e-05,-9.79986e-05,-0.000107944,-0.000119884,-0.000134694,-0.000153729,-0.000179165,-0.000214687,-0.000266985,-0.000349224,-0.000489448,-0.000749669,-0.00125561,-0.00219904,-0
2.06981e-05,2.06981e-05,2.07828e-05,2.098e-05,2.12792e-05,2.16493e-05,2.20601e-05,2.24854e-05,2.29031e-05,2.32943e-05,2.36428e-05,2.39342e-05,2.41556e-05,2.42952e-05,2.43419e-05,2.42854e-05,2.41156e-05,2.38231e-05,2.33989e-05,2.28343e-05,2.21213e-05,2.12522e-05,2.022e-05,1.90185e-05,1.76419e-05,1.60855e-05,1.43455e-05,1.24188e-05,1.03037e-05,7.99924e-06,5.50572e-06,2.82443e-06,-4.22925e-08,-3.09117e-06,-6.31808e-06,-9.71827e-06,-1.32865e-05,-1.70176e-05,-2.09062e-05,-2.4948e-05,-2.91397e-05,-3.34803e-05,-3.79713e-05,-4.26186e-05,-4.74336e-05,-5.24355e-05,-5.76544e-05,-6.31346e-05,-6.89411e-05,-7.51667e-05,-8.19443e-05,-8.9464e-05,-9.79986e-05,-0.000107944,-0.000119884,-0.000134694,-0.000153729,-0.000179165,-0.000214687,-0.000266985,-0.000349224,-0.000489448,-0.000749669,-0.00125561,-0.00219904,-0.00219904
2.06868e-05,2.06868e-05,2.07538e-05,2.09198e-05,2.11689e-05,2.14759e-05,2.18165e-05,2.21687e-05,2.25126e-05,2.2831e-05,2.31083e-05,2.33307e-05,2.34853e-05,2.35605e-05,2.35452e-05,2.3429e-05,2.32022e-05,2.28553e-05,2.23793e-05,2.1766e-05,2.10071e-05,2.00955e-05,1.90242e-05,1.77871e-05,1.63787e-05,1.47944e-05,1.30306e-05,1.10842e-05,8.95344e-06,6.63738e-06,4.13607e-06,1.45052e-06,-1.41738e-06,-4.46494e-06,-7.68887e-06,-1.10854e-05,-1.46506e-05,-1.83807e-05,-2.22724e-05,-2.63237e-05,-3.05341e-05,-3.49058e-05,-3.94446e-05,-4.41613e-05,-4.90734e-05,-5.42077e-05,-5.96033e-05,-6.53161e-05,-7.1425e-05,-7.80406e-05,-8.53179e-05,-9.34746e-05,-0.000102818,-0.000113788,-0.000127018,-0.000143443,-0.000164468,-0.000192254,-0.000230207,-0.000283786,-0.000361622,-0.000476143,-0.000639495,-0.000840498,-0.0010232,-0.0010232
2.05234e-05,2.05234e-05,2.06074e-05,2.07676e-05,2.09918e-05,2.12599e-05,2.15524e-05,2.18509e-05,2.21384e-05,2.23992e-05,2.26191e-05,2.27847e-05,2.2884e-05,2.29054e-05,2.28382e-05,2.2672e-05,2.23972e-05,2.20046e-05,2.14852e-05,2.08307e-05,2.00334e-05,1.90859e-05,1.79816e-05,1.67143e-05,1.52789e-05,1.36708e-05,1.18862e-05,9.92238e-06,7.77743e-06,5.45035e-06,2.94104e-06,2.5029e-07,-2.62033e-06,-5.66859e-06,-8.89175e-06,-1.22868e-05,-1.58506e-05,-1.95807e-05,-2.34749e-05,-2.7533e-05,-3.17562e-05,-3.61491e-05,-4.07201e-05,-4.54831e-05,-5.04591e-05,-5.56789e-05,-6.11862e-05,-6.70419e-05,-7.333e-05,-8.01662e-05,-8.77089e-05,-9.61762e-05,-0.00010587,-0.000117207,-0.000130775,-0.000147397,-0.000168242,-0.000194956,-0.000229815,-0.000275776,-0.000336001,-0.000411693,-0.00049521,-0.000552079,-0.000546081,-0.000546081
2.02496e-05,2.02496e-05,2.03758e-05,2.05513e-05,2.07707e-05,2.10192e-05,2.12816e-05,2.1543e-05,2.1789e-05,2.20058e-05,2.21804e-05,2.23007e-05,2.23549e-05,2.23321e-05,2.22219e-05,2.20141e-05,2.16992e-05,2.12681e-05,2.07121e-05,2.00229e-05,1.91928e-05,1.82147e-05,1.70818e-05,1.57883e-05,1.43289e-05,1.26991e-05,1.08953e-05,8.91469e-06,6.75535e-06,4.41624e-06,1.89721e-06,-8.01107e-07,-3.67732e-06,-6.72943e-06,-9.95505e-06,-1.33515e-05,-1.69164e-05,-2.06474e-05,-2.45436e-05,-2.86051e-05,-3.28344e-05,-3.72369e-05,-4.18222e-05,-4.6605e-05,-5.16075e-05,-5.68611e-05,-6.24093e-05,-6.83119e-05,-7.46497e-05,-8.15319e-05,-8.91046e-05,-9.75642e-05,-0.000107174,-0.000118286,-0.000131373,-0.000147055,-0.00016614,-0.000189623,-0.000218601,-0.00025393,-0.000295278,-0.000338838,-0.000372621,-0.000368517,-0.000324966,-0.000324966
1.99041e-05,1.99041e-05,2.00859e-05,2.0291e-05,2.05204e-05,2.07641e-05,2.10107e-05,2.12485e-05,2.14655e-05,2.16499e-05,2.179e-05,2.18746e-05,2.18929e-05,2.18344e-05,2.16889e-05,2.14467e-05,2.10985e-05,2.06352e-05,2.00483e-05,1.93295e-05,1.84713e-05,1.74665e-05,1.63085e-05,1.49914e-05,1.35101e-05,1.18599e-05,1.00375e-05,8.03982e-06,5.86515e-06,3.51242e-06,9.81452e-07,-1.7271e-06,-4.61189e-06,-7.67095e-06,-1.09019e-05,-1.43022e-05,-1.78694e-05,-2.16015e-05,-2.54973e-05,-2.95571e-05,-3.37832e-05,-3.81809e-05,-4.27592e-05,-4.75319e-05,-5.25197e-05,-5.77513e-05,-6.32663e-05,-6.91179e-05,-7.53772e-05,-8.21377e-05,-8.95221e-05,-9.76904e-05,-0.000106849,-0.000117262,-0.000129261,-0.000143245,-0.000159663,-0.000178944,-0.0002013,-0.000226306,-0.000252017,-0.000273398,-0.000280048,-0.000254694,-0.00020809,-0.00020809
1.95216e-05,1.95216e-05,1.97634e-05,2.00061e-05,2.02553e-05,2.05047e-05,2.07465e-05,2.09714e-05,2.11696e-05,2.13312e-05,2.14457e-05,2.1503e-05,2.14931e-05,2.14059e-05,2.12317e-05,2.09612e-05,2.05852e-05,2.00947e-05,1.94814e-05,1.87371e-05,1.78542e-05,1.68256e-05,1.56447e-05,1.43057e-05,1.28033e-05,1.1133e-05,9.29142e-06,7.27567e-06,5.08393e-06,2.71525e-06,1.69563e-07,-2.55237e-06,-5.44905e-06,-8.51831e-06,-1.17575e-05,-1.51639e-05,-1.87345e-05,-2.24669e-05,-2.63593e-05,-3.04113e-05,-3.4624e-05,-3.90013e-05,-4.35502e-05,-4.82821e-05,-5.32137e-05,-5.83688e-05,-6.37795e-05,-6.94889e-05,-7.55535e-05,-8.20459e-05,-8.90591e-05,-9.67099e-05,-0.000105142,-0.000114529,-0.000125066,-0.000136957,-0.000150366,-0.000165317,-0.00018149,-0.000197849,-0.000212019,-0.000219428,-0.000212567,-0.000182009,-0.000140106,-0.000140106
1.91297e-05,1.91297e-05,1.94309e-05,1.97143e-05,1.99889e-05,2.02511e-05,2.04957e-05,2.07157e-05,2.09032e-05,2.10495e-05,2.11457e-05,2.11826e-05,2.11506e-05,2.10405e-05,2.08431e-05,2.05491e-05,2.01495e-05,1.96358e-05,1.89994e-05,1.82324e-05,1.73271e-05,1.62764e-05,1.50738e-05,1.37132e-05,1.21897e-05,1.04986e-05,8.63649e-06,6.60062e-06,4.38925e-06,2.00157e-06,-5.62296e-07,-3.30133e-06,-6.21367e-06,-9.29676e-06,-1.25474e-05,-1.59622e-05,-1.95374e-05,-2.32695e-05,-2.71556e-05,-3.11936e-05,-3.53829e-05,-3.97247e-05,-4.4223e-05,-4.88851e-05,-5.37224e-05,-5.87516e-05,-6.39954e-05,-6.94845e-05,-7.52581e-05,-8.13661e-05,-8.78699e-05,-9.48433e-05,-0.000102371,-0.000110545,-0.000119451,-0.000129141,-0.000139581,-0.000150554,-0.00016148,-0.000171147,-0.000177328,-0.000176417,-0.000163485,-0.000133672,-9.76529e-05,-9.76529e-05
1.87501e-05,1.87501e-05,1.91065e-05,1.94306e-05,1.97328e-05,2.0012e-05,2.02646e-05,2.04854e-05,2.0668e-05,2.0805e-05,2.08885e-05,2.09101e-05,2.08611e-05,2.07327e-05,2.05159e-05,2.02021e-05,1.97823e-05,1.9248e-05,1.85908e-05,1.78028e-05,1.68763e-05,1.58043e-05,1.458e-05,1.31975e-05,1.16517e-05,9.93815e-06,8.05325e-06,5.99443e-06,3.76008e-06,1.3496e-06,-1.23658e-06,-3.99704e-06,-6.92943e-06,-1.00305e-05,-1.32963e-05,-1.67224e-05,-2.03039e-05,-2.40357e-05,-2.79132e-05,-3.19322e-05,-3.60892e-05,-4.03824e-05,-4.48116e-05,-4.9379e-05,-5.40896e-05,-5.89518e-05,-6.3978e-05,-6.91854e-05,-7.45958e-05,-8.02364e-05,-8.61394e-05,-9.23402e-05,-9.88737e-05,-0.000105767,-0.000113023,-0.000120593,-0.000128326,-0.000135884,-0.000142608,-0.000147341,-0.000148227,-0.000142619,-0.000127437,-0.000100296,-6.96509e-05,-6.96509e-05
1.83989e-05,1.83989e-05,1.88049e-05,1.91671e-05,1.94972e-05,1.97951e-05,2.00587e-05,2.0284e-05,2.04656e-05,2.05975e-05,2.06724e-05,2.06827e-05,2.06203e-05,2.04769e-05,2.02439e-05,1.99127e-05,1.94748e-05,1.89217e-05,1.82451e-05,1.74369e-05,1.64896e-05,1.53958e-05,1.41491e-05,1.27434e-05,1.11735e-05,9.4349e-06,7.52417e-06,5.4388e-06,3.17738e-06,7.39604e-07,-1.87372e-06,-4.66062e-06,-7.61807e-06,-1.0742e-05,-1.40273e-05,-1.74683e-05,-2.10586e-05,-2.47912e-05,-2.86591e-05,-3.26555e-05,-3.67739e-05,-4.10082e-05,-4.53537e-05,-4.98069e-05,-5.43657e-05,-5.903e-05,-6.38015e-05,-6.86842e-05,-7.36838e-05,-7.8807e-05,-8.40606e-05,-8.94488e-05,-9.49682e-05,-0.000100599,-0.00010629,-0.000111933,-0.000117318,-0.000122071,-0.000125556,-0.000126772,-0.000124262,-0.000116176,-0.000100636,-7.65457e-05,-5.0408e-05,-5.0408e-05
1.8088e-05,1.8088e-05,1.85371e-05,1.89337e-05,1.92901e-05,1.96068e-05,1.98826e-05,2.01143e-05,2.02976e-05,2.0427e-05,2.0496e-05,2.04977e-05,2.04245e-05,2.02684e-05,2.00211e-05,1.96743e-05,1.92196e-05,1.86485e-05,1.79528e-05,1.71245e-05,1.61558e-05,1.50394e-05,1.37688e-05,1.23377e-05,1.0741e-05,8.97419e-06,7.03386e-06,4.91767e-06,2.62444e-06,1.54192e-07,-2.49175e-06,-5.31078e-06,-8.29902e-06,-1.14513e-05,-1.47614e-05,-1.82219e-05,-2.18246e-05,-2.55603e-05,-2.94194e-05,-3.33919e-05,-3.74677e-05,-4.16366e-05,-4.58886e-05,-5.02142e-05,-5.46043e-05,-5.90503e-05,-6.35439e-05,-6.8077e-05,-7.26409e-05,-7.72255e-05,-8.18174e-05,-8.63972e-05,-9.09344e-05,-9.53794e-05,-9.96495e-05,-0.000103607,-0.000107027,-0.000109546,-0.000110601,-0.000109375,-0.000104771,-9.55227e-05,-8.05088e-05,-5.92864e-05,-3.68204e-05,-3.68204e-05
1.78262e-05,1.78262e-05,1.83116e-05,1.8738e-05,1.91179e-05,1.94522e-05,1.97401e-05,1.99789e-05,2.0165e-05,2.02933e-05,2.03582e-05,2.03529e-05,2.02704e-05,2.01029e-05,1.98425e-05,1.94809e-05,1.90099e-05,1.8421e-05,1.7706e-05,1.68567e-05,1.58655e-05,1.47249e-05,1.34281e-05,1.1969e-05,1.03423e-05,8.5435e-06,6.56925e-06,4.41739e-06,2.08699e-06,-4.21484e-07,-3.10615e-06,-5.96365e-06,-8.98911e-06,-1.21762e-05,-1.55171e-05,-1.90028e-05,-2.26227e-05,-2.63654e-05,-3.02183e-05,-3.4168e-05,-3.82005e-05,-4.23012e-05,-4.64548e-05,-5.06459e-05,-5.48586e-05,-5.90763e-05,-6.32817e-05,-6.74563e-05,-7.15797e-05,-7.56283e-05,-7.9574e-05,-8.33813e-05,-8.70028e-05,-9.03719e-05,-9.33923e-05,-9.59195e-05,-9.7736e-05,-9.85166e-05,-9.77902e-05,-9.49106e-05,-8.90747e-05,-7.94293e-05,-6.53153e-05,-4.66074e-05,-2.71082e-05,-2.71082e-05
1.76195e-05,1.76195e-05,1.81345e-05,1.85858e-05,1.89858e-05,1.93355e-05,1.96341e-05,1.98797e-05,2.00686e-05,2.01965e-05,2.02577e-05,2.02462e-05,2.0155e-05,1.99768e-05,1.97036e-05,1.93274e-05,1.88399e-05,1.82327e-05,1.74976e-05,1.66262e-05,1.56108e-05,1.44438e-05,1.31183e-05,1.16281e-05,9.96761e-06,8.13254e-06,6.11957e-06,3.92669e-06,1.55329e-06,-9.99717e-07,-3.7298e-06,-6.63273e-06,-9.70256e-06,-1.29316e-05,-1.63104e-05,-1.98279e-05,-2.34714e-05,-2.72266e-05,-3.10779e-05,-3.50084e-05,-3.90001e-05,-4.30337e-05,-4.70891e-05,-5.1145e-05,-5.51791e-05,-5.91678e-05,-6.30861e-05,-6.6907e-05,-7.06008e-05,-7.41346e-05,-7.74701e-05,-8.0562e-05,-8.33541e-05,-8.57734e-05,-8.77215e-05,-8.90608e-05,-8.9596e-05,-8.90501e-05,-8.70421e-05,-8.3076e-05,-7.65726e-05,-6.69625e-05,-5.38654e-05,-3.73e-05,-2.02021e-05,-2.02021e-05
1.74721e-05,1.74721e-05,1.80103e-05,1.84813e-05,1.88975e-05,1.92596e-05,1.95672e-05,1.98181e-05,2.00092e-05,2.01361e-05,2.01937e-05,2.01759e-05,2.00761e-05,1.98869e-05,1.96008e-05,1.92096e-05,1.87051e-05,1.80787e-05,1.73222e-05,1.64271e-05,1.53855e-05,1.41896e-05,1.28324e-05,1.13074e-05,9.60916e-06,7.73321e-06,5.67634e-06,3.4367e-06,1.01402e-06,-1.59029e-06,-4.37298e-06,-7.32891e-06,-1.04509e-05,-1.37299e-05,-1.71546e-05,-2.07118e-05,-2.43864e-05,-2.81614e-05,-3.20178e-05,-3.59352e-05,-3.98915e-05,-4.38631e-05,-4.78249e-05,-5.17503e-05,-5.56115e-05,-5.93787e-05,-6.30205e-05,-6.65033e-05,-6.9791e-05,-7.28442e-05,-7.56188e-05,-7.80648e-05,-8.01234e-05,-8.17222e-05,-8.27686e-05,-8.31398e-05,-8.26686e-05,-8.11281e-05,-7.82177e-05,-7.35656e-05,-6.67582e-05,-5.74184e-05,-4.53312e-05,-3.05719e-05,-1.54303e-05,-1.54303e-05
1.73869e-05,1.73869e-05,1.79419e-05,1.84276e-05,1.88558e-05,1.92272e-05,1.95411e-05,1.97955e-05,1.99873e-05,2.01122e-05,2.01653e-05,2.01406e-05,2.00316e-05,1.9831e-05,1.95313e-05,1.91243e-05,1.86017e-05,1.79549e-05,1.71755e-05,1.62548e-05,1.51846e-05,1.39571e-05,1.25649e-05,1.10015e-05,9.26117e-06,7.33949e-06,5.23325e-06,2.9408e-06,4.62217e-07,-2.20056e-06,-5.04355e-06,-8.0606e-06,-1.12433e-05,-1.4581e-05,-1.80605e-05,-2.16664e-05,-2.53811e-05,-2.91846e-05,-3.30548e-05,-3.69675e-05,-4.08969e-05,-4.48148e-05,-4.86919e-05,-5.24967e-05,-5.61963e-05,-5.9756e-05,-6.31394e-05,-6.63082e-05,-6.92218e-05,-7.18372e-05,-7.4108e-05,-7.59835e-05,-7.74064e-05,-7.83095e-05,-7.86109e-05,-7.82057e-05,-7.69567e-05,-7.46833e-05,-7.1155e-05,-6.60966e-05,-5.9216e-05,-5.02649e-05,-3.9125e-05,-2.58848e-05,-1.23515e-05,-1.23515e-05
1.73655e-05,1.73655e-05,1.79317e-05,1.84269e-05,1.88627e-05,1.92398e-05,1.95571e-05,1.98127e-05,2.00032e-05,2.01247e-05,2.0172e-05,2.01393e-05,2.00201e-05,1.98072e-05,1.94929e-05,1.9069e-05,1.85271e-05,1.78585e-05,1.70544e-05,1.6106e-05,1.50049e-05,1.37429e-05,1.23124e-05,1.07066e-05,8.9198e-06,6.94734e-06,4.78608e-06,2.43455e-06,-1.06842e-07,-2.83561e-06,-5.74698e-06,-8.83378e-06,-1.20863e-05,-1.54921e-05,-1.90362e-05,-2.27009e-05,-2.6466e-05,-3.03084e-05,-3.42028e-05,-3.81216e-05,-4.20349e-05,-4.59108e-05,-4.97156e-05,-5.34136e-05,-5.69677e-05,-6.03392e-05,-6.3488e-05,-6.63725e-05,-6.89499e-05,-7.11756e-05,-7.30034e-05,-7.43847e-05,-7.52665e-05,-7.55899e-05,-7.52853e-05,-7.42674e-05,-7.24274e-05,-6.96257e-05,-6.56895e-05,-6.04184e-05,-5.36081e-05,-4.5096e-05,-3.48193e-05,-2.28603e-05,-1.06625e-05,-1.06625e-05
1.7409e-05,1.7409e-05,1.79807e-05,1.84806e-05,1.89199e-05,1.92988e-05,1.96164e-05,1.98704e-05,2.00575e-05,2.01736e-05,2.02135e-05,2.01715e-05,2.00409e-05,1.98144e-05,1.94843e-05,1.90423e-05,1.84797e-05,1.77877e-05,1.69571e-05,1.59789e-05,1.48443e-05,1.35449e-05,1.20727e-05,1.04207e-05,8.58293e-06,6.55459e-06,4.33257e-06,1.91554e-06,-6.95771e-07,-3.4983e-06,-6.48651e-06,-9.65211e-06,-1.2984e-05,-1.64682e-05,-2.00876e-05,-2.38222e-05,-2.7649e-05,-3.15421e-05,-3.5473e-05,-3.94105e-05,-4.33211e-05,-4.71691e-05,-5.0917e-05,-5.45254e-05,-5.79539e-05,-6.11605e-05,-6.41024e-05,-6.67364e-05,-6.90186e-05,-7.09048e-05,-7.2351e-05,-7.3312e-05,-7.37414e-05,-7.35896e-05,-7.28005e-05,-7.13071e-05,-6.90264e-05,-6.58545e-05,-6.16646e-05,-5.63133e-05,-4.96596e-05,-4.15977e-05,-3.2096e-05,-2.1223e-05,-1.0146e-05,-1.0146e-05
1.75179e-05,1.75179e-05,1.809e-05,1.85896e-05,1.9028e-05,1.94051e-05,1.97196e-05,1.99692e-05,2.01504e-05,2.0259e-05,2.02897e-05,2.02367e-05,2.00932e-05,1.98519e-05,1.95048e-05,1.90433e-05,1.84587e-05,1.77416e-05,1.68827e-05,1.58727e-05,1.47023e-05,1.33626e-05,1.18454e-05,1.01434e-05,8.25016e-06,6.16086e-06,3.8723e-06,1.38327e-06,-1.30518e-06,-4.18946e-06,-7.26322e-06,-1.05171e-05,-1.39386e-05,-1.75119e-05,-2.1218e-05,-2.50345e-05,-2.89356e-05,-3.28925e-05,-3.68736e-05,-4.08441e-05,-4.47673e-05,-4.86038e-05,-5.23127e-05,-5.58516e-05,-5.9177e-05,-6.22446e-05,-6.50102e-05,-6.74294e-05,-6.9459e-05,-7.10563e-05,-7.21802e-05,-7.27909e-05,-7.2849e-05,-7.23146e-05,-7.11446e-05,-6.92893e-05,-6.66884e-05,-6.32672e-05,-5.89356e-05,-5.35936e-05,-4.71455e-05,-3.95233e-05,-3.07122e-05,-2.07655e-05,-1.06393e-05,-1.06393e-05
1.76922e-05,1.76922e-05,1.82597e-05,1.87546e-05,1.91879e-05,1.95593e-05,1.98674e-05,2.01096e-05,2.02823e-05,2.03812e-05,2.04008e-05,2.03351e-05,2.01773e-05,1.99197e-05,1.95542e-05,1.9072e-05,1.84639e-05,1.77204e-05,1.68316e-05,1.57878e-05,1.45793e-05,1.31967e-05,1.16314e-05,9.87559e-06,7.92263e-06,5.76741e-06,3.40662e-06,8.39118e-07,-1.93375e-06,-4.90789e-06,-8.07614e-06,-1.1428e-05,-1.49497e-05,-1.86235e-05,-2.24284e-05,-2.63396e-05,-3.03285e-05,-3.43636e-05,-3.84098e-05,-4.24294e-05,-4.6382e-05,-5.02252e-05,-5.39151e-05,-5.74063e-05,-6.06531e-05,-6.36097e-05,-6.62307e-05,-6.84721e-05,-7.02915e-05,-7.1649e-05,-7.25074e-05,-7.28322e-05,-7.25917e-05,-7.17555e-05,-7.02925e-05,-6.81686e-05,-6.53426e-05,-6.1764e-05,-5.73715e-05,-5.20979e-05,-4.588e-05,-3.86751e-05,-3.04774e-05,-2.13262e-05,-1.20154e-05,-1.20154e-05
1.79318e-05,1.79318e-05,1.84899e-05,1.89756e-05,1.93997e-05,1.97617e-05,2.006e-05,2.02919e-05,2.04535e-05,2.05404e-05,2.0547e-05,2.0467e-05,2.02933e-05,2.00182e-05,1.96331e-05,1.91291e-05,1.84963e-05,1.7725e-05,1.68049e-05,1.57256e-05,1.44769e-05,1.3049e-05,1.14327e-05,9.61972e-06,7.60296e-06,5.37704e-06,2.93848e-06,2.86155e-07,-2.57837e-06,-5.6505e-06,-8.92229e-06,-1.23822e-05,-1.60149e-05,-1.98011e-05,-2.37175e-05,-2.77368e-05,-3.18281e-05,-3.59565e-05,-4.00841e-05,-4.41698e-05,-4.81702e-05,-5.20398e-05,-5.57319e-05,-5.91989e-05,-6.2393e-05,-6.52674e-05,-6.77764e-05,-6.98766e-05,-7.15275e-05,-7.26921e-05,-7.33374e-05,-7.3435e-05,-7.29603e-05,-7.18918e-05,-7.02095e-05,-6.78927e-05,-6.49164e-05,-6.12495e-05,-5.68535e-05,-5.16859e-05,-4.57069e-05,-3.88912e-05,-3.1238e-05,-2.2775e-05,-1.41709e-05,-1.41709e-05
1.82363e-05,1.82363e-05,1.87804e-05,1.92525e-05,1.96633e-05,2.00123e-05,2.02976e-05,2.05163e-05,2.06644e-05,2.07371e-05,2.07288e-05,2.06329e-05,2.0442e-05,2.01482e-05,1.97425e-05,1.92155e-05,1.85572e-05,1.77571e-05,1.68044e-05,1.56883e-05,1.43978e-05,1.29225e-05,1.12527e-05,9.3794e-06,7.29512e-06,4.99404e-06,2.47244e-06,-2.70863e-07,-3.23412e-06,-6.4123e-06,-9.79672e-06,-1.33747e-05,-1.71296e-05,-2.10403e-05,-2.50813e-05,-2.9223e-05,-3.34317e-05,-3.76695e-05,-4.18956e-05,-4.60657e-05,-5.01333e-05,-5.40501e-05,-5.77668e-05,-6.12338e-05,-6.44018e-05,-6.72233e-05,-6.96526e-05,-7.16476e-05,-7.31697e-05,-7.41853e-05,-7.46661e-05,-7.45889e-05,-7.39363e-05,-7.26949e-05,-7.08545e-05,-6.84058e-05,-6.53373e-05,-6.16335e-05,-5.72738e-05,-5.22343e-05,-4.64927e-05,-4.00359e-05,-3.28661e-05,-2.50028e-05,-1.70178e-05,-1.70178e-05
1.8605e-05,1.8605e-05,1.91306e-05,1.95849e-05,1.99786e-05,2.03111e-05,2.05802e-05,2.07828e-05,2.0915e-05,2.09716e-05,2.09466e-05,2.08334e-05,2.06242e-05,2.03107e-05,1.98837e-05,1.93331e-05,1.86486e-05,1.7819e-05,1.68329e-05,1.56789e-05,1.43454e-05,1.28211e-05,1.10957e-05,9.15943e-06,7.00433e-06,4.62403e-06,2.0145e-06,-8.2559e-07,-3.89439e-06,-7.18649e-06,-1.06925e-05,-1.43987e-05,-1.8287e-05,-2.23345e-05,-2.65136e-05,-3.07923e-05,-3.5134e-05,-3.94981e-05,-4.38404e-05,-4.81139e-05,-5.22689e-05,-5.62545e-05,-6.00189e-05,-6.35107e-05,-6.66795e-05,-6.94772e-05,-7.18586e-05,-7.37828e-05,-7.52138e-05,-7.61213e-05,-7.64811e-05,-7.62758e-05,-7.5494e-05,-7.41299e-05,-7.21817e-05,-6.96497e-05,-6.65335e-05,-6.28302e-05,-5.85332e-05,-5.36331e-05,-4.81208e-05,-4.19923e-05,-3.52523e-05,-2.79153e-05,-2.04787e-05,-2.04787e-05
1.90371e-05,1.90371e-05,1.95397e-05,1.9972e-05,2.03449e-05,2.06574e-05,2.09074e-05,2.10915e-05,2.12055e-05,2.12441e-05,2.1201e-05,2.10693e-05,2.0841e-05,2.05071e-05,2.00582e-05,1.94837e-05,1.87727e-05,1.79133e-05,1.68936e-05,1.57012e-05,1.43239e-05,1.27495e-05,1.09669e-05,8.96564e-06,6.73696e-06,4.27393e-06,1.57208e-06,-1.37015e-06,-4.5509e-06,-7.96444e-06,-1.16007e-05,-1.54451e-05,-1.94779e-05,-2.36747e-05,-2.80056e-05,-3.24361e-05,-3.69268e-05,-4.14343e-05,-4.59113e-05,-5.03077e-05,-5.45708e-05,-5.86472e-05,-6.24828e-05,-6.60245e-05,-6.92208e-05,-7.20232e-05,-7.43874e-05,-7.62738e-05,-7.76487e-05,-7.84852e-05,-7.87635e-05,-7.84708e-05,-7.76017e-05,-7.61568e-05,-7.41416e-05,-7.15644e-05,-6.84339e-05,-6.47576e-05,-6.05397e-05,-5.57823e-05,-5.04867e-05,-4.46564e-05,-3.82994e-05,-3.14278e-05,-2.44824e-05,-2.44824e-05
1.95312e-05,1.95312e-05,2.00065e-05,2.04128e-05,2.07613e-05,2.10507e-05,2.12787e-05,2.1442e-05,2.15358e-05,2.15548e-05,2.14925e-05,2.13414e-05,2.10933e-05,2.07388e-05,2.02679e-05,1.96696e-05,1.89322e-05,1.80433e-05,1.69901e-05,1.57594e-05,1.4338e-05,1.27131e-05,1.08724e-05,8.80474e-06,6.5004e-06,3.9518e-06,1.1539e-06,-1.8952e-06,-5.19372e-06,-8.73572e-06,-1.25106e-05,-1.65026e-05,-2.0691e-05,-2.50492e-05,-2.95455e-05,-3.41427e-05,-3.87988e-05,-4.34671e-05,-4.80975e-05,-5.26365e-05,-5.70289e-05,-6.12183e-05,-6.51486e-05,-6.87649e-05,-7.20149e-05,-7.485e-05,-7.72262e-05,-7.91056e-05,-8.04569e-05,-8.12562e-05,-8.14876e-05,-8.1143e-05,-8.0222e-05,-7.87309e-05,-7.66813e-05,-7.40882e-05,-7.09679e-05,-6.73359e-05,-6.32057e-05,-5.85886e-05,-5.34945e-05,-4.79338e-05,-4.19184e-05,-3.54614e-05,-2.89612e-05,-2.89612e-05
2.00859e-05,2.00859e-05,2.05293e-05,2.09059e-05,2.12264e-05,2.14897e-05,2.16933e-05,2.18336e-05,2.19056e-05,2.19038e-05,2.18212e-05,2.16503e-05,2.13821e-05,2.10071e-05,2.05146e-05,1.9893e-05,1.91299e-05,1.82122e-05,1.71263e-05,1.58579e-05,1.43931e-05,1.27179e-05,1.0819e-05,8.68424e-06,6.30297e-06,3.66677e-06,7.69894e-07,-2.39001e-06,-5.81139e-06,-9.48816e-06,-1.34092e-05,-1.7558e-05,-2.19123e-05,-2.6444e-05,-3.1119e-05,-3.58976e-05,-4.07351e-05,-4.55817e-05,-5.03841e-05,-5.50858e-05,-5.96284e-05,-6.3953e-05,-6.80013e-05,-7.17168e-05,-7.5046e-05,-7.79403e-05,-8.03563e-05,-8.22574e-05,-8.36147e-05,-8.4407e-05,-8.46222e-05,-8.42559e-05,-8.33125e-05,-8.18031e-05,-7.97445e-05,-7.71572e-05,-7.40639e-05,-7.04868e-05,-6.64468e-05,-6.19631e-05,-5.70534e-05,-5.17352e-05,-4.60254e-05,-3.99405e-05,-3.38485e-05,-3.38485e-05
2.06989e-05,2.06989e-05,2.11063e-05,2.14492e-05,2.17386e-05,2.19731e-05,2.215e-05,2.22654e-05,2.23143e-05,2.22906e-05,2.21874e-05,2.19963e-05,2.17084e-05,2.13133e-05,2.08e-05,2.01561e-05,1.93686e-05,1.84235e-05,1.73062e-05,1.60016e-05,1.44946e-05,1.27702e-05,1.08138e-05,8.61222e-06,6.15371e-06,3.42885e-06,4.3107e-07,-2.8426e-06,-6.39093e-06,-1.02079e-05,-1.42819e-05,-1.85956e-05,-2.31256e-05,-2.7842e-05,-3.27085e-05,-3.7683e-05,-4.27176e-05,-4.77598e-05,-5.27526e-05,-5.76366e-05,-6.23503e-05,-6.6832e-05,-7.10211e-05,-7.48593e-05,-7.82924e-05,-8.12711e-05,-8.37528e-05,-8.57022e-05,-8.70921e-05,-8.79043e-05,-8.81294e-05,-8.77672e-05,-8.68256e-05,-8.53199e-05,-8.32714e-05,-8.07053e-05,-7.76493e-05,-7.41316e-05,-7.01794e-05,-6.58191e-05,-6.10759e-05,-5.59744e-05,-5.05385e-05,-4.47903e-05,-3.90775e-05,-3.90775e-05
2.13677e-05,2.13677e-05,2.17348e-05,2.20405e-05,2.22957e-05,2.24988e-05,2.26469e-05,2.2736e-05,2.27607e-05,2.27147e-05,2.25905e-05,2.23796e-05,2.20725e-05,2.16584e-05,2.11255e-05,2.0461e-05,1.96508e-05,1.86803e-05,1.75338e-05,1.61952e-05,1.46482e-05,1.28764e-05,1.08643e-05,8.59723e-06,6.06226e-06,3.24883e-06,1.49394e-07,-3.23979e-06,-6.91799e-06,-1.08793e-05,-1.51119e-05,-1.95977e-05,-2.43121e-05,-2.92236e-05,-3.42936e-05,-3.94775e-05,-4.47246e-05,-4.99787e-05,-5.518e-05,-6.02655e-05,-6.51705e-05,-6.98306e-05,-7.41825e-05,-7.81664e-05,-8.17266e-05,-8.48136e-05,-8.7385e-05,-8.94066e-05,-9.0853e-05,-9.17083e-05,-9.1966e-05,-9.16289e-05,-9.07082e-05,-8.9223e-05,-8.71981e-05,-8.46628e-05,-8.16492e-05,-7.81904e-05,-7.43198e-05,-7.00704e-05,-6.54748e-05,-6.05659e-05,-5.5376e-05,-4.99351e-05,-4.4579e-05,-4.4579e-05
2.2089e-05,2.2089e-05,2.24117e-05,2.26767e-05,2.28948e-05,2.30643e-05,2.31821e-05,2.32437e-05,2.32435e-05,2.31748e-05,2.303e-05,2.28e-05,2.24747e-05,2.2043e-05,2.14924e-05,2.08093e-05,1.9979e-05,1.89857e-05,1.78129e-05,1.64432e-05,1.48592e-05,1.30431e-05,1.09781e-05,8.648e-06,6.03861e-06,3.13804e-06,-6.24075e-08,-3.56743e-06,-7.37694e-06,-1.14853e-05,-1.58807e-05,-2.05444e-05,-2.54507e-05,-3.05663e-05,-3.58507e-05,-4.12566e-05,-4.67301e-05,-5.22121e-05,-5.7639e-05,-6.29443e-05,-6.80601e-05,-7.29188e-05,-7.74547e-05,-8.16057e-05,-8.5315e-05,-8.85323e-05,-9.12154e-05,-9.33308e-05,-9.48547e-05,-9.57731e-05,-9.6082e-05,-9.57868e-05,-9.49017e-05,-9.34488e-05,-9.14559e-05,-8.89561e-05,-8.59851e-05,-8.25809e-05,-7.87823e-05,-7.46291e-05,-7.01621e-05,-6.54233e-05,-6.04548e-05,-5.52968e-05,-5.02807e-05,-5.02807e-05
2.28587e-05,2.28587e-05,2.31331e-05,2.33542e-05,2.35327e-05,2.36667e-05,2.37527e-05,2.37859e-05,2.37605e-05,2.36694e-05,2.35045e-05,2.32564e-05,2.29145e-05,2.24672e-05,2.19012e-05,2.12022e-05,2.03548e-05,1.93421e-05,1.81466e-05,1.67498e-05,1.51328e-05,1.32765e-05,1.11625e-05,8.77327e-06,6.09292e-06,3.10815e-06,-1.91064e-07,-3.81057e-06,-7.75112e-06,-1.20076e-05,-1.65682e-05,-2.14138e-05,-2.65176e-05,-3.18448e-05,-3.7353e-05,-4.29919e-05,-4.87048e-05,-5.4429e-05,-6.00974e-05,-6.56398e-05,-7.09847e-05,-7.60613e-05,-8.08009e-05,-8.51393e-05,-8.90179e-05,-9.23857e-05,-9.52002e-05,-9.74285e-05,-9.90479e-05,-0.000100046,-0.000100421,-0.000100181,-9.93415e-05,-9.7928e-05,-9.59713e-05,-9.3507e-05,-9.05749e-05,-8.72171e-05,-8.34782e-05,-7.9405e-05,-7.50472e-05,-7.04572e-05,-6.56887e-05,-6.07939e-05,-5.6106e-05,-5.6106e-05
2.3672e-05,2.3672e-05,2.38944e-05,2.40687e-05,2.42054e-05,2.43023e-05,2.43554e-05,2.43598e-05,2.43092e-05,2.41962e-05,2.40122e-05,2.37475e-05,2.3391e-05,2.29303e-05,2.23517e-05,2.16402e-05,2.07794e-05,1.97515e-05,1.85378e-05,1.71186e-05,1.54736e-05,1.35824e-05,1.14247e-05,8.9815e-06,6.23522e-06,3.17089e-06,-2.23027e-07,-3.95372e-06,-8.02303e-06,-1.24265e-05,-1.71526e-05,-2.2182e-05,-2.74869e-05,-3.30313e-05,-3.87705e-05,-4.46517e-05,-5.0615e-05,-5.65943e-05,-6.25185e-05,-6.83137e-05,-7.39046e-05,-7.92167e-05,-8.41783e-05,-8.87226e-05,-9.2789e-05,-9.63254e-05,-9.92887e-05,-0.000101646,-0.000103376,-0.000104468,-0.00010492,-0.000104743,-0.000103956,-0.000102586,-0.000100665,-9.8232e-05,-9.5331e-05,-9.20083e-05,-8.83144e-05,-8.43038e-05,-8.00358e-05,-7.55745e-05,-7.09872e-05,-6.63397e-05,-6.1973e-05,-6.1973e-05
2.45233e-05,2.45233e-05,2.46904e-05,2.48152e-05,2.49083e-05,2.49667e-05,2.49863e-05,2.49618e-05,2.48864e-05,2.47523e-05,2.45507e-05,2.42712e-05,2.39023e-05,2.34311e-05,2.28433e-05,2.2123e-05,2.12531e-05,2.02147e-05,1.89881e-05,1.75522e-05,1.58854e-05,1.39656e-05,1.1771e-05,9.28057e-06,6.47509e-06,3.33773e-06,-1.44787e-07,-3.9812e-06,-8.17465e-06,-1.27216e-05,-1.76111e-05,-2.28236e-05,-2.83308e-05,-3.40953e-05,-4.00704e-05,-4.62009e-05,-5.24235e-05,-5.86684e-05,-6.48609e-05,-7.09226e-05,-7.67744e-05,-8.23379e-05,-8.75379e-05,-9.23046e-05,-9.65753e-05,-0.000100296,-0.000103423,-0.000105924,-0.000107777,-0.000108971,-0.000109509,-0.000109401,-0.000108668,-0.000107339,-0.00010545,-0.000103041,-0.00010016,-9.68586e-05,-9.31928e-05,-8.92261e-05,-8.50285e-05,-8.06773e-05,-7.62547e-05,-7.18423e-05,-6.77937e-05,-6.77937e-05
2.5406e-05,2.5406e-05,2.55148e-05,2.5588e-05,2.56358e-05,2.56549e-05,2.56408e-05,2.55875e-05,2.5488e-05,2.53341e-05,2.51165e-05,2.48244e-05,2.44459e-05,2.39674e-05,2.33741e-05,2.26494e-05,2.17752e-05,2.07318e-05,1.94983e-05,1.80524e-05,1.63709e-05,1.44302e-05,1.22067e-05,9.67749e-06,6.82137e-06,3.61952e-06,5.67518e-08,-3.87748e-06,-8.18786e-06,-1.28721e-05,-1.79199e-05,-2.3312e-05,-2.90196e-05,-3.50042e-05,-4.12173e-05,-4.7601e-05,-5.4089e-05,-6.06077e-05,-6.70782e-05,-7.3418e-05,-7.95434e-05,-8.53719e-05,-9.08245e-05,-9.58281e-05,-0.000100317,-0.000104236,-0.000107539,-0.000110194,-0.000112178,-0.000113483,-0.000114111,-0.000114073,-0.000113393,-0.000112101,-0.000110235,-0.000107839,-0.000104964,-0.000101666,-9.80095e-05,-9.40669e-05,-8.99202e-05,-8.56615e-05,-8.13896e-05,-7.72032e-05,-7.34733e-05,-7.34733e-05
2.63128e-05,2.63128e-05,2.63608e-05,2.63806e-05,2.63821e-05,2.63614e-05,2.63135e-05,2.62319e-05,2.61094e-05,2.59372e-05,2.57056e-05,2.54034e-05,2.50183e-05,2.45361e-05,2.39414e-05,2.3217e-05,2.23439e-05,2.13016e-05,2.0068e-05,1.86195e-05,1.69316e-05,1.49789e-05,1.27359e-05,1.0178e-05,7.28172e-06,4.02611e-06,3.93845e-07,-3.62764e-06,-8.04486e-06,-1.2857e-05,-1.80548e-05,-2.36196e-05,-2.95223e-05,-3.57236e-05,-4.21732e-05,-4.88108e-05,-5.55671e-05,-6.23645e-05,-6.912e-05,-7.57465e-05,-8.21555e-05,-8.82601e-05,-9.3977e-05,-9.92291e-05,-0.000103948,-0.000108076,-0.000111565,-0.000114381,-0.000116503,-0.000117922,-0.00011864,-0.000118671,-0.000118038,-0.000116774,-0.000114919,-0.000112521,-0.000109634,-0.000106321,-0.000102654,-9.87144e-05,-9.45993e-05,-9.04165e-05,-8.62832e-05,-8.23168e-05,-7.89097e-05,-7.89097e-05
2.72355e-05,2.72355e-05,2.72206e-05,2.71859e-05,2.71403e-05,2.70797e-05,2.69984e-05,2.68896e-05,2.67453e-05,2.65566e-05,2.63132e-05,2.60037e-05,2.56151e-05,2.5133e-05,2.45413e-05,2.38222e-05,2.29561e-05,2.19215e-05,2.06952e-05,1.92525e-05,1.75672e-05,1.56126e-05,1.33612e-05,1.07863e-05,7.86227e-06,4.56587e-06,8.77425e-07,-3.21791e-06,-7.72873e-06,-1.2656e-05,-1.7992e-05,-2.37187e-05,-2.98073e-05,-3.62177e-05,-4.28984e-05,-4.97868e-05,-5.68103e-05,-6.38878e-05,-7.09316e-05,-7.78499e-05,-8.45494e-05,-9.09381e-05,-9.6928e-05,-0.000102438,-0.000107395,-0.00011174,-0.000115421,-0.000118404,-0.000120667,-0.000122199,-0.000123005,-0.000123098,-0.000122503,-0.000121255,-0.000119397,-0.000116978,-0.000114059,-0.000110708,-0.000107007,-0.00010305,-9.89467e-05,-9.48243e-05,-9.08196e-05,-8.70698e-05,-8.39929e-05,-8.39929e-05
2.81649e-05,2.81649e-05,2.8086e-05,2.79959e-05,2.79032e-05,2.78031e-05,2.76891e-05,2.75541e-05,2.73897e-05,2.71864e-05,2.69336e-05,2.66196e-05,2.62309e-05,2.57529e-05,2.51688e-05,2.44604e-05,2.36074e-05,2.25874e-05,2.13764e-05,1.99484e-05,1.8276e-05,1.63306e-05,1.40831e-05,1.15046e-05,8.56716e-06,5.24524e-06,1.51657e-06,-2.63619e-06,-7.22405e-06,-1.22501e-05,-1.77084e-05,-2.3582e-05,-2.98429e-05,-3.64505e-05,-4.33523e-05,-5.04836e-05,-5.77689e-05,-6.51233e-05,-7.24547e-05,-7.96662e-05,-8.66593e-05,-9.33365e-05,-9.96048e-05,-0.000105378,-0.00011058,-0.000115145,-0.000119023,-0.000122175,-0.000124577,-0.000126219,-0.000127106,-0.000127251,-0.000126682,-0.000125434,-0.000123552,-0.000121091,-0.000118116,-0.000114703,-0.000110944,-0.000106946,-0.000102836,-9.87593e-05,-9.48749e-05,-9.13411e-05,-8.86044e-05,-8.86044e-05
2.90914e-05,2.90914e-05,2.89478e-05,2.88023e-05,2.86629e-05,2.85239e-05,2.83784e-05,2.82186e-05,2.80358e-05,2.782e-05,2.75604e-05,2.72448e-05,2.68596e-05,2.63896e-05,2.58178e-05,2.51256e-05,2.42919e-05,2.32938e-05,2.21065e-05,2.07027e-05,1.90539e-05,1.71299e-05,1.48998e-05,1.23326e-05,9.39816e-06,6.06821e-06,2.31793e-06,-1.87279e-06,-6.51761e-06,-1.16222e-05,-1.71825e-05,-2.31837e-05,-2.95983e-05,-3.63862e-05,-4.34939e-05,-5.08551e-05,-5.83917e-05,-6.60149e-05,-7.36282e-05,-8.11298e-05,-8.84152e-05,-9.53815e-05,-0.00010193,-0.000107969,-0.000113417,-0.000118205,-0.000122278,-0.000125596,-0.000128134,-0.000129879,-0.000130836,-0.000131021,-0.000130459,-0.00012919,-0.000127262,-0.000124734,-0.000121676,-0.000118174,-0.000114331,-0.000110268,-0.000106131,-0.000102087,-9.83168e-05,-9.50007e-05,-9.26174e-05,-9.26174e-05
3.00045e-05,3.00045e-05,2.97966e-05,2.95963e-05,2.9411e-05,2.92343e-05,2.90587e-05,2.88758e-05,2.86764e-05,2.84504e-05,2.81864e-05,2.78722e-05,2.74938e-05,2.70358e-05,2.6481e-05,2.58103e-05,2.50023e-05,2.40336e-05,2.28784e-05,2.15088e-05,1.98949e-05,1.80053e-05,1.58072e-05,1.32676e-05,1.03541e-05,7.03583e-06,3.28517e-06,-9.20928e-07,-5.59911e-06,-1.07579e-05,-1.63958e-05,-2.25e-05,-2.90446e-05,-3.59902e-05,-4.3283e-05,-5.08555e-05,-5.86269e-05,-6.65052e-05,-7.43895e-05,-8.21725e-05,-8.97442e-05,-9.69953e-05,-0.000103821,-0.000110123,-0.000115815,-0.000120824,-0.000125089,-0.000128568,-0.000131233,-0.00013307,-0.000134083,-0.000134288,-0.000133714,-0.000132399,-0.000130398,-0.000127772,-0.000124602,-0.000120981,-0.000117025,-0.000112873,-0.00010869,-0.000104666,-0.000101004,-9.79101e-05,-9.5896e-05,-9.5896e-05
3.08936e-05,3.08936e-05,3.06225e-05,3.03687e-05,3.0139e-05,2.99261e-05,2.97221e-05,2.95179e-05,2.9304e-05,2.90698e-05,2.8804e-05,2.8494e-05,2.81256e-05,2.76834e-05,2.715e-05,2.6506e-05,2.57299e-05,2.47978e-05,2.36834e-05,2.2358e-05,2.07907e-05,1.89489e-05,1.67981e-05,1.43036e-05,1.14306e-05,8.14561e-06,4.4182e-06,2.22212e-07,-4.46221e-06,-9.64676e-06,-1.5333e-05,-2.15107e-05,-2.81561e-05,-3.52309e-05,-4.26818e-05,-5.04403e-05,-5.84238e-05,-6.65371e-05,-7.46751e-05,-8.27251e-05,-9.05713e-05,-9.80977e-05,-0.000105192,-0.000111752,-0.000117682,-0.000122904,-0.000127354,-0.000130984,-0.000133763,-0.000135677,-0.000136727,-0.000136931,-0.000136317,-0.000134928,-0.000132821,-0.000130066,-0.000126749,-0.000122976,-0.000118877,-0.00011461,-0.000110361,-0.000106343,-0.000102788,-9.99217e-05,-9.82953e-05,-9.82953e-05
3.17477e-05,3.17477e-05,3.14153e-05,3.11101e-05,3.0838e-05,3.0591e-05,3.03604e-05,3.01369e-05,2.99104e-05,2.96704e-05,2.94051e-05,2.91017e-05,2.87464e-05,2.83235e-05,2.78155e-05,2.72032e-05,2.64649e-05,2.55763e-05,2.4511e-05,2.32397e-05,2.17307e-05,1.99503e-05,1.78628e-05,1.54315e-05,1.26196e-05,9.39118e-06,5.71278e-06,1.5551e-06,-3.10515e-06,-8.28315e-06,-1.39839e-05,-2.02004e-05,-2.69114e-05,-3.40807e-05,-4.16558e-05,-4.95682e-05,-5.77339e-05,-6.60551e-05,-7.44225e-05,-8.27184e-05,-9.08207e-05,-9.86068e-05,-0.000105958,-0.000112762,-0.000118919,-0.000124343,-0.000128965,-0.000132731,-0.000135608,-0.000137579,-0.000138643,-0.000138818,-0.000138134,-0.000136637,-0.000134389,-0.000131465,-0.000127964,-0.000124002,-0.000119728,-0.000115317,-0.000110981,-0.000106959,-0.000103508,-0.000100879,-9.9661e-05,-9.9661e-05
3.25557e-05,3.25557e-05,3.21652e-05,3.18113e-05,3.14993e-05,3.12204e-05,3.09655e-05,3.07247e-05,3.04878e-05,3.02438e-05,2.9981e-05,2.96868e-05,2.9347e-05,2.89464e-05,2.84676e-05,2.78913e-05,2.71959e-05,2.63575e-05,2.53491e-05,2.41413e-05,2.2702e-05,2.09965e-05,1.89881e-05,1.66387e-05,1.39094e-05,1.07619e-05,7.15993e-06,3.07104e-06,-1.53166e-06,-6.66713e-06,-1.23442e-05,-1.85595e-05,-2.52952e-05,-3.25176e-05,-4.01762e-05,-4.82029e-05,-5.65132e-05,-6.50072e-05,-7.3572e-05,-8.2085e-05,-9.04181e-05,-9.84415e-05,-0.000106028,-0.00011306,-0.000119427,-0.000125037,-0.000129813,-0.000133697,-0.00013665,-0.000138652,-0.000139702,-0.000139816,-0.000139026,-0.000137382,-0.00013495,-0.000131816,-0.000128087,-0.000123896,-0.00011941,-0.000114827,-0.000110382,-0.000106344,-0.000102996,-0.000100615,-9.98295e-05,-9.98295e-05
3.33069e-05,3.33069e-05,3.28622e-05,3.24631e-05,3.21143e-05,3.18064e-05,3.15294e-05,3.12735e-05,3.1028e-05,3.07818e-05,3.05234e-05,3.02401e-05,2.99181e-05,2.95422e-05,2.90955e-05,2.85589e-05,2.79111e-05,2.71283e-05,2.61839e-05,2.50484e-05,2.36894e-05,2.20719e-05,2.01582e-05,1.7909e-05,1.52839e-05,1.22423e-05,8.74545e-06,4.75758e-06,2.48243e-07,-4.8055e-06,-1.04167e-05,-1.6586e-05,-2.32997e-05,-3.05275e-05,-3.82214e-05,-4.63151e-05,-5.47242e-05,-6.33473e-05,-7.20689e-05,-8.07619e-05,-8.92922e-05,-9.75227e-05,-0.000105319,-0.000112552,-0.000119107,-0.00012488,-0.000129787,-0.000133764,-0.000136767,-0.000138771,-0.000139773,-0.000139788,-0.00013885,-0.000137013,-0.000134351,-0.000130957,-0.000126952,-0.000122488,-0.000117749,-0.00011296,-0.000108385,-0.000104319,-0.000101075,-9.89538e-05,-9.86272e-05,-9.86272e-05
3.3991e-05,3.3991e-05,3.3497e-05,3.3057e-05,3.2675e-05,3.23409e-05,3.20446e-05,3.17756e-05,3.15232e-05,3.12765e-05,3.10239e-05,3.0753e-05,3.04502e-05,3.01009e-05,2.96884e-05,2.91942e-05,2.85977e-05,2.78752e-05,2.70008e-05,2.59452e-05,2.46761e-05,2.31584e-05,2.13541e-05,1.92229e-05,1.67231e-05,1.38124e-05,1.04496e-05,6.59602e-06,2.21756e-06,-2.71274e-06,-8.21235e-06,-1.42866e-05,-2.09263e-05,-2.81054e-05,-3.57794e-05,-4.38847e-05,-5.2338e-05,-6.10377e-05,-6.98663e-05,-7.86928e-05,-8.73774e-05,-9.57762e-05,-0.000103746,-0.00011115,-0.000117861,-0.000123768,-0.000128778,-0.000132818,-0.000135837,-0.000137807,-0.000138721,-0.000138593,-0.00013746,-0.000135379,-0.000132431,-0.000128722,-0.000124388,-0.000119599,-0.000114563,-0.000109533,-0.000104801,-0.000100695,-9.75561e-05,-9.57092e-05,-9.58711e-05,-9.58711e-05
3.45985e-05,3.45985e-05,3.4061e-05,3.35851e-05,3.31739e-05,3.2817e-05,3.25039e-05,3.22239e-05,3.19663e-05,3.17203e-05,3.14745e-05,3.12168e-05,3.09342e-05,3.06123e-05,3.02354e-05,2.97855e-05,2.92425e-05,2.85839e-05,2.7784e-05,2.68145e-05,2.56435e-05,2.4236e-05,2.25542e-05,2.05573e-05,1.82029e-05,1.54473e-05,1.22471e-05,8.5611e-06,4.3518e-06,-4.11773e-07,-5.75165e-06,-1.16781e-05,-1.81871e-05,-2.52576e-05,-3.28497e-05,-4.09032e-05,-4.93375e-05,-5.80518e-05,-6.69275e-05,-7.58309e-05,-8.46172e-05,-9.31355e-05,-0.000101234,-0.000108767,-0.000115597,-0.000121602,-0.000126678,-0.000130745,-0.000133742,-0.000135635,-0.000136414,-0.000136093,-0.000134708,-0.000132324,-0.000129029,-0.000124942,-0.000120217,-0.000115046,-0.000109663,-0.00010435,-9.94338e-05,-9.52735e-05,-9.22413e-05,-9.06849e-05,-9.13684e-05,-9.13684e-05
3.51209e-05,3.51209e-05,3.45467e-05,3.40403e-05,3.36044e-05,3.32283e-05,3.2901e-05,3.26121e-05,3.23508e-05,3.21064e-05,3.18679e-05,3.16237e-05,3.13613e-05,3.10671e-05,3.07259e-05,3.03208e-05,2.98326e-05,2.92397e-05,2.85175e-05,2.76385e-05,2.65717e-05,2.5283e-05,2.37348e-05,2.18866e-05,1.96957e-05,1.71174e-05,1.41071e-05,1.06209e-05,6.6187e-06,2.06553e-06,-3.06513e-06,-8.78876e-06,-1.51068e-05,-2.20039e-05,-2.94457e-05,-3.73767e-05,-4.572e-05,-5.43773e-05,-6.32301e-05,-7.2143e-05,-8.09672e-05,-8.95457e-05,-9.77187e-05,-0.00010533,-0.000112231,-0.000118288,-0.000123387,-0.000127435,-0.000130365,-0.000132132,-0.000132724,-0.00013215,-0.000130451,-0.000127696,-0.000123983,-0.000119447,-0.000114261,-0.000108641,-0.000102852,-9.72102e-05,-9.20766e-05,-8.78461e-05,-8.49215e-05,-8.36736e-05,-8.49153e-05,-8.49153e-05
3.5551e-05,3.5551e-05,3.49475e-05,3.44167e-05,3.39611e-05,3.35694e-05,3.32309e-05,3.29349e-05,3.26709e-05,3.24287e-05,3.21976e-05,3.19665e-05,3.17237e-05,3.14563e-05,3.11502e-05,3.07892e-05,3.03556e-05,2.98286e-05,2.91852e-05,2.83991e-05,2.74405e-05,2.62765e-05,2.48705e-05,2.31827e-05,2.11705e-05,1.87893e-05,1.59933e-05,1.27372e-05,8.97824e-06,4.67815e-06,-1.93967e-07,-5.6587e-06,-1.17233e-05,-1.83787e-05,-2.55967e-05,-3.3328e-05,-4.15005e-05,-5.00197e-05,-5.87691e-05,-6.76129e-05,-7.63996e-05,-8.4967e-05,-9.31475e-05,-0.000100774,-0.000107689,-0.000113744,-0.000118813,-0.000122791,-0.000125598,-0.000127183,-0.000127526,-0.000126634,-0.000124549,-0.000121345,-0.000117134,-0.000112066,-0.000106336,-0.000100191,-9.39288e-05,-8.79027e-05,-8.25131e-05,-7.81925e-05,-7.53756e-05,-7.44553e-05,-7.62968e-05,-7.62968e-05
3.58831e-05,3.58831e-05,3.52586e-05,3.471e-05,3.42397e-05,3.38365e-05,3.34894e-05,3.31881e-05,3.29225e-05,3.26826e-05,3.24584e-05,3.22394e-05,3.20148e-05,3.17725e-05,3.14993e-05,3.11806e-05,3.07995e-05,3.03371e-05,2.97717e-05,2.90785e-05,2.82295e-05,2.71933e-05,2.59349e-05,2.44158e-05,2.25942e-05,2.0426e-05,1.78652e-05,1.48658e-05,1.13831e-05,7.37606e-06,2.80991e-06,-2.34083e-06,-8.08925e-06,-1.44328e-05,-2.13503e-05,-2.87993e-05,-3.67142e-05,-4.50057e-05,-5.35611e-05,-6.22459e-05,-7.09077e-05,-7.938e-05,-8.74885e-05,-9.50572e-05,-0.000101915,-0.000107903,-0.000112879,-0.000116724,-0.000119346,-0.000120684,-0.000120707,-0.000119421,-0.000116868,-0.000113129,-0.000108326,-0.000102631,-9.62634e-05,-8.95028e-05,-8.26864e-05,-7.62093e-05,-7.05159e-05,-6.60794e-05,-6.33677e-05,-6.27958e-05,-6.52845e-05,-6.52845e-05
3.61134e-05,3.61134e-05,3.54765e-05,3.49172e-05,3.44376e-05,3.40268e-05,3.36739e-05,3.3369e-05,3.31023e-05,3.28646e-05,3.26463e-05,3.24378e-05,3.22291e-05,3.20091e-05,3.17659e-05,3.14861e-05,3.11542e-05,3.0753e-05,3.02625e-05,2.96598e-05,2.89191e-05,2.80107e-05,2.69017e-05,2.55555e-05,2.39319e-05,2.19881e-05,1.96788e-05,1.69578e-05,1.37796e-05,1.0101e-05,5.88434e-06,1.09958e-06,-4.27185e-06,-1.0234e-05,-1.6773e-05,-2.38542e-05,-3.14197e-05,-3.93869e-05,-4.76486e-05,-5.60737e-05,-6.45106e-05,-7.27908e-05,-8.07342e-05,-8.81565e-05,-9.48751e-05,-0.000100717,-0.000105525,-0.000109165,-0.000111529,-0.000112544,-0.000112168,-0.000110403,-0.000107289,-0.000102914,-9.74136e-05,-9.09797e-05,-8.38635e-05,-7.63805e-05,-6.89123e-05,-6.19027e-05,-5.58452e-05,-5.12582e-05,-4.86455e-05,-4.84433e-05,-5.16345e-05,-5.16345e-05
3.624e-05,3.624e-05,3.55998e-05,3.50369e-05,3.45537e-05,3.41392e-05,3.37832e-05,3.34762e-05,3.32089e-05,3.29727e-05,3.27589e-05,3.25586e-05,3.23628e-05,3.21616e-05,3.19443e-05,3.16986e-05,3.1411e-05,3.10658e-05,3.0645e-05,3.0128e-05,2.94909e-05,2.87069e-05,2.77452e-05,2.65718e-05,2.51489e-05,2.34354e-05,2.13878e-05,1.89608e-05,1.61088e-05,1.27879e-05,8.95799e-06,4.58568e-06,-3.52604e-07,-5.86716e-06,-1.19515e-05,-1.85792e-05,-2.57009e-05,-3.32423e-05,-4.11033e-05,-4.91587e-05,-5.72595e-05,-6.52372e-05,-7.29085e-05,-8.00814e-05,-8.6563e-05,-9.21663e-05,-9.67185e-05,-0.000100068,-0.00010209,-0.000102695,-0.00010183,-9.94886e-05,-9.57086e-05,-9.05829e-05,-8.4262e-05,-7.69607e-05,-6.89637e-05,-6.06292e-05,-5.23899e-05,-4.47454e-05,-3.8246e-05,-3.34614e-05,-3.09349e-05,-3.11246e-05,-3.50841e-05,-3.50841e-05
3.6263e-05,3.6263e-05,3.56289e-05,3.50698e-05,3.45885e-05,3.41744e-05,3.38179e-05,3.351e-05,3.32423e-05,3.30067e-05,3.27955e-05,3.26006e-05,3.24141e-05,3.22272e-05,3.20304e-05,3.18131e-05,3.15633e-05,3.12672e-05,3.09088e-05,3.04698e-05,2.99291e-05,2.92623e-05,2.84418e-05,2.74364e-05,2.62111e-05,2.47279e-05,2.29455e-05,2.08206e-05,1.83088e-05,1.53664e-05,1.19523e-05,8.03073e-06,3.57416e-06,-1.43322e-06,-6.99195e-06,-1.30838e-05,-1.96684e-05,-2.6681e-05,-3.40303e-05,-4.15984e-05,-4.92421e-05,-5.67951e-05,-6.40729e-05,-7.08786e-05,-7.70096e-05,-8.22661e-05,-8.64589e-05,-8.9418e-05,-9.10001e-05,-9.10966e-05,-8.964e-05,-8.66115e-05,-8.20457e-05,-7.60388e-05,-6.87551e-05,-6.04348e-05,-5.13995e-05,-4.20566e-05,-3.28975e-05,-2.44877e-05,-1.74441e-05,-1.23966e-05,-9.93401e-06,-1.05378e-05,-1.53457e-05,-1.53457e-05
3.61849e-05,3.61849e-05,3.55662e-05,3.50183e-05,3.45444e-05,3.41347e-05,3.37801e-05,3.34725e-05,3.32041e-05,3.2968e-05,3.2757e-05,3.25643e-05,3.23828e-05,3.2205e-05,3.20227e-05,3.18268e-05,3.16069e-05,3.13512e-05,3.10459e-05,3.06751e-05,3.02204e-05,2.96604e-05,2.89707e-05,2.81235e-05,2.70874e-05,2.58277e-05,2.43065e-05,2.24836e-05,2.03168e-05,1.77638e-05,1.47841e-05,1.13408e-05,7.40379e-06,2.95298e-06,-2.01829e-06,-7.49947e-06,-1.34594e-05,-1.9843e-05,-2.65692e-05,-3.35295e-05,-4.05882e-05,-4.75843e-05,-5.4335e-05,-6.06405e-05,-6.62914e-05,-7.1076e-05,-7.47893e-05,-7.72423e-05,-7.82709e-05,-7.77454e-05,-7.55794e-05,-7.1739e-05,-6.62511e-05,-5.9213e-05,-5.08016e-05,-4.12831e-05,-3.10198e-05,-2.0475e-05,-1.02089e-05,-8.65172e-07,6.85922e-06,1.22612e-05,1.46968e-05,1.36571e-05,7.90016e-06,7.90016e-06
3.60103e-05,3.60103e-05,3.54164e-05,3.48868e-05,3.44257e-05,3.4024e-05,3.36736e-05,3.33671e-05,3.30978e-05,3.28595e-05,3.26462e-05,3.24519e-05,3.22707e-05,3.20962e-05,3.19216e-05,3.17391e-05,3.15401e-05,3.13148e-05,3.10515e-05,3.07368e-05,3.0355e-05,2.98881e-05,2.93149e-05,2.86114e-05,2.77502e-05,2.67008e-05,2.54292e-05,2.38991e-05,2.20718e-05,1.99081e-05,1.73689e-05,1.44183e-05,1.1025e-05,7.16637e-06,2.831e-06,-1.97715e-06,-7.23528e-06,-1.28982e-05,-1.88954e-05,-2.5129e-05,-3.14732e-05,-3.77745e-05,-4.38547e-05,-4.95146e-05,-5.45404e-05,-5.87109e-05,-6.18067e-05,-6.36198e-05,-6.39639e-05,-6.26858e-05,-5.96762e-05,-5.48815e-05,-4.83164e-05,-4.00747e-05,-3.03433e-05,-1.94138e-05,-7.69241e-06,4.29478e-06,1.59067e-05,2.64058e-05,3.49959e-05,4.08818e-05,4.33492e-05,4.18532e-05,3.50172e-05,3.50172e-05
3.57463e-05,3.57463e-05,3.51859e-05,3.46816e-05,3.42383e-05,3.38481e-05,3.35038e-05,3.31991e-05,3.29282e-05,3.2686e-05,3.24674e-05,3.22676e-05,3.20815e-05,3.1904e-05,3.17296e-05,3.15519e-05,3.1364e-05,3.11578e-05,3.09239e-05,3.06514e-05,3.03273e-05,2.99367e-05,2.94622e-05,2.88836e-05,2.81778e-05,2.73187e-05,2.62772e-05,2.50217e-05,2.35181e-05,2.1731e-05,1.96251e-05,1.71664e-05,1.43248e-05,1.10767e-05,7.40807e-06,3.31796e-06,-1.17781e-06,-6.04294e-06,-1.12173e-05,-1.66143e-05,-2.21191e-05,-2.75881e-05,-3.28504e-05,-3.77106e-05,-4.19538e-05,-4.53526e-05,-4.76752e-05,-4.86956e-05,-4.82052e-05,-4.60247e-05,-4.20183e-05,-3.61076e-05,-2.82878e-05,-1.8644e-05,-7.36758e-06,5.22679e-06,1.86875e-05,3.24187e-05,4.56847e-05,5.76332e-05,6.73425e-05,7.38973e-05,7.64878e-05,7.45183e-05,6.64302e-05,6.64302e-05
3.54021e-05,3.54021e-05,3.48836e-05,3.44108e-05,3.399e-05,3.36143e-05,3.32777e-05,3.29751e-05,3.27019e-05,3.24537e-05,3.22267e-05,3.2017e-05,3.18206e-05,3.16336e-05,3.14515e-05,3.12696e-05,3.10822e-05,3.08831e-05,3.0665e-05,3.04192e-05,3.01357e-05,2.98025e-05,2.94057e-05,2.89292e-05,2.83544e-05,2.766e-05,2.6822e-05,2.5814e-05,2.46076e-05,2.31724e-05,2.14779e-05,1.94941e-05,1.71939e-05,1.45549e-05,1.15625e-05,8.21336e-06,4.51828e-06,5.06449e-07,-3.77119e-06,-8.23869e-06,-1.27926e-05,-1.73006e-05,-2.16014e-05,-2.55063e-05,-2.8803e-05,-3.12611e-05,-3.26396e-05,-3.26968e-05,-3.12021e-05,-2.79491e-05,-2.27715e-05,-1.55603e-05,-6.28367e-06,4.99106e-06,1.80758e-05,3.26387e-05,4.81843e-05,6.40407e-05,7.93622e-05,9.31553e-05,0.000104336,0.000111827,0.000114682,0.000112228,0.00010265,0.00010265
3.49891e-05,3.49891e-05,3.45199e-05,3.40844e-05,3.369e-05,3.33314e-05,3.30038e-05,3.27033e-05,3.24264e-05,3.21701e-05,3.19313e-05,3.17073e-05,3.14951e-05,3.12918e-05,3.10941e-05,3.08985e-05,3.07008e-05,3.04964e-05,3.02798e-05,3.00445e-05,2.97831e-05,2.94865e-05,2.91443e-05,2.87443e-05,2.82722e-05,2.77116e-05,2.7044e-05,2.62487e-05,2.53031e-05,2.41833e-05,2.28643e-05,2.13219e-05,1.95335e-05,1.74804e-05,1.51498e-05,1.25384e-05,9.65486e-06,6.52372e-06,3.18898e-06,-2.82483e-07,-3.79783e-06,-7.23597e-06,-1.04464e-05,-1.32494e-05,-1.54383e-05,-1.67833e-05,-1.7038e-05,-1.5948e-05,-1.3262e-05,-8.74644e-06,-2.20146e-06,6.51838e-06,1.74808e-05,3.06491e-05,4.58499e-05,6.27449e-05,8.08006e-05,9.92666e-05,0.000117171,0.000133346,0.000146496,0.000155315,0.000158656,0.000155718,0.000144312,0.000144312
3.45209e-05,3.45209e-05,3.41074e-05,3.37139e-05,3.33492e-05,3.30095e-05,3.26915e-05,3.23927e-05,3.21108e-05,3.18437e-05,3.15897e-05,3.13468e-05,3.11133e-05,3.0887e-05,3.06658e-05,3.04472e-05,3.02284e-05,3.00061e-05,2.97765e-05,2.95351e-05,2.92768e-05,2.89951e-05,2.86829e-05,2.83316e-05,2.7931e-05,2.74697e-05,2.69343e-05,2.63102e-05,2.55809e-05,2.47292e-05,2.37369e-05,2.25865e-05,2.12616e-05,1.9749e-05,1.80404e-05,1.6135e-05,1.40425e-05,1.17857e-05,9.40485e-06,6.96047e-06,4.53699e-06,2.24557e-06,2.26219e-07,-1.35121e-06,-2.28755e-06,-2.35672e-06,-1.31023e-06,1.11561e-06,5.1897e-06,1.11727e-05,1.92999e-05,2.97592e-05,4.26645e-05,5.80231e-05,7.56958e-05,9.5355e-05,0.000116443,0.000138136,0.00015932,0.000178616,0.000194445,0.000205178,0.000209356,0.00020596,0.000192233,0.000192233
3.40128e-05,3.40128e-05,3.36603e-05,3.33123e-05,3.29795e-05,3.26598e-05,3.23515e-05,3.20534e-05,3.17645e-05,3.1484e-05,3.12111e-05,3.09449e-05,3.06845e-05,3.04287e-05,3.01763e-05,2.99258e-05,2.96753e-05,2.94229e-05,2.91661e-05,2.89023e-05,2.8628e-05,2.83394e-05,2.80321e-05,2.77007e-05,2.7339e-05,2.69399e-05,2.64952e-05,2.59959e-05,2.54318e-05,2.47925e-05,2.40672e-05,2.32456e-05,2.23188e-05,2.12806e-05,2.01292e-05,1.88692e-05,1.75137e-05,1.60878e-05,1.46312e-05,1.32017e-05,1.18787e-05,1.07663e-05,9.99588e-06,9.72853e-06,1.01555e-05,1.14976e-05,1.4003e-05,1.79413e-05,2.35967e-05,3.12551e-05,4.11886e-05,5.36331e-05,6.87593e-05,8.66355e-05,0.000107182,0.000130112,0.000154868,0.000180568,0.000205956,0.000229397,0.000248938,0.000262482,0.000268074,0.000264301,0.000247498,0.000247498
3.34823e-05,3.34823e-05,3.31943e-05,3.2894e-05,3.25942e-05,3.22945e-05,3.1995e-05,3.1696e-05,3.13979e-05,3.1101e-05,3.08055e-05,3.05115e-05,3.02189e-05,2.99274e-05,2.96365e-05,2.93454e-05,2.90535e-05,2.87594e-05,2.84621e-05,2.816e-05,2.78516e-05,2.75349e-05,2.72078e-05,2.68677e-05,2.6512e-05,2.61372e-05,2.574e-05,2.53164e-05,2.48624e-05,2.43741e-05,2.38477e-05,2.32809e-05,2.26727e-05,2.2025e-05,2.1344e-05,2.06414e-05,1.9937e-05,1.92607e-05,1.86556e-05,1.81808e-05,1.79146e-05,1.79581e-05,1.84379e-05,1.95089e-05,2.13562e-05,2.4196e-05,2.82751e-05,3.38678e-05,4.1271e-05,5.07947e-05,6.27485e-05,7.74212e-05,9.50523e-05,0.000115792,0.000139647,0.000166417,0.000195593,0.000226275,0.000257082,0.000286093,0.00031087,0.00032863,0.000336617,0.000332686,0.000311603,0.000311603
3.29483e-05,3.29483e-05,3.27264e-05,3.24742e-05,3.22069e-05,3.19261e-05,3.16338e-05,3.13316e-05,3.10214e-05,3.07047e-05,3.03828e-05,3.00565e-05,2.97267e-05,2.93937e-05,2.90576e-05,2.87185e-05,2.8376e-05,2.80298e-05,2.76796e-05,2.7325e-05,2.69654e-05,2.66007e-05,2.62304e-05,2.58544e-05,2.54726e-05,2.50851e-05,2.46923e-05,2.4295e-05,2.38944e-05,2.34926e-05,2.30927e-05,2.26998e-05,2.23209e-05,2.19664e-05,2.16512e-05,2.13956e-05,2.12278e-05,2.11852e-05,2.13175e-05,2.16886e-05,2.23805e-05,2.34954e-05,2.51598e-05,2.75268e-05,3.0779e-05,3.5131e-05,4.08297e-05,4.81545e-05,5.74145e-05,6.89435e-05,8.30896e-05,0.000100199,0.000120592,0.000144524,0.000172127,0.000203335,0.000237776,0.000274613,0.000312405,0.000348955,0.000381233,0.000405475,0.000417603,0.000414078,0.000386703,0.000386703
3.24314e-05,3.24314e-05,3.22748e-05,3.20692e-05,3.18322e-05,3.15678e-05,3.12797e-05,3.09712e-05,3.06455e-05,3.03054e-05,2.9953e-05,2.95902e-05,2.92185e-05,2.88387e-05,2.84515e-05,2.80574e-05,2.76565e-05,2.72491e-05,2.68352e-05,2.64152e-05,2.59895e-05,2.55587e-05,2.5124e-05,2.46869e-05,2.42493e-05,2.38141e-05,2.33848e-05,2.29658e-05,2.2563e-05,2.21837e-05,2.18369e-05,2.15343e-05,2.12906e-05,2.11244e-05,2.1059e-05,2.11241e-05,2.1357e-05,2.18044e-05,2.25245e-05,2.35895e-05,2.50882e-05,2.71288e-05,2.98419e-05,3.33841e-05,3.79407e-05,4.37285e-05,5.09988e-05,6.00386e-05,7.11716e-05,8.4756e-05,0.00010118,0.000120854,0.000144188,0.000171566,0.000203291,0.000239506,0.000280067,0.000324371,0.000371073,0.000417818,0.000460947,0.000495376,0.000514897,0.000513278,0.000476161,0.000476161
3.19535e-05,3.19535e-05,3.18584e-05,3.16952e-05,3.14846e-05,3.12325e-05,3.09445e-05,3.06256e-05,3.02803e-05,2.99126e-05,2.95257e-05,2.91222e-05,2.87041e-05,2.82729e-05,2.78296e-05,2.73748e-05,2.6909e-05,2.64327e-05,2.59461e-05,2.545e-05,2.49451e-05,2.44329e-05,2.39152e-05,2.33947e-05,2.28749e-05,2.23603e-05,2.18569e-05,2.1372e-05,2.0915e-05,2.04971e-05,2.01325e-05,1.98386e-05,1.96363e-05,1.95516e-05,1.96159e-05,1.98674e-05,2.03527e-05,2.11281e-05,2.22616e-05,2.38352e-05,2.59469e-05,2.8714e-05,3.22756e-05,3.6796e-05,4.24677e-05,4.95155e-05,5.81996e-05,6.88192e-05,8.17156e-05,9.72748e-05,0.000115929,0.000138153,0.00016446,0.000195382,0.000231437,0.000273057,0.000320477,0.000373517,0.000431276,0.000491586,0.000550387,0.00060107,0.000634213,0.000638513,0.000586081,0.000586081
3.15374e-05,3.15374e-05,3.14962e-05,3.13688e-05,3.11784e-05,3.09329e-05,3.06396e-05,3.03051e-05,2.99354e-05,2.95355e-05,2.91098e-05,2.86614e-05,2.81931e-05,2.77065e-05,2.72028e-05,2.66829e-05,2.61471e-05,2.55959e-05,2.50295e-05,2.44487e-05,2.38543e-05,2.3248e-05,2.26319e-05,2.20092e-05,2.13844e-05,2.07631e-05,2.01527e-05,1.95626e-05,1.90045e-05,1.84928e-05,1.80453e-05,1.76836e-05,1.74342e-05,1.73286e-05,1.74051e-05,1.77094e-05,1.82964e-05,1.92312e-05,2.05915e-05,2.24691e-05,2.49726e-05,2.82295e-05,3.23897e-05,3.76281e-05,4.41483e-05,5.21867e-05,6.20168e-05,7.3954e-05,8.83613e-05,0.000105655,0.000126313,0.00015088,0.000179973,0.000214287,0.000254585,0.000301666,0.00035629,0.000419002,0.00048978,0.000567402,0.000648309,0.000724875,0.000783609,0.000804384,0.000729966,0.000729966
3.12055e-05,3.12055e-05,3.12064e-05,3.11056e-05,3.09274e-05,3.06813e-05,3.03758e-05,3.00194e-05,2.96194e-05,2.91823e-05,2.87132e-05,2.82161e-05,2.76939e-05,2.71487e-05,2.65816e-05,2.59932e-05,2.53838e-05,2.47534e-05,2.41022e-05,2.34304e-05,2.27387e-05,2.20285e-05,2.13018e-05,2.05621e-05,1.98138e-05,1.90631e-05,1.83181e-05,1.75893e-05,1.68899e-05,1.62362e-05,1.56485e-05,1.51513e-05,1.47748e-05,1.45548e-05,1.45349e-05,1.47665e-05,1.53111e-05,1.62414e-05,1.76433e-05,1.96174e-05,2.22819e-05,2.57747e-05,3.02562e-05,3.59128e-05,4.29605e-05,5.1649e-05,6.22668e-05,7.51474e-05,9.06767e-05,0.000109303,0.000131546,0.000158019,0.000189441,0.000226664,0.000270705,0.000322765,0.000384243,0.000456678,0.000541542,0.00063965,0.000749813,0.00086614,0.000972516,0.00103624,0.000942001,0.000942001
3.09771e-05,3.09771e-05,3.10047e-05,3.09197e-05,3.07446e-05,3.0489e-05,3.01631e-05,2.97771e-05,2.93401e-05,2.886e-05,2.83428e-05,2.77931e-05,2.72141e-05,2.66078e-05,2.5975e-05,2.53162e-05,2.46311e-05,2.39192e-05,2.318e-05,2.24132e-05,2.16189e-05,2.0798e-05,1.9952e-05,1.90838e-05,1.81977e-05,1.72997e-05,1.63981e-05,1.55034e-05,1.46295e-05,1.37936e-05,1.30172e-05,1.23267e-05,1.17541e-05,1.13384e-05,1.11262e-05,1.11731e-05,1.15453e-05,1.2321e-05,1.35919e-05,1.5466e-05,1.80689e-05,2.15468e-05,2.60695e-05,3.18333e-05,3.90649e-05,4.8026e-05,5.90189e-05,7.23931e-05,8.85544e-05,0.000107977,0.000131219,0.000158945,0.00019196,0.000231249,0.00027805,0.000333937,0.000400948,0.000481735,0.0005797,0.000698953,0.000843609,0.00101506,0.00120462,0.00137236,0.00130807,0.00130807
3.08612e-05,3.08612e-05,3.09017e-05,3.08238e-05,3.06425e-05,3.03671e-05,3.00106e-05,2.95856e-05,2.91038e-05,2.85742e-05,2.8004e-05,2.73981e-05,2.67597e-05,2.60906e-05,2.53913e-05,2.46613e-05,2.38999e-05,2.31057e-05,2.22773e-05,2.14137e-05,2.0514e-05,1.95782e-05,1.8607e-05,1.76026e-05,1.65683e-05,1.55097e-05,1.44343e-05,1.33525e-05,1.22776e-05,1.1227e-05,1.02223e-05,9.29046e-06,8.46442e-06,7.7843e-06,7.29841e-06,7.06461e-06,7.15174e-06,7.6412e-06,8.62882e-06,1.02268e-05,1.25659e-05,1.57982e-05,2.00995e-05,2.56732e-05,3.27533e-05,4.16098e-05,5.25538e-05,6.5945e-05,8.22012e-05,0.000101812,0.000125355,0.000153526,0.000187177,0.000227374,0.000275492,0.000333362,0.000403497,0.000489475,0.00059653,0.000732476,0.000908998,0.00114283,0.00145382,0.00184513,0.00201675,0.00201675
3.0834e-05,3.0834e-05,3.08966e-05,3.08246e-05,3.06275e-05,3.03198e-05,2.99197e-05,2.94445e-05,2.89085e-05,2.83225e-05,2.76942e-05,2.70288e-05,2.63293e-05,2.55967e-05,2.48308e-05,2.40305e-05,2.31937e-05,2.23182e-05,2.14015e-05,2.04412e-05,1.94355e-05,1.83831e-05,1.72836e-05,1.61379e-05,1.49484e-05,1.37192e-05,1.2457e-05,1.1171e-05,9.87371e-06,8.58152e-06,7.31539e-06,6.10165e-06,4.97292e-06,3.96917e-06,3.13886e-06,2.54033e-06,2.24322e-06,2.33013e-06,2.89845e-06,4.06239e-06,5.95514e-06,8.73141e-06,1.25701e-05,1.76777e-05,2.42916e-05,3.26846e-05,4.31706e-05,5.61115e-05,7.1926e-05,9.11035e-05,0.000114221,0.000141973,0.00017521,0.000215002,0.000262746,0.000320334,0.000390449,0.000477079,0.000586467,0.000728867,0.00092189,0.00119697,0.00161256,0.00228513,0.0034329,0.0034329
3.0834e-05,3.0834e-05,3.08966e-05,3.08246e-05,3.06275e-05,3.03198e-05,2.99197e-05,2.94445e-05,2.89085e-05,2.83225e-05,2.76942e-05,2.70288e-05,2.63293e-05,2.55967e-05,2.48308e-05,2.40305e-05,2.31937e-05,2.23182e-05,2.14015e-05,2.04412e-05,1.94355e-05,1.83831e-05,1.72836e-05,1.61379e-05,1.49484e-05,1.37192e-05,1.2457e-05,1.1171e-05,9.87371e-06,8.58152e-06,7.31539e-06,6.10165e-06,4.97292e-06,3.96917e-06,3.13886e-06,2.54033e-06,2.24322e-06,2.33013e-06,2.89845e-06,4.06239e-06,5.95514e-06,8.73141e-06,1.25701e-05,1.76777e-05,2.42916e-05,3.26846e-05,4.31706e-05,5.61115e-05,7.1926e-05,9.11035e-05,0.000114221,0.000141973,0.00017521,0.000215002,0.000262746,0.000320334,0.000390449,0.000477079,0.000586467,0.000728867,0.00092189,0.00119697,0.00161256,0.00228513,0.0034329,0
