2.12241e-05,2.12241e-05,2.13101e-05,2.15084e-05,2.18088e-05,2.21804e-05,2.25929e-05,2.30199e-05,2.34391e-05,2.38318e-05,2.41817e-05,2.44742e-05,2.46965e-05,2.48367e-05,2.48835e-05,2.48266e-05,2.46557e-05,2.43615e-05,2.39348e-05,2.33669e-05,2.26495e-05,2.17751e-05,2.07365e-05,1.95273e-05,1.81419e-05,1.65755e-05,1.4824e-05,1.28847e-05,1.07556e-05,8.43581e-06,5.9257e-06,3.22656e-06,3.40788e-07,-2.72831e-06,-5.97657e-06,-9.39921e-06,-1.2991e-05,-1.67466e-05,-2.06608e-05,-2.47295e-05,-2.89494e-05,-3.33196e-05,-3.78421e-05,-4.25232e-05,-4.7375e-05,-5.24176e-05,-5.76824e-05,-6.32155e-05,-6.9084e-05,-7.53843e-05,-8.22538e-05,-8.98886e-05,-9.85707e-05,-0.000108709,-0.000120907,-0.000136071,-0.000155607,-0.000181779,-0.000218429,-0.000272515,-0.000357629,-0.000502242,-0.000767975,-0.00127765,-0.00222046,-0
2.12241e-05,2.12241e-05,2.13101e-05,2.15084e-05,2.18088e-05,2.21804e-05,2.25929e-05,2.30199e-05,2.34391e-05,2.38318e-05,2.41817e-05,2.44742e-05,2.46965e-05,2.48367e-05,2.48835e-05,2.48266e-05,2.46557e-05,2.43615e-05,2.39348e-05,2.33669e-05,2.26495e-05,2.17751e-05,2.07365e-05,1.95273e-05,1.81419e-05,1.65755e-05,1.4824e-05,1.28847e-05,1.07556e-05,8.43581e-06,5.9257e-06,3.22656e-06,3.40788e-07,-2.72831e-06,-5.97657e-06,-9.39921e-06,-1.2991e-05,-1.67466e-05,-2.06608e-05,-2.47295e-05,-2.89494e-05,-3.33196e-05,-3.78421e-05,-4.25232e-05,-4.7375e-05,-5.24176e-05,-5.76824e-05,-6.32155e-05,-6.9084e-05,-7.53843e-05,-8.22538e-05,-8.98886e-05,-9.85707e-05,-0.000108709,-0.000120907,-0.000136071,-0.000155607,-0.000181779,-0.000218429,-0.000272515,-0.000357629,-0.000502242,-0.000767975,-0.00127765,-0.00222046,-0.00222046
2.12136e-05,2.12136e-05,2.12813e-05,2.14482e-05,2.16984e-05,2.20066e-05,2.23485e-05,2.2702e-05,2.30472e-05,2.33668e-05,2.36452e-05,2.38683e-05,2.40234e-05,2.40987e-05,2.40831e-05,2.39662e-05,2.37379e-05,2.33889e-05,2.29101e-05,2.22929e-05,2.15295e-05,2.06121e-05,1.95341e-05,1.82891e-05,1.68717e-05,1.52771e-05,1.35017e-05,1.15425e-05,9.39763e-06,7.06617e-06,4.54819e-06,1.84473e-06,-1.04231e-06,-4.11022e-06,-7.35566e-06,-1.07749e-05,-1.43639e-05,-1.8119e-05,-2.2037e-05,-2.6116e-05,-3.03556e-05,-3.47583e-05,-3.93304e-05,-4.40832e-05,-4.90349e-05,-5.42133e-05,-5.96589e-05,-6.54294e-05,-7.16064e-05,-7.83038e-05,-8.56811e-05,-9.39624e-05,-0.000103464,-0.000114637,-0.000128134,-0.000144916,-0.000166425,-0.000194883,-0.000233796,-0.000288799,-0.000368893,-0.000487353,-0.000657585,-0.000864919,-0.00104309,-0.00104309
2.105e-05,2.105e-05,2.11346e-05,2.12955e-05,2.15206e-05,2.17898e-05,2.20834e-05,2.2383e-05,2.26716e-05,2.29334e-05,2.3154e-05,2.33203e-05,2.34198e-05,2.34411e-05,2.33733e-05,2.32061e-05,2.29296e-05,2.25346e-05,2.20121e-05,2.13537e-05,2.05515e-05,1.95982e-05,1.84869e-05,1.72116e-05,1.5767e-05,1.41484e-05,1.23522e-05,1.03755e-05,8.21634e-06,5.87377e-06,3.34771e-06,6.38951e-07,-2.25093e-06,-5.31967e-06,-8.56452e-06,-1.19825e-05,-1.55705e-05,-1.93259e-05,-2.3247e-05,-2.73333e-05,-3.15865e-05,-3.60113e-05,-4.06167e-05,-4.54169e-05,-5.04339e-05,-5.56994e-05,-6.12584e-05,-6.71736e-05,-7.35314e-05,-8.04505e-05,-8.80935e-05,-9.66843e-05,-0.000106531,-0.000118064,-0.000131881,-0.000148828,-0.000170101,-0.000197388,-0.000233032,-0.000280084,-0.000341834,-0.000419458,-0.00050427,-0.00055905,-0.000556032,-0.000556032
2.07754e-05,2.07754e-05,2.09024e-05,2.10785e-05,2.12988e-05,2.15483e-05,2.18117e-05,2.20741e-05,2.2321e-05,2.25386e-05,2.27138e-05,2.28345e-05,2.28888e-05,2.28658e-05,2.27548e-05,2.25458e-05,2.22291e-05,2.17954e-05,2.12362e-05,2.05429e-05,1.97078e-05,1.87237e-05,1.75838e-05,1.62821e-05,1.48134e-05,1.31731e-05,1.13576e-05,9.36392e-06,7.19027e-06,4.83558e-06,2.29967e-06,-4.16785e-07,-3.3124e-06,-6.38517e-06,-9.63267e-06,-1.30523e-05,-1.66415e-05,-2.03983e-05,-2.43216e-05,-2.84117e-05,-3.26714e-05,-3.71063e-05,-4.17263e-05,-4.65468e-05,-5.15905e-05,-5.68898e-05,-6.24894e-05,-6.84506e-05,-7.48563e-05,-8.18182e-05,-8.9486e-05,-9.80604e-05,-0.000107811,-0.000119097,-0.0001324,-0.000148357,-0.000167791,-0.000191718,-0.000221257,-0.00025727,-0.000299348,-0.000343364,-0.00037667,-0.00037053,-0.000329047,-0.000329047
2.04289e-05,2.04289e-05,2.06116e-05,2.08175e-05,2.10478e-05,2.12924e-05,2.15399e-05,2.17786e-05,2.19965e-05,2.21815e-05,2.23222e-05,2.24071e-05,2.24253e-05,2.23664e-05,2.22201e-05,2.19766e-05,2.16264e-05,2.11605e-05,2.05703e-05,1.98474e-05,1.89841e-05,1.79732e-05,1.68081e-05,1.54827e-05,1.3992e-05,1.23312e-05,1.04969e-05,8.48609e-06,6.29698e-06,3.92852e-06,1.38052e-06,-1.34635e-06,-4.25072e-06,-7.33064e-06,-1.05837e-05,-1.40074e-05,-1.75992e-05,-2.13572e-05,-2.52803e-05,-2.93689e-05,-3.36255e-05,-3.80555e-05,-4.26683e-05,-4.74782e-05,-5.25065e-05,-5.77825e-05,-6.33469e-05,-6.92542e-05,-7.5577e-05,-8.24109e-05,-8.98813e-05,-9.81512e-05,-0.000107431,-0.000117991,-0.000130167,-0.000144366,-0.000161044,-0.000180628,-0.000203319,-0.000228637,-0.000254504,-0.000275661,-0.000281623,-0.000255617,-0.000209721,-0.000209721
2.00453e-05,2.00453e-05,2.02883e-05,2.05319e-05,2.0782e-05,2.10323e-05,2.12749e-05,2.15007e-05,2.16997e-05,2.18619e-05,2.19769e-05,2.20344e-05,2.20243e-05,2.19367e-05,2.17617e-05,2.14898e-05,2.11117e-05,2.06186e-05,2.00019e-05,1.92534e-05,1.83653e-05,1.73306e-05,1.61425e-05,1.47951e-05,1.32832e-05,1.16022e-05,9.7486e-06,7.71955e-06,5.5132e-06,3.1286e-06,5.65678e-07,-2.1748e-06,-5.09129e-06,-8.18164e-06,-1.14432e-05,-1.48731e-05,-1.84686e-05,-2.2227e-05,-2.61468e-05,-3.02275e-05,-3.44705e-05,-3.88797e-05,-4.34625e-05,-4.82305e-05,-5.3201e-05,-5.83982e-05,-6.38551e-05,-6.96158e-05,-7.57377e-05,-8.22951e-05,-8.93827e-05,-9.71193e-05,-0.000105651,-0.000115154,-0.000125827,-0.000137873,-0.000151452,-0.000166575,-0.000182891,-0.000199303,-0.000213346,-0.000220402,-0.000213081,-0.000182581,-0.000140762,-0.000140762
1.96525e-05,1.96525e-05,1.99549e-05,2.02394e-05,2.05149e-05,2.07781e-05,2.10235e-05,2.12443e-05,2.14325e-05,2.15795e-05,2.16761e-05,2.17131e-05,2.1681e-05,2.15705e-05,2.13721e-05,2.10766e-05,2.0675e-05,2.01586e-05,1.95188e-05,1.87475e-05,1.7837e-05,1.67801e-05,1.55702e-05,1.42012e-05,1.2668e-05,1.09661e-05,9.09177e-06,7.04241e-06,4.81621e-06,2.41236e-06,-1.69005e-07,-2.92685e-06,-5.8593e-06,-8.96376e-06,-1.2237e-05,-1.56756e-05,-1.92758e-05,-2.30341e-05,-2.69475e-05,-3.1014e-05,-3.52331e-05,-3.96062e-05,-4.41373e-05,-4.88339e-05,-5.37079e-05,-5.87762e-05,-6.40622e-05,-6.9597e-05,-7.54207e-05,-8.15841e-05,-8.81496e-05,-9.51921e-05,-0.000102797,-0.000111057,-0.000120057,-0.000129844,-0.000140376,-0.000151415,-0.000162351,-0.000171928,-0.000177891,-0.000176673,-0.000163546,-0.000134013,-9.78725e-05,-9.78725e-05
1.9272e-05,1.9272e-05,1.96298e-05,1.9955e-05,2.02583e-05,2.05384e-05,2.07919e-05,2.10135e-05,2.11968e-05,2.13343e-05,2.14182e-05,2.14399e-05,2.13908e-05,2.12619e-05,2.10442e-05,2.07289e-05,2.0307e-05,1.977e-05,1.91094e-05,1.83171e-05,1.73853e-05,1.63069e-05,1.50753e-05,1.36843e-05,1.21287e-05,1.04041e-05,8.50677e-06,6.43421e-06,4.18475e-06,1.75779e-06,-8.46223e-07,-3.62585e-06,-6.57869e-06,-9.70148e-06,-1.29902e-05,-1.64403e-05,-2.00469e-05,-2.3805e-05,-2.77097e-05,-3.17569e-05,-3.59432e-05,-4.02667e-05,-4.47274e-05,-4.93274e-05,-5.4072e-05,-5.89699e-05,-6.40337e-05,-6.92807e-05,-7.47335e-05,-8.04195e-05,-8.63712e-05,-9.26242e-05,-9.92131e-05,-0.000106164,-0.000113476,-0.000121094,-0.000128856,-0.000136405,-0.00014306,-0.000147647,-0.000148321,-0.000142501,-0.000127289,-0.000100444,-6.96338e-05,-6.96338e-05
1.89201e-05,1.89201e-05,1.93276e-05,1.9691e-05,2.00222e-05,2.03211e-05,2.05856e-05,2.08116e-05,2.0994e-05,2.11264e-05,2.12016e-05,2.12121e-05,2.11495e-05,2.10056e-05,2.07717e-05,2.0439e-05,1.99991e-05,1.94432e-05,1.8763e-05,1.79505e-05,1.69978e-05,1.58977e-05,1.46435e-05,1.32291e-05,1.16492e-05,9.8993e-06,7.97591e-06,5.87649e-06,3.59961e-06,1.14497e-06,-1.48658e-06,-4.29308e-06,-7.2714e-06,-1.04174e-05,-1.3726e-05,-1.71914e-05,-2.0807e-05,-2.45658e-05,-2.84609e-05,-3.24851e-05,-3.6632e-05,-4.08956e-05,-4.5271e-05,-4.97547e-05,-5.43447e-05,-5.90409e-05,-6.38451e-05,-6.87614e-05,-7.37954e-05,-7.8954e-05,-8.42437e-05,-8.96683e-05,-9.52229e-05,-0.000100886,-0.000106601,-0.000112253,-0.000117622,-0.000122319,-0.000125699,-0.000126761,-0.000124075,-0.000115868,-0.000100376,-7.65359e-05,-5.02407e-05,-5.02407e-05
1.86089e-05,1.86089e-05,1.90595e-05,1.94573e-05,1.98147e-05,2.01325e-05,2.04091e-05,2.06417e-05,2.08256e-05,2.09555e-05,2.1025e-05,2.10268e-05,2.09534e-05,2.07967e-05,2.05485e-05,2.02002e-05,1.97434e-05,1.91696e-05,1.84703e-05,1.76375e-05,1.66634e-05,1.55406e-05,1.42622e-05,1.28223e-05,1.12154e-05,9.43699e-06,7.48368e-06,5.35307e-06,3.04396e-06,5.56402e-07,-2.10826e-06,-4.94737e-06,-7.95697e-06,-1.11319e-05,-1.44656e-05,-1.79508e-05,-2.1579e-05,-2.53411e-05,-2.92271e-05,-3.32271e-05,-3.73307e-05,-4.15277e-05,-4.5808e-05,-5.01619e-05,-5.45802e-05,-5.90543e-05,-6.35757e-05,-6.81362e-05,-7.27269e-05,-7.73374e-05,-8.19537e-05,-8.65553e-05,-9.11101e-05,-9.55655e-05,-9.98344e-05,-0.000103773,-0.000107147,-0.000109586,-0.000110527,-0.000109162,-0.000104424,-9.51173e-05,-8.0182e-05,-5.9154e-05,-3.65502e-05,-3.65502e-05
1.83469e-05,1.83469e-05,1.88338e-05,1.92614e-05,1.96424e-05,1.99777e-05,2.02664e-05,2.0506e-05,2.06928e-05,2.08217e-05,2.08869e-05,2.08817e-05,2.07989e-05,2.06309e-05,2.03695e-05,2.00065e-05,1.95333e-05,1.89416e-05,1.8223e-05,1.73692e-05,1.63725e-05,1.52253e-05,1.39207e-05,1.24525e-05,1.08153e-05,9.00456e-06,7.01695e-06,4.85022e-06,2.50347e-06,-2.28491e-08,-2.7268e-06,-5.60494e-06,-8.65235e-06,-1.18626e-05,-1.52277e-05,-1.87384e-05,-2.23841e-05,-2.61533e-05,-3.0033e-05,-3.40098e-05,-3.80694e-05,-4.21969e-05,-4.63772e-05,-5.05943e-05,-5.48323e-05,-5.90742e-05,-6.33027e-05,-6.74989e-05,-7.16418e-05,-7.57076e-05,-7.96672e-05,-8.34838e-05,-8.71079e-05,-9.04704e-05,-9.34707e-05,-9.59593e-05,-9.77136e-05,-9.84058e-05,-9.75695e-05,-9.45706e-05,-8.86418e-05,-7.89765e-05,-6.49456e-05,-4.63839e-05,-2.6767e-05,-2.6767e-05
1.81403e-05,1.81403e-05,1.86567e-05,1.91092e-05,1.95102e-05,1.98608e-05,2.01604e-05,2.04066e-05,2.05962e-05,2.07246e-05,2.07862e-05,2.07747e-05,2.06833e-05,2.05045e-05,2.02303e-05,1.98526e-05,1.9363e-05,1.8753e-05,1.80142e-05,1.71383e-05,1.61172e-05,1.49434e-05,1.36099e-05,1.21103e-05,1.0439e-05,8.59167e-06,6.5649e-06,4.35665e-06,1.96633e-06,-6.05116e-07,-3.35511e-06,-6.27935e-06,-9.37178e-06,-1.26246e-05,-1.60281e-05,-1.95712e-05,-2.32408e-05,-2.70226e-05,-3.09006e-05,-3.48578e-05,-3.88759e-05,-4.29352e-05,-4.70155e-05,-5.10952e-05,-5.51517e-05,-5.91611e-05,-6.30979e-05,-6.69349e-05,-7.06418e-05,-7.41849e-05,-7.75251e-05,-8.06157e-05,-8.33986e-05,-8.57983e-05,-8.7713e-05,-8.9002e-05,-8.94674e-05,-8.88332e-05,-8.67252e-05,-8.26631e-05,-7.60973e-05,-6.64893e-05,-5.34687e-05,-3.7012e-05,-1.98137e-05,-1.98137e-05
1.79934e-05,1.79934e-05,1.85327e-05,1.90048e-05,1.94219e-05,1.9785e-05,2.00934e-05,2.0345e-05,2.05367e-05,2.0664e-05,2.07219e-05,2.07042e-05,2.06041e-05,2.04144e-05,2.01273e-05,1.97345e-05,1.92278e-05,1.85986e-05,1.78383e-05,1.69386e-05,1.58912e-05,1.46883e-05,1.33229e-05,1.17882e-05,1.00788e-05,8.1902e-06,6.11902e-06,3.86346e-06,1.42323e-06,-1.2002e-06,-4.00353e-06,-6.98152e-06,-1.01269e-05,-1.34303e-05,-1.68804e-05,-2.04637e-05,-2.41649e-05,-2.79666e-05,-3.18497e-05,-3.57935e-05,-3.97754e-05,-4.37717e-05,-4.77568e-05,-5.17039e-05,-5.55847e-05,-5.93691e-05,-6.30253e-05,-6.65192e-05,-6.98141e-05,-7.28698e-05,-7.56414e-05,-7.80775e-05,-8.01177e-05,-8.16875e-05,-8.26922e-05,-8.30069e-05,-8.24644e-05,-8.08411e-05,-7.78424e-05,-7.3115e-05,-6.6267e-05,-5.69404e-05,-4.49197e-05,-3.02408e-05,-1.5013e-05,-1.5013e-05
1.79087e-05,1.79087e-05,1.84648e-05,1.89514e-05,1.93804e-05,1.97526e-05,2.00672e-05,2.03223e-05,2.05146e-05,2.06399e-05,2.06933e-05,2.06686e-05,2.05593e-05,2.03582e-05,2.00574e-05,1.96489e-05,1.91241e-05,1.84744e-05,1.76911e-05,1.67657e-05,1.56896e-05,1.44549e-05,1.30542e-05,1.14808e-05,9.72898e-06,7.79413e-06,5.67303e-06,3.36403e-06,8.67204e-07,-1.81546e-06,-4.6799e-06,-7.71983e-06,-1.09267e-05,-1.42896e-05,-1.77952e-05,-2.14279e-05,-2.51696e-05,-2.90002e-05,-3.28971e-05,-3.68359e-05,-4.07903e-05,-4.47319e-05,-4.86308e-05,-5.24552e-05,-5.61719e-05,-5.97457e-05,-6.31397e-05,-6.63151e-05,-6.92308e-05,-7.1843e-05,-7.41044e-05,-7.59633e-05,-7.73609e-05,-7.82288e-05,-7.84834e-05,-7.80196e-05,-7.67013e-05,-7.43512e-05,-7.07483e-05,-6.56315e-05,-5.87253e-05,-4.97922e-05,-3.87082e-05,-2.55277e-05,-1.19198e-05,-1.19198e-05
1.78882e-05,1.78882e-05,1.84551e-05,1.89511e-05,1.93876e-05,1.97653e-05,2.00833e-05,2.03394e-05,2.05304e-05,2.06522e-05,2.06997e-05,2.0667e-05,2.05476e-05,2.03341e-05,2.00187e-05,1.95933e-05,1.90491e-05,1.83775e-05,1.75695e-05,1.66163e-05,1.55091e-05,1.42397e-05,1.28004e-05,1.11844e-05,9.38557e-06,7.39943e-06,5.22271e-06,2.85394e-06,2.9353e-07,-2.45596e-06,-5.38968e-06,-8.50028e-06,-1.17779e-05,-1.52098e-05,-1.87809e-05,-2.24731e-05,-2.62657e-05,-3.01355e-05,-3.40568e-05,-3.80015e-05,-4.19393e-05,-4.58379e-05,-4.96631e-05,-5.33789e-05,-5.69478e-05,-6.03305e-05,-6.34865e-05,-6.63738e-05,-6.89488e-05,-7.11665e-05,-7.29799e-05,-7.43394e-05,-7.51912e-05,-7.54754e-05,-7.51219e-05,-7.40457e-05,-7.21401e-05,-6.92695e-05,-6.52706e-05,-5.99544e-05,-5.31283e-05,-4.46356e-05,-3.44052e-05,-2.24908e-05,-1.02278e-05,-1.02278e-05
1.79327e-05,1.79327e-05,1.8505e-05,1.90053e-05,1.94451e-05,1.98245e-05,2.01426e-05,2.0397e-05,2.05845e-05,2.07008e-05,2.07409e-05,2.06988e-05,2.05679e-05,2.03408e-05,2.00097e-05,1.95661e-05,1.90013e-05,1.83062e-05,1.74717e-05,1.64885e-05,1.53477e-05,1.40407e-05,1.25595e-05,1.08968e-05,9.04655e-06,7.00396e-06,4.76582e-06,2.33079e-06,-3.00382e-07,-3.12457e-06,-6.1361e-06,-9.32654e-06,-1.26846e-05,-1.61959e-05,-1.98432e-05,-2.36061e-05,-2.74611e-05,-3.13821e-05,-3.534e-05,-3.93033e-05,-4.32379e-05,-4.71078e-05,-5.08749e-05,-5.44996e-05,-5.79407e-05,-6.11559e-05,-6.41021e-05,-6.67355e-05,-6.90116e-05,-7.0886e-05,-7.23137e-05,-7.32492e-05,-7.36455e-05,-7.34524e-05,-7.26139e-05,-7.10644e-05,-6.87223e-05,-6.54897e-05,-6.12472e-05,-5.58609e-05,-4.91979e-05,-4.1155e-05,-3.16914e-05,-2.08518e-05,-9.71738e-06,-9.71738e-06
1.80427e-05,1.80427e-05,1.86151e-05,1.9115e-05,1.95537e-05,1.9931e-05,2.02458e-05,2.04957e-05,2.06771e-05,2.07859e-05,2.08167e-05,2.07636e-05,2.06198e-05,2.03779e-05,2.00297e-05,1.95666e-05,1.89797e-05,1.82596e-05,1.73968e-05,1.63816e-05,1.52048e-05,1.38574e-05,1.23308e-05,1.06177e-05,8.71152e-06,6.60737e-06,4.30198e-06,1.79413e-06,-9.15116e-07,-3.82207e-06,-6.92024e-06,-1.02001e-05,-1.36488e-05,-1.72505e-05,-2.09855e-05,-2.48312e-05,-2.87613e-05,-3.27467e-05,-3.67551e-05,-4.07515e-05,-4.46983e-05,-4.8556e-05,-5.22831e-05,-5.58367e-05,-5.91728e-05,-6.22469e-05,-6.50141e-05,-6.74299e-05,-6.94504e-05,-7.10327e-05,-7.21352e-05,-7.27178e-05,-7.27408e-05,-7.21644e-05,-7.09459e-05,-6.90368e-05,-6.63799e-05,-6.29053e-05,-5.85297e-05,-5.31603e-05,-4.67072e-05,-3.91025e-05,-3.03227e-05,-2.04011e-05,-1.02241e-05,-1.02241e-05
1.82183e-05,1.82183e-05,1.87858e-05,1.92806e-05,1.97139e-05,2.00854e-05,2.03936e-05,2.06359e-05,2.08088e-05,2.09077e-05,2.09273e-05,2.08615e-05,2.07033e-05,2.04451e-05,2.00786e-05,1.95948e-05,1.89845e-05,1.82379e-05,1.7345e-05,1.6296e-05,1.5081e-05,1.36904e-05,1.21154e-05,1.03481e-05,8.38166e-06,6.21094e-06,3.83255e-06,1.24533e-06,-1.54934e-06,-4.54726e-06,-7.74112e-06,-1.11202e-05,-1.46704e-05,-1.83738e-05,-2.22088e-05,-2.61502e-05,-3.01692e-05,-3.42334e-05,-3.83074e-05,-4.23529e-05,-4.6329e-05,-5.01929e-05,-5.39e-05,-5.74046e-05,-6.06606e-05,-6.36216e-05,-6.62421e-05,-6.84776e-05,-7.02855e-05,-7.16255e-05,-7.24603e-05,-7.27553e-05,-7.24788e-05,-7.16006e-05,-7.00906e-05,-6.7916e-05,-6.50392e-05,-6.14138e-05,-5.69843e-05,-5.16892e-05,-4.54689e-05,-3.82798e-05,-3.0108e-05,-2.09758e-05,-1.16196e-05,-1.16196e-05
1.84593e-05,1.84593e-05,1.9017e-05,1.95023e-05,1.99261e-05,2.02879e-05,2.05861e-05,2.08179e-05,2.09796e-05,2.10664e-05,2.1073e-05,2.09928e-05,2.08188e-05,2.0543e-05,2.01569e-05,1.96512e-05,1.90163e-05,1.82419e-05,1.73177e-05,1.62331e-05,1.49777e-05,1.35416e-05,1.19153e-05,1.00904e-05,8.05962e-06,5.81752e-06,3.36053e-06,6.87525e-07,-2.19989e-06,-5.29701e-06,-8.59572e-06,-1.20842e-05,-1.57469e-05,-1.9564e-05,-2.35118e-05,-2.75627e-05,-3.16849e-05,-3.58433e-05,-3.99993e-05,-4.41112e-05,-4.81351e-05,-5.2025e-05,-5.57336e-05,-5.92128e-05,-6.24147e-05,-6.52919e-05,-6.77984e-05,-6.98908e-05,-7.15281e-05,-7.26733e-05,-7.32936e-05,-7.33603e-05,-7.28492e-05,-7.17395e-05,-7.0012e-05,-6.7648e-05,-6.46257e-05,-6.09178e-05,-5.64905e-05,-5.13057e-05,-4.53261e-05,-3.85246e-05,-3.08927e-05,-2.2444e-05,-1.37992e-05,-1.37992e-05
1.87652e-05,1.87652e-05,1.93085e-05,1.97798e-05,2.01901e-05,2.05386e-05,2.08236e-05,2.1042e-05,2.11899e-05,2.12625e-05,2.12541e-05,2.11579e-05,2.09667e-05,2.06723e-05,2.02656e-05,1.97371e-05,1.90766e-05,1.82734e-05,1.73166e-05,1.61951e-05,1.48978e-05,1.34141e-05,1.17339e-05,9.84827e-06,7.74941e-06,5.43142e-06,2.89051e-06,1.25498e-07,-2.86184e-06,-6.06633e-06,-9.47908e-06,-1.30872e-05,-1.68736e-05,-2.08167e-05,-2.48907e-05,-2.90653e-05,-3.33061e-05,-3.7575e-05,-4.18301e-05,-4.60269e-05,-5.01181e-05,-5.40549e-05,-5.77875e-05,-6.12659e-05,-6.44405e-05,-6.72633e-05,-6.96886e-05,-7.1674e-05,-7.31809e-05,-7.41758e-05,-7.46304e-05,-7.45218e-05,-7.38331e-05,-7.25514e-05,-7.0668e-05,-6.81755e-05,-6.50654e-05,-6.13255e-05,-5.69392e-05,-5.18859e-05,-4.61448e-05,-3.97006e-05,-3.25485e-05,-2.4696e-05,-1.66743e-05,-1.66743e-05
1.91353e-05,1.91353e-05,1.96597e-05,2.01128e-05,2.05056e-05,2.08373e-05,2.11058e-05,2.13081e-05,2.14399e-05,2.14962e-05,2.14711e-05,2.13576e-05,2.11481e-05,2.0834e-05,2.0406e-05,1.9854e-05,1.91673e-05,1.83347e-05,1.73445e-05,1.61851e-05,1.48447e-05,1.33117e-05,1.15756e-05,9.62657e-06,7.45629e-06,5.05832e-06,2.42855e-06,-4.34361e-07,-3.52852e-06,-6.84835e-06,-1.03842e-05,-1.41222e-05,-1.80437e-05,-2.21254e-05,-2.63391e-05,-3.06523e-05,-3.50276e-05,-3.94238e-05,-4.37961e-05,-4.80968e-05,-5.22757e-05,-5.62812e-05,-6.00611e-05,-6.35636e-05,-6.67379e-05,-6.95357e-05,-7.19117e-05,-7.3825e-05,-7.52395e-05,-7.61251e-05,-7.6458e-05,-7.62211e-05,-7.54036e-05,-7.40005e-05,-7.20116e-05,-6.9439e-05,-6.62851e-05,-6.255e-05,-5.82303e-05,-5.33191e-05,-4.7808e-05,-4.16906e-05,-3.49653e-05,-2.76365e-05,-2.01666e-05,-2.01666e-05
1.95687e-05,1.95687e-05,2.00696e-05,2.05003e-05,2.08719e-05,2.11834e-05,2.14326e-05,2.16161e-05,2.17296e-05,2.17678e-05,2.17246e-05,2.15926e-05,2.13639e-05,2.10295e-05,2.05797e-05,2.00038e-05,1.92907e-05,1.84284e-05,1.74047e-05,1.62068e-05,1.48225e-05,1.32393e-05,1.14457e-05,9.43115e-06,7.18666e-06,4.70517e-06,1.9821e-06,-9.84129e-07,-4.1916e-06,-7.63442e-06,-1.13023e-05,-1.51802e-05,-1.92482e-05,-2.3481e-05,-2.78483e-05,-3.2315e-05,-3.6841e-05,-4.1382e-05,-4.589e-05,-5.03143e-05,-5.46018e-05,-5.86981e-05,-6.2549e-05,-6.61007e-05,-6.93016e-05,-7.21032e-05,-7.44608e-05,-7.6335e-05,-7.76924e-05,-7.85063e-05,-7.87571e-05,-7.84329e-05,-7.75285e-05,-7.60461e-05,-7.39924e-05,-7.13776e-05,-6.8213e-05,-6.45085e-05,-6.02711e-05,-5.55047e-05,-5.02108e-05,-4.43904e-05,-3.80457e-05,-3.11801e-05,-2.42045e-05,-2.42045e-05
2.0064e-05,2.0064e-05,2.0537e-05,2.09414e-05,2.12882e-05,2.15762e-05,2.18032e-05,2.19656e-05,2.20589e-05,2.20775e-05,2.20149e-05,2.18635e-05,2.16151e-05,2.12601e-05,2.07885e-05,2.01889e-05,1.94495e-05,1.85578e-05,1.75006e-05,1.62645e-05,1.48361e-05,1.32021e-05,1.13502e-05,9.26875e-06,6.94798e-06,4.38009e-06,1.55994e-06,-1.51441e-06,-4.84112e-06,-8.41405e-06,-1.22223e-05,-1.62499e-05,-2.04754e-05,-2.48718e-05,-2.94066e-05,-3.40419e-05,-3.8735e-05,-4.34384e-05,-4.8101e-05,-5.2669e-05,-5.70862e-05,-6.12958e-05,-6.52412e-05,-6.88671e-05,-7.2121e-05,-7.49542e-05,-7.73229e-05,-7.91891e-05,-8.05219e-05,-8.12979e-05,-8.15016e-05,-8.11255e-05,-8.017e-05,-7.86426e-05,-7.65566e-05,-7.39287e-05,-7.07774e-05,-6.71204e-05,-6.29735e-05,-5.83491e-05,-5.3257e-05,-4.77051e-05,-4.17001e-05,-3.52474e-05,-2.87196e-05,-2.87196e-05
2.06195e-05,2.06195e-05,2.10603e-05,2.14344e-05,2.17529e-05,2.20146e-05,2.22169e-05,2.23561e-05,2.24275e-05,2.24251e-05,2.23423e-05,2.21711e-05,2.19027e-05,2.15273e-05,2.10341e-05,2.04114e-05,1.96465e-05,1.87261e-05,1.76363e-05,1.63626e-05,1.48907e-05,1.32063e-05,1.12959e-05,9.14691e-06,6.74859e-06,4.09225e-06,1.17205e-06,-2.01442e-06,-5.46553e-06,-9.17501e-06,-1.31315e-05,-1.73179e-05,-2.17116e-05,-2.62837e-05,-3.09995e-05,-3.58184e-05,-4.06949e-05,-4.55783e-05,-5.04144e-05,-5.51461e-05,-5.97143e-05,-6.40595e-05,-6.81228e-05,-7.18474e-05,-7.518e-05,-7.80716e-05,-8.04791e-05,-8.23661e-05,-8.3704e-05,-8.44725e-05,-8.46596e-05,-8.42619e-05,-8.32848e-05,-8.17405e-05,-7.96474e-05,-7.70278e-05,-7.39062e-05,-7.03069e-05,-6.62525e-05,-6.1763e-05,-5.68556e-05,-5.15452e-05,-4.58442e-05,-3.97623e-05,-3.36451e-05,-3.36451e-05
2.12331e-05,2.12331e-05,2.16373e-05,2.19774e-05,2.22644e-05,2.24969e-05,2.26722e-05,2.27865e-05,2.28345e-05,2.28104e-05,2.27068e-05,2.25155e-05,2.22275e-05,2.18322e-05,2.13183e-05,2.06735e-05,1.98844e-05,1.89368e-05,1.78157e-05,1.65059e-05,1.49918e-05,1.32581e-05,1.12899e-05,9.07377e-06,6.59758e-06,3.85173e-06,8.29518e-07,-2.47208e-06,-6.05178e-06,-9.9033e-06,-1.40148e-05,-1.83686e-05,-2.29403e-05,-2.76996e-05,-3.26094e-05,-3.76266e-05,-4.27024e-05,-4.77833e-05,-5.28116e-05,-5.77268e-05,-6.24669e-05,-6.69696e-05,-7.11738e-05,-7.5021e-05,-7.84568e-05,-8.1432e-05,-8.39043e-05,-8.58386e-05,-8.72084e-05,-8.79961e-05,-8.81929e-05,-8.77994e-05,-8.68248e-05,-8.52855e-05,-8.32042e-05,-8.06081e-05,-7.75263e-05,-7.39888e-05,-7.00243e-05,-6.56594e-05,-6.09187e-05,-5.58243e-05,-5.03958e-05,-4.46495e-05,-3.89136e-05,-3.89136e-05
2.19019e-05,2.19019e-05,2.22654e-05,2.25678e-05,2.28203e-05,2.30212e-05,2.31676e-05,2.32553e-05,2.32791e-05,2.32325e-05,2.3108e-05,2.28971e-05,2.25899e-05,2.21757e-05,2.16426e-05,2.09773e-05,2.01658e-05,1.91929e-05,1.80429e-05,1.66992e-05,1.51451e-05,1.3364e-05,1.13399e-05,9.05788e-06,6.50463e-06,3.66937e-06,5.4438e-07,-2.87415e-06,-6.58541e-06,-1.05833e-05,-1.48556e-05,-1.93839e-05,-2.41428e-05,-2.90998e-05,-3.42158e-05,-3.94451e-05,-4.47357e-05,-5.00308e-05,-5.52693e-05,-6.03875e-05,-6.53199e-05,-7.00015e-05,-7.43687e-05,-7.83613e-05,-8.19236e-05,-8.50064e-05,-8.75675e-05,-8.95731e-05,-9.09986e-05,-9.18288e-05,-9.20577e-05,-9.16894e-05,-9.07363e-05,-8.92186e-05,-8.71626e-05,-8.45992e-05,-8.15621e-05,-7.80858e-05,-7.42046e-05,-6.99517e-05,-6.53589e-05,-6.04564e-05,-5.52728e-05,-4.98328e-05,-4.44557e-05,-4.44557e-05
2.26227e-05,2.26227e-05,2.29414e-05,2.32027e-05,2.34178e-05,2.35848e-05,2.37006e-05,2.37608e-05,2.37596e-05,2.36904e-05,2.35453e-05,2.33152e-05,2.29901e-05,2.25586e-05,2.20079e-05,2.13243e-05,2.04929e-05,1.94976e-05,1.83214e-05,1.69469e-05,1.53559e-05,1.35306e-05,1.14534e-05,9.10802e-06,6.47979e-06,3.55656e-06,3.29442e-07,-3.20636e-06,-7.0507e-06,-1.11977e-05,-1.56352e-05,-2.0344e-05,-2.52975e-05,-3.04616e-05,-3.5795e-05,-4.1249e-05,-4.67688e-05,-5.22941e-05,-5.77602e-05,-6.30998e-05,-6.82442e-05,-7.31251e-05,-7.76765e-05,-8.1836e-05,-8.55469e-05,-8.87591e-05,-9.14309e-05,-9.35294e-05,-9.50314e-05,-9.5924e-05,-9.62037e-05,-9.58773e-05,-9.49602e-05,-9.34757e-05,-9.14533e-05,-8.89272e-05,-8.59347e-05,-8.2515e-05,-7.87075e-05,-7.45519e-05,-7.00878e-05,-6.53549e-05,-6.03917e-05,-5.5234e-05,-5.01986e-05,-5.01986e-05
2.33913e-05,2.33913e-05,2.36612e-05,2.38783e-05,2.40535e-05,2.41848e-05,2.42686e-05,2.43003e-05,2.42739e-05,2.41823e-05,2.40172e-05,2.37692e-05,2.34277e-05,2.29806e-05,2.24148e-05,2.17157e-05,2.08675e-05,1.98532e-05,1.86547e-05,1.72532e-05,1.56294e-05,1.37639e-05,1.16378e-05,9.23294e-06,6.53325e-06,3.52504e-06,1.98059e-07,-3.45365e-06,-7.43083e-06,-1.17281e-05,-1.63333e-05,-2.12267e-05,-2.63807e-05,-3.17596e-05,-3.73198e-05,-4.30099e-05,-4.8772e-05,-5.45421e-05,-6.0252e-05,-6.58305e-05,-7.12052e-05,-7.63047e-05,-8.10601e-05,-8.54067e-05,-8.92864e-05,-9.26482e-05,-9.54503e-05,-9.76606e-05,-9.92571e-05,-0.000100229,-0.000100574,-0.000100302,-9.94312e-05,-9.79871e-05,-9.60021e-05,-9.35132e-05,-9.05615e-05,-8.719e-05,-8.34437e-05,-7.93692e-05,-7.50146e-05,-7.043e-05,-6.5666e-05,-6.07708e-05,-5.60654e-05,-5.60654e-05
2.42027e-05,2.42027e-05,2.44203e-05,2.45902e-05,2.47234e-05,2.48173e-05,2.48682e-05,2.4871e-05,2.48194e-05,2.47059e-05,2.45218e-05,2.42574e-05,2.39014e-05,2.34413e-05,2.28633e-05,2.2152e-05,2.12907e-05,2.02615e-05,1.90451e-05,1.76216e-05,1.59702e-05,1.40699e-05,1.19001e-05,9.44111e-06,6.67507e-06,3.5866e-06,1.63873e-07,-3.60044e-06,-7.70815e-06,-1.21546e-05,-1.69279e-05,-2.20079e-05,-2.73662e-05,-3.29656e-05,-3.87601e-05,-4.46959e-05,-5.07115e-05,-5.67395e-05,-6.27076e-05,-6.85408e-05,-7.41629e-05,-7.94988e-05,-8.44763e-05,-8.90286e-05,-9.30954e-05,-9.66249e-05,-9.95746e-05,-0.000101913,-0.000103619,-0.000104683,-0.000105105,-0.000104896,-0.000104078,-0.000102677,-0.000100729,-9.82733e-05,-9.53545e-05,-9.20199e-05,-8.83201e-05,-8.43091e-05,-8.00447e-05,-7.55885e-05,-7.10049e-05,-6.63566e-05,-6.1974e-05,-6.1974e-05
2.50513e-05,2.50513e-05,2.52131e-05,2.53334e-05,2.54226e-05,2.5478e-05,2.54953e-05,2.54691e-05,2.53927e-05,2.52583e-05,2.50567e-05,2.47777e-05,2.44096e-05,2.39393e-05,2.33523e-05,2.26326e-05,2.17627e-05,2.07234e-05,1.94946e-05,1.80548e-05,1.63819e-05,1.44533e-05,1.22466e-05,9.74042e-06,6.91487e-06,3.75276e-06,2.40481e-07,-3.63089e-06,-7.8645e-06,-1.24567e-05,-1.73958e-05,-2.2662e-05,-2.82258e-05,-3.40488e-05,-4.00828e-05,-4.62713e-05,-5.25496e-05,-5.88463e-05,-6.50853e-05,-7.11872e-05,-7.70716e-05,-8.26598e-05,-8.7876e-05,-9.26505e-05,-9.69207e-05,-0.000100634,-0.000103746,-0.000106226,-0.000108053,-0.000109219,-0.000109725,-0.000109586,-0.000108822,-0.000107463,-0.000105548,-0.000103117,-0.00010022,-9.69084e-05,-9.32382e-05,-8.92721e-05,-8.50784e-05,-8.07321e-05,-7.63127e-05,-7.1899e-05,-6.78359e-05,-6.78359e-05
2.59303e-05,2.59303e-05,2.60335e-05,2.61019e-05,2.61458e-05,2.61618e-05,2.61453e-05,2.60904e-05,2.59899e-05,2.58358e-05,2.56184e-05,2.5327e-05,2.49495e-05,2.44722e-05,2.38801e-05,2.31564e-05,2.22826e-05,2.12389e-05,2.00037e-05,1.85544e-05,1.68673e-05,1.49181e-05,1.26828e-05,1.01379e-05,7.26149e-06,4.03443e-06,4.4107e-07,-3.52935e-06,-7.88157e-06,-1.26131e-05,-1.77132e-05,-2.31619e-05,-2.89296e-05,-3.49762e-05,-4.1252e-05,-4.76975e-05,-5.42447e-05,-6.08185e-05,-6.73384e-05,-7.37206e-05,-7.98803e-05,-8.57344e-05,-9.12035e-05,-9.62144e-05,-0.000100702,-0.000104612,-0.000107899,-0.000110531,-0.000112489,-0.000113763,-0.000114358,-0.000114289,-0.000113577,-0.000112256,-0.000110365,-0.000107949,-0.000105059,-0.000101753,-9.80937e-05,-9.41527e-05,-9.00105e-05,-8.57565e-05,-8.14872e-05,-7.72992e-05,-7.35562e-05,-7.35562e-05
2.68322e-05,2.68322e-05,2.68745e-05,2.68894e-05,2.68868e-05,2.6863e-05,2.68128e-05,2.67297e-05,2.66063e-05,2.64339e-05,2.62027e-05,2.59015e-05,2.55176e-05,2.5037e-05,2.44439e-05,2.37209e-05,2.28488e-05,2.18066e-05,2.05719e-05,1.91206e-05,1.74276e-05,1.54669e-05,1.32126e-05,1.06391e-05,7.7226e-06,4.44148e-06,7.77974e-07,-3.28078e-06,-7.74137e-06,-1.26029e-05,-1.78555e-05,-2.34799e-05,-2.94461e-05,-3.57131e-05,-4.22293e-05,-4.89327e-05,-5.5752e-05,-6.2608e-05,-6.94159e-05,-7.60871e-05,-8.25322e-05,-8.86634e-05,-9.43971e-05,-9.96563e-05,-0.000104373,-0.00010849,-0.000111961,-0.000114753,-0.000116847,-0.000118234,-0.000118918,-0.000118916,-0.000118252,-0.00011696,-0.000115081,-0.000112664,-0.000109765,-0.000106445,-0.000102776,-9.88391e-05,-9.47289e-05,-9.05509e-05,-8.64199e-05,-8.24515e-05,-7.90326e-05,-7.90326e-05
2.77489e-05,2.77489e-05,2.77282e-05,2.76885e-05,2.7639e-05,2.75753e-05,2.74917e-05,2.73814e-05,2.72364e-05,2.70476e-05,2.68049e-05,2.64965e-05,2.61095e-05,2.56293e-05,2.50396e-05,2.43224e-05,2.34578e-05,2.24239e-05,2.11971e-05,1.97522e-05,1.80626e-05,1.61006e-05,1.38384e-05,1.12484e-05,8.3043e-06,4.98231e-06,1.26219e-06,-2.87126e-06,-7.42681e-06,-1.24053e-05,-1.77986e-05,-2.35878e-05,-2.97432e-05,-3.62232e-05,-4.29746e-05,-4.99328e-05,-5.70233e-05,-6.4163e-05,-7.12625e-05,-7.82283e-05,-8.49658e-05,-9.13822e-05,-9.73892e-05,-0.000102906,-0.00010786,-0.000112192,-0.000115854,-0.000118811,-0.000121043,-0.000122542,-0.000123313,-0.000123372,-0.000122745,-0.00012147,-0.000119588,-0.000117152,-0.000114222,-0.000110867,-0.000107166,-0.000103212,-9.91147e-05,-9.49972e-05,-9.09945e-05,-8.72426e-05,-8.41549e-05,-8.41549e-05
2.86712e-05,2.86712e-05,2.85864e-05,2.84914e-05,2.83949e-05,2.82917e-05,2.81756e-05,2.80392e-05,2.78742e-05,2.7671e-05,2.74191e-05,2.71064e-05,2.67197e-05,2.62438e-05,2.56622e-05,2.49562e-05,2.41052e-05,2.30866e-05,2.18758e-05,2.04464e-05,1.87703e-05,1.68184e-05,1.45607e-05,1.19677e-05,9.01068e-06,5.66334e-06,1.90284e-06,-2.28864e-06,-6.92231e-06,-1.20013e-05,-1.7519e-05,-2.3458e-05,-2.9789e-05,-3.647e-05,-4.34465e-05,-5.06519e-05,-5.80084e-05,-6.54289e-05,-7.28194e-05,-8.00813e-05,-8.71145e-05,-9.38207e-05,-0.000100107,-0.000105886,-0.000111083,-0.000115635,-0.000119491,-0.000122614,-0.000124983,-0.000126591,-0.000127441,-0.000127552,-0.000126951,-0.000125675,-0.000123771,-0.000121295,-0.000118311,-0.000114895,-0.000111138,-0.000107145,-0.000103041,-9.89696e-05,-9.50872e-05,-9.1551e-05,-8.88046e-05,-8.88046e-05
2.95892e-05,2.95892e-05,2.944e-05,2.92898e-05,2.91466e-05,2.90047e-05,2.88572e-05,2.86962e-05,2.8513e-05,2.82975e-05,2.80389e-05,2.77249e-05,2.73418e-05,2.68744e-05,2.63055e-05,2.5616e-05,2.47849e-05,2.37889e-05,2.26025e-05,2.11982e-05,1.95466e-05,1.76171e-05,1.53778e-05,1.27969e-05,9.84356e-06,6.48863e-06,2.70661e-06,-1.52311e-06,-6.21453e-06,-1.13733e-05,-1.6995e-05,-2.30641e-05,-2.9552e-05,-3.64169e-05,-4.36035e-05,-5.10431e-05,-5.86552e-05,-6.63488e-05,-7.4025e-05,-8.15799e-05,-8.89078e-05,-9.59046e-05,-0.000102471,-0.000108516,-0.000113958,-0.000118731,-0.00012278,-0.000126067,-0.00012857,-0.000130278,-0.000131198,-0.000131346,-0.000130753,-0.000129457,-0.000127508,-0.000124965,-0.000121901,-0.000118398,-0.000114558,-0.000110502,-0.000106373,-0.000102334,-9.85655e-05,-9.5247e-05,-9.28549e-05,-9.28549e-05
3.04928e-05,3.04928e-05,3.02795e-05,3.00747e-05,2.98859e-05,2.97065e-05,2.9529e-05,2.93451e-05,2.91455e-05,2.89199e-05,2.86572e-05,2.83447e-05,2.79687e-05,2.75136e-05,2.6962e-05,2.62945e-05,2.54897e-05,2.45237e-05,2.33702e-05,2.20009e-05,2.03853e-05,1.84911e-05,1.62849e-05,1.37328e-05,1.08014e-05,7.45905e-06,3.67724e-06,-5.67667e-07,-5.29276e-06,-1.05067e-05,-1.62077e-05,-2.23821e-05,-2.9003e-05,-3.60291e-05,-4.34048e-05,-5.106e-05,-5.89114e-05,-6.68645e-05,-7.48156e-05,-8.26555e-05,-9.02722e-05,-9.75555e-05,-0.0001044,-0.000110708,-0.000116393,-0.000121385,-0.000125624,-0.000129069,-0.000131696,-0.000133494,-0.000134469,-0.000134637,-0.00013403,-0.000132689,-0.000130668,-0.00012803,-0.000124855,-0.000121235,-0.000117285,-0.000113141,-0.000108967,-0.000104948,-0.000101289,-9.81922e-05,-9.61701e-05,-9.61701e-05
3.1371e-05,3.1371e-05,3.10949e-05,3.0837e-05,3.06041e-05,3.03888e-05,3.01831e-05,2.99781e-05,2.97641e-05,2.95307e-05,2.92662e-05,2.89581e-05,2.85924e-05,2.81533e-05,2.76234e-05,2.69831e-05,2.62107e-05,2.52819e-05,2.417e-05,2.28458e-05,2.12778e-05,1.94326e-05,1.72751e-05,1.47693e-05,1.18797e-05,8.57184e-06,4.81429e-06,5.80165e-07,-4.15095e-06,-9.39098e-06,-1.51413e-05,-2.13911e-05,-2.81153e-05,-3.5274e-05,-4.28118e-05,-5.06574e-05,-5.87254e-05,-6.6918e-05,-7.51271e-05,-8.32377e-05,-9.11319e-05,-9.86925e-05,-0.000105807,-0.000112372,-0.000118295,-0.000123498,-0.000127919,-0.000131513,-0.000134252,-0.000136124,-0.000137134,-0.0001373,-0.000136653,-0.000135239,-0.000133113,-0.000130348,-0.000127028,-0.000123258,-0.000119168,-0.000114911,-0.000110671,-0.00010666,-0.000103107,-0.000100239,-9.86054e-05,-9.86054e-05
3.22132e-05,3.22132e-05,3.18763e-05,3.15675e-05,3.12925e-05,3.10434e-05,3.08114e-05,3.05873e-05,3.0361e-05,3.01217e-05,2.98579e-05,2.95567e-05,2.92041e-05,2.87845e-05,2.82804e-05,2.76721e-05,2.69379e-05,2.60532e-05,2.49912e-05,2.3722e-05,2.22135e-05,2.04309e-05,1.8338e-05,1.58971e-05,1.30702e-05,9.82045e-06,6.11336e-06,1.91874e-06,-2.78739e-06,-8.02059e-06,-1.37859e-05,-2.00755e-05,-2.68673e-05,-3.41234e-05,-4.17889e-05,-4.97927e-05,-5.80478e-05,-6.6453e-05,-7.48962e-05,-8.32567e-05,-9.14105e-05,-9.92333e-05,-0.000106605,-0.000113415,-0.000119564,-0.000124968,-0.000129559,-0.000133287,-0.000136121,-0.000138048,-0.00013907,-0.000139206,-0.000138489,-0.000136967,-0.000134701,-0.000131769,-0.000128267,-0.000124312,-0.000120048,-0.000115649,-0.000111325,-0.000107311,-0.000103863,-0.000101232,-0.000100007,-0.000100007
3.30082e-05,3.30082e-05,3.26138e-05,3.22568e-05,3.19424e-05,3.16619e-05,3.14059e-05,3.11647e-05,3.0928e-05,3.06849e-05,3.04237e-05,3.01317e-05,2.97949e-05,2.93977e-05,2.89229e-05,2.83509e-05,2.76601e-05,2.6826e-05,2.58216e-05,2.46169e-05,2.31791e-05,2.14729e-05,1.94606e-05,1.71032e-05,1.43608e-05,1.11939e-05,7.56523e-06,3.44116e-06,-1.20596e-06,-6.39564e-06,-1.21368e-05,-1.84257e-05,-2.52436e-05,-3.2555e-05,-4.03071e-05,-4.84292e-05,-5.68334e-05,-6.54164e-05,-7.40619e-05,-8.26442e-05,-9.10327e-05,-9.90958e-05,-0.000106706,-0.000113744,-0.000120103,-0.000125691,-0.000130434,-0.000134277,-0.000137185,-0.000139141,-0.000140147,-0.000140221,-0.000139398,-0.000137729,-0.000135281,-0.00013214,-0.000128413,-0.000124231,-0.000119758,-0.000115189,-0.000110758,-0.000106729,-0.000103386,-0.000101006,-0.000100212,-0.000100212
3.37456e-05,3.37456e-05,3.32977e-05,3.28962e-05,3.25455e-05,3.22362e-05,3.19585e-05,3.17024e-05,3.14573e-05,3.12122e-05,3.09554e-05,3.06744e-05,3.03553e-05,2.99829e-05,2.95403e-05,2.90082e-05,2.83653e-05,2.75874e-05,2.66476e-05,2.55159e-05,2.41595e-05,2.25426e-05,2.06267e-05,1.83714e-05,1.57353e-05,1.26766e-05,9.1554e-06,5.13469e-06,5.83073e-07,-4.5231e-06,-1.01972e-05,-1.64397e-05,-2.32359e-05,-3.05541e-05,-3.83441e-05,-4.65367e-05,-5.50439e-05,-6.3761e-05,-7.25685e-05,-8.1336e-05,-8.99262e-05,-9.82003e-05,-0.000106022,-0.000113264,-0.00011981,-0.00012556,-0.000130434,-0.000134368,-0.000137323,-0.000139278,-0.000140233,-0.000140207,-0.000139236,-0.000137375,-0.000134698,-0.0001313,-0.0001273,-0.000122847,-0.000118124,-0.000113353,-0.000108792,-0.000104738,-0.0001015,-9.93814e-05,-9.90458e-05,-9.90458e-05
3.44151e-05,3.44151e-05,3.39188e-05,3.3477e-05,3.30937e-05,3.27587e-05,3.24619e-05,3.21929e-05,3.19411e-05,3.16955e-05,3.14445e-05,3.11759e-05,3.0876e-05,3.05302e-05,3.01218e-05,2.96322e-05,2.90407e-05,2.83235e-05,2.74542e-05,2.64032e-05,2.51377e-05,2.36219e-05,2.1817e-05,1.96817e-05,1.71732e-05,1.42481e-05,1.08638e-05,6.98021e-06,2.56233e-06,-2.4178e-06,-7.97815e-06,-1.41241e-05,-2.08457e-05,-2.81157e-05,-3.58875e-05,-4.40943e-05,-5.26497e-05,-6.14482e-05,-7.0368e-05,-7.92745e-05,-8.80245e-05,-9.64716e-05,-0.000104471,-0.000111886,-0.00011859,-0.000124474,-0.000129448,-0.000133443,-0.000136412,-0.000138331,-0.000139196,-0.000139026,-0.000137858,-0.000135754,-0.000132793,-0.000129082,-0.000124755,-0.000119981,-0.000114964,-0.000109954,-0.00010524,-0.000101147,-9.8016e-05,-9.61733e-05,-9.63255e-05,-9.63255e-05
3.50075e-05,3.50075e-05,3.44687e-05,3.39916e-05,3.35797e-05,3.32224e-05,3.29091e-05,3.26293e-05,3.23724e-05,3.21275e-05,3.18833e-05,3.16278e-05,3.1348e-05,3.10295e-05,3.06566e-05,3.02113e-05,2.96734e-05,2.90202e-05,2.82259e-05,2.72616e-05,2.6095e-05,2.46907e-05,2.30099e-05,2.1011e-05,1.86504e-05,1.58831e-05,1.26645e-05,8.95199e-06,4.7068e-06,-1.03143e-07,-5.50061e-06,-1.14962e-05,-1.80854e-05,-2.52461e-05,-3.29364e-05,-4.10934e-05,-4.9633e-05,-5.84504e-05,-6.74228e-05,-7.64121e-05,-8.52698e-05,-9.38422e-05,-0.000101976,-0.000109523,-0.000116348,-0.000122331,-0.000127371,-0.000131391,-0.000134335,-0.000136175,-0.000136904,-0.000136538,-0.000135119,-0.000132711,-0.000129404,-0.000125318,-0.000120603,-0.00011545,-0.000110089,-0.000104799,-9.99031e-05,-9.57585e-05,-9.27369e-05,-9.11867e-05,-9.18594e-05,-9.18594e-05
3.55146e-05,3.55146e-05,3.49399e-05,3.44332e-05,3.39972e-05,3.36211e-05,3.3294e-05,3.30055e-05,3.27449e-05,3.25016e-05,3.22646e-05,3.20224e-05,3.17626e-05,3.14716e-05,3.11343e-05,3.07337e-05,3.02505e-05,2.96631e-05,2.89466e-05,2.80733e-05,2.70117e-05,2.57272e-05,2.41816e-05,2.23333e-05,2.01386e-05,1.75517e-05,1.45263e-05,1.10176e-05,6.98359e-06,2.38833e-06,-2.79577e-06,-8.58472e-06,-1.49799e-05,-2.19651e-05,-2.95043e-05,-3.75396e-05,-4.59906e-05,-5.47547e-05,-6.37093e-05,-7.27143e-05,-8.16167e-05,-9.02559e-05,-9.84697e-05,-0.0001061,-0.000113,-0.000119038,-0.000124102,-0.000128103,-0.000130978,-0.000132689,-0.000133228,-0.000132608,-0.000130873,-0.000128094,-0.00012437,-0.000119836,-0.000114663,-0.000109064,-0.000103301,-9.76856e-05,-9.25761e-05,-8.83651e-05,-8.54547e-05,-8.42157e-05,-8.54452e-05,-8.54452e-05
3.59292e-05,3.59292e-05,3.53263e-05,3.47961e-05,3.43409e-05,3.39497e-05,3.36116e-05,3.33162e-05,3.3053e-05,3.28118e-05,3.25821e-05,3.23529e-05,3.21124e-05,3.18479e-05,3.15453e-05,3.11885e-05,3.07596e-05,3.02381e-05,2.96005e-05,2.88202e-05,2.78675e-05,2.67086e-05,2.53064e-05,2.36204e-05,2.16068e-05,1.92199e-05,1.64125e-05,1.3138e-05,9.35198e-06,5.01478e-06,9.434e-08,-5.43078e-06,-1.15681e-05,-1.83081e-05,-2.56213e-05,-3.3456e-05,-4.17371e-05,-5.03661e-05,-5.92218e-05,-6.81638e-05,-7.70359e-05,-8.56716e-05,-9.39005e-05,-0.000101554,-0.000108473,-0.000114513,-0.000119549,-0.00012348,-0.000126232,-0.000127759,-0.000128046,-0.000127105,-0.000124982,-0.000121754,-0.000117532,-0.000112466,-0.000106752,-0.000100631,-9.43987e-05,-8.84035e-05,-8.3043e-05,-7.8747e-05,-7.59491e-05,-7.50417e-05,-7.68691e-05,-7.68691e-05
3.62462e-05,3.62462e-05,3.56232e-05,3.5076e-05,3.46067e-05,3.42043e-05,3.3858e-05,3.35575e-05,3.32927e-05,3.30537e-05,3.28307e-05,3.26133e-05,3.23907e-05,3.21509e-05,3.18809e-05,3.1566e-05,3.11893e-05,3.0732e-05,3.01722e-05,2.9485e-05,2.86421e-05,2.76117e-05,2.63582e-05,2.48424e-05,2.30216e-05,2.08506e-05,1.82821e-05,1.52686e-05,1.17639e-05,7.72528e-06,3.11674e-06,-2.08834e-06,-7.9037e-06,-1.43267e-05,-2.13353e-05,-2.88853e-05,-3.69082e-05,-4.5311e-05,-5.39764e-05,-6.27651e-05,-7.15194e-05,-8.00686e-05,-8.82344e-05,-9.58384e-05,-0.000102709,-0.000108687,-0.000113634,-0.000117434,-0.000120002,-0.000121279,-0.000121245,-0.000119908,-0.000117314,-0.000113547,-0.000108733,-0.000103041,-9.66906e-05,-8.99575e-05,-8.31751e-05,-7.67348e-05,-7.10769e-05,-6.66719e-05,-6.3986e-05,-6.34323e-05,-6.59044e-05,-6.59044e-05
3.64618e-05,3.64618e-05,3.58274e-05,3.52701e-05,3.47922e-05,3.43826e-05,3.40308e-05,3.37267e-05,3.34609e-05,3.3224e-05,3.30067e-05,3.27995e-05,3.25924e-05,3.23745e-05,3.2134e-05,3.18574e-05,3.15295e-05,3.11329e-05,3.06477e-05,3.00508e-05,2.93162e-05,2.84139e-05,2.73106e-05,2.5969e-05,2.43482e-05,2.24042e-05,2.00906e-05,1.73599e-05,1.41647e-05,1.04606e-05,6.20808e-06,1.37597e-06,-4.05534e-06,-1.00903e-05,-1.67146e-05,-2.38923e-05,-3.15632e-05,-3.96413e-05,-4.80152e-05,-5.65489e-05,-6.50855e-05,-7.34513e-05,-8.14622e-05,-8.89302e-05,-9.56711e-05,-0.000101512,-0.000106298,-0.000109897,-0.000112208,-0.000113162,-0.000112727,-0.000110907,-0.000107749,-0.000103343,-9.78287e-05,-9.13974e-05,-8.42992e-05,-7.68467e-05,-6.94178e-05,-6.2452e-05,-5.64385e-05,-5.18924e-05,-4.93146e-05,-4.9138e-05,-5.23096e-05,-5.23096e-05
3.65744e-05,3.65744e-05,3.59376e-05,3.53775e-05,3.48965e-05,3.44837e-05,3.4129e-05,3.38229e-05,3.35564e-05,3.33209e-05,3.31078e-05,3.29085e-05,3.27139e-05,3.25143e-05,3.2299e-05,3.20561e-05,3.17718e-05,3.14306e-05,3.10145e-05,3.05029e-05,2.98717e-05,2.90938e-05,2.81383e-05,2.69704e-05,2.55517e-05,2.38404e-05,2.17916e-05,1.93588e-05,1.6495e-05,1.31546e-05,9.29581e-06,4.88382e-06,-1.06245e-07,-5.68547e-06,-1.18476e-05,-1.85653e-05,-2.57875e-05,-3.34373e-05,-4.14108e-05,-4.95778e-05,-5.77843e-05,-6.58564e-05,-7.36058e-05,-8.08364e-05,-8.73524e-05,-9.2966e-05,-9.75051e-05,-0.000100821,-0.000102794,-0.00010334,-0.000102413,-0.000100013,-9.61839e-05,-9.10233e-05,-8.46845e-05,-7.73837e-05,-6.94047e-05,-6.11037e-05,-5.29094e-05,-4.53174e-05,-3.88732e-05,-3.41421e-05,-3.1663e-05,-3.18883e-05,-3.58242e-05,-3.58242e-05
3.65844e-05,3.65844e-05,3.59546e-05,3.53989e-05,3.49203e-05,3.45082e-05,3.41532e-05,3.38463e-05,3.35793e-05,3.33443e-05,3.31336e-05,3.29393e-05,3.27536e-05,3.25677e-05,3.23724e-05,3.21571e-05,3.19099e-05,3.1617e-05,3.12626e-05,3.08284e-05,3.02931e-05,2.96322e-05,2.88179e-05,2.78184e-05,2.65985e-05,2.51191e-05,2.33381e-05,2.12111e-05,1.86922e-05,1.57361e-05,1.23002e-05,8.34694e-06,3.8474e-06,-1.21539e-06,-6.84263e-06,-1.30159e-05,-1.9694e-05,-2.68099e-05,-3.42692e-05,-4.19499e-05,-4.97036e-05,-5.73587e-05,-6.47253e-05,-7.16015e-05,-7.77811e-05,-8.30618e-05,-8.72544e-05,-9.01903e-05,-9.17302e-05,-9.17707e-05,-9.0251e-05,-8.71609e-05,-8.25408e-05,-7.64927e-05,-6.91854e-05,-6.08613e-05,-5.18426e-05,-4.25354e-05,-3.34279e-05,-2.50814e-05,-1.81075e-05,-1.31302e-05,-1.07318e-05,-1.1385e-05,-1.61643e-05,-1.61643e-05
3.64945e-05,3.64945e-05,3.58808e-05,3.5337e-05,3.48661e-05,3.44587e-05,3.41057e-05,3.37992e-05,3.35315e-05,3.32958e-05,3.30851e-05,3.28926e-05,3.27114e-05,3.25341e-05,3.23527e-05,3.2158e-05,3.19399e-05,3.16866e-05,3.13845e-05,3.10176e-05,3.05675e-05,3.00129e-05,2.9329e-05,2.84878e-05,2.74575e-05,2.62028e-05,2.46851e-05,2.28629e-05,2.06931e-05,1.81319e-05,1.5137e-05,1.16699e-05,7.69909e-06,3.20284e-06,-1.82649e-06,-7.37888e-06,-1.34228e-05,-1.99019e-05,-2.67329e-05,-3.38036e-05,-4.09741e-05,-4.80781e-05,-5.49271e-05,-6.13161e-05,-6.70309e-05,-7.18562e-05,-7.55853e-05,-7.80293e-05,-7.90266e-05,-7.84519e-05,-7.62249e-05,-7.23199e-05,-6.67718e-05,-5.96847e-05,-5.12415e-05,-4.17123e-05,-3.14621e-05,-2.0954e-05,-1.07464e-05,-1.47893e-06,6.15725e-06,1.14667e-05,1.38153e-05,1.27074e-05,6.98533e-06,6.98533e-06
3.63095e-05,3.63095e-05,3.57212e-05,3.51961e-05,3.47384e-05,3.43392e-05,3.39906e-05,3.36852e-05,3.34166e-05,3.31785e-05,3.29652e-05,3.27708e-05,3.25895e-05,3.24149e-05,3.22405e-05,3.20585e-05,3.18605e-05,3.16367e-05,3.13755e-05,3.10637e-05,3.06857e-05,3.02232e-05,2.96551e-05,2.89572e-05,2.81019e-05,2.70579e-05,2.5791e-05,2.42639e-05,2.24369e-05,2.02694e-05,1.7721e-05,1.47541e-05,1.13359e-05,7.44195e-06,3.05962e-06,-1.80816e-06,-7.13893e-06,-1.2887e-05,-1.89806e-05,-2.53192e-05,-3.17734e-05,-3.81853e-05,-4.43711e-05,-5.01262e-05,-5.52313e-05,-5.94605e-05,-6.25911e-05,-6.44135e-05,-6.47419e-05,-6.3426e-05,-6.03615e-05,-5.55015e-05,-4.88708e-05,-4.05712e-05,-3.07972e-05,-1.9847e-05,-8.13186e-06,3.81972e-06,1.53666e-05,2.57742e-05,3.42526e-05,4.00166e-05,4.23658e-05,4.07756e-05,3.39828e-05,3.39828e-05
3.60366e-05,3.60366e-05,3.54823e-05,3.49828e-05,3.45432e-05,3.41557e-05,3.38133e-05,3.35097e-05,3.32394e-05,3.29973e-05,3.27785e-05,3.25782e-05,3.23916e-05,3.22135e-05,3.20386e-05,3.18607e-05,3.16729e-05,3.14673e-05,3.12346e-05,3.09638e-05,3.06423e-05,3.0255e-05,2.97846e-05,2.92107e-05,2.85102e-05,2.76565e-05,2.66203e-05,2.5369e-05,2.38679e-05,2.20806e-05,1.99703e-05,1.75018e-05,1.46434e-05,1.13697e-05,7.66526e-06,3.5277e-06,-1.02805e-06,-5.966e-06,-1.12256e-05,-1.67186e-05,-2.23278e-05,-2.79059e-05,-3.32774e-05,-3.82416e-05,-4.25781e-05,-4.60538e-05,-4.84321e-05,-4.94837e-05,-4.89982e-05,-4.6797e-05,-4.27471e-05,-3.67754e-05,-2.88867e-05,-1.91758e-05,-7.84401e-06,4.78467e-06,1.82503e-05,3.19507e-05,4.51468e-05,5.69869e-05,6.65554e-05,7.29495e-05,7.53794e-05,7.32795e-05,6.52457e-05,6.52457e-05
3.56851e-05,3.56851e-05,3.5173e-05,3.47053e-05,3.42884e-05,3.39155e-05,3.35809e-05,3.32794e-05,3.30067e-05,3.27585e-05,3.25311e-05,3.23206e-05,3.21233e-05,3.19352e-05,3.17521e-05,3.15692e-05,3.13811e-05,3.11817e-05,3.09636e-05,3.07185e-05,3.04362e-05,3.01051e-05,2.97111e-05,2.92382e-05,2.86676e-05,2.79779e-05,2.71448e-05,2.61415e-05,2.49388e-05,2.35057e-05,2.18105e-05,1.98221e-05,1.75118e-05,1.48558e-05,1.1838e-05,8.45323e-06,4.71125e-06,6.40243e-07,-3.70919e-06,-8.26067e-06,-1.29094e-05,-1.75206e-05,-2.19294e-05,-2.59428e-05,-2.93431e-05,-3.18942e-05,-3.33494e-05,-3.3462e-05,-3.19973e-05,-2.87469e-05,-2.35446e-05,-1.62845e-05,-6.94029e-06,4.40864e-06,1.75626e-05,3.21771e-05,4.7744e-05,6.358e-05,7.88306e-05,9.24983e-05,0.000103504,0.000110783,0.00011342,0.000110784,0.000101276,0.000101276
3.52666e-05,3.52666e-05,3.48039e-05,3.43736e-05,3.39832e-05,3.36274e-05,3.33018e-05,3.30024e-05,3.2726e-05,3.24696e-05,3.22302e-05,3.20052e-05,3.17917e-05,3.15869e-05,3.13877e-05,3.11905e-05,3.09913e-05,3.07856e-05,3.0568e-05,3.03322e-05,3.00708e-05,2.97749e-05,2.94341e-05,2.90362e-05,2.85669e-05,2.80098e-05,2.73461e-05,2.6555e-05,2.56134e-05,2.44966e-05,2.31792e-05,2.16356e-05,1.98423e-05,1.77791e-05,1.54319e-05,1.27957e-05,9.87764e-06,6.70109e-06,3.309e-06,-2.32188e-07,-3.82937e-06,-7.36031e-06,-1.06724e-05,-1.35826e-05,-1.58801e-05,-1.73298e-05,-1.76796e-05,-1.66688e-05,-1.40407e-05,-9.55663e-06,-3.01376e-06,5.73401e-06,1.67519e-05,2.99961e-05,4.52785e-05,6.22447e-05,8.03442e-05,9.88081e-05,0.000116648,0.000132683,0.000145617,0.00015416,0.000157203,0.000154009,0.000142696,0.000142696
3.47944e-05,3.47944e-05,3.43875e-05,3.39991e-05,3.36384e-05,3.33016e-05,3.29856e-05,3.26879e-05,3.24064e-05,3.21392e-05,3.18844e-05,3.16404e-05,3.14053e-05,3.11772e-05,3.09539e-05,3.07332e-05,3.05122e-05,3.02878e-05,3.00562e-05,2.98132e-05,2.95536e-05,2.92712e-05,2.89588e-05,2.86079e-05,2.82085e-05,2.77491e-05,2.72162e-05,2.6595e-05,2.58688e-05,2.502e-05,2.403e-05,2.28803e-05,2.15537e-05,2.00359e-05,1.83174e-05,1.63959e-05,1.42796e-05,1.199e-05,9.56596e-06,7.06686e-06,4.57652e-06,2.20609e-06,9.6363e-08,-1.58111e-06,-2.62436e-06,-2.80337e-06,-1.86464e-06,4.61523e-07,4.45065e-06,1.03702e-05,1.84616e-05,2.89176e-05,4.18542e-05,5.72777e-05,7.50369e-05,9.4786e-05,0.000115946,0.000137664,0.000158802,0.000177952,0.000193524,0.0002039,0.00020767,0.000203909,0.00019031,0.00019031
3.42841e-05,3.42841e-05,3.3938e-05,3.3595e-05,3.32661e-05,3.29492e-05,3.26428e-05,3.23459e-05,3.20574e-05,3.17767e-05,3.1503e-05,3.12355e-05,3.09734e-05,3.07155e-05,3.04606e-05,3.02074e-05,2.99542e-05,2.96989e-05,2.94393e-05,2.91727e-05,2.8896e-05,2.86053e-05,2.82963e-05,2.79636e-05,2.76013e-05,2.72022e-05,2.67581e-05,2.62598e-05,2.56973e-05,2.50598e-05,2.4336e-05,2.35153e-05,2.2588e-05,2.15473e-05,2.03903e-05,1.91203e-05,1.77493e-05,1.63009e-05,1.48134e-05,1.33432e-05,1.19685e-05,1.07924e-05,9.94618e-06,9.59098e-06,9.91924e-06,1.11541e-05,1.35469e-05,1.73724e-05,2.29205e-05,3.04849e-05,4.03455e-05,5.27466e-05,6.78659e-05,8.57754e-05,0.000106399,0.000129431,0.000154287,0.000180052,0.000205428,0.000228735,0.000247985,0.000261074,0.000266105,0.000261805,0.000245187,0.000245187
3.37528e-05,3.37528e-05,3.34709e-05,3.31753e-05,3.28792e-05,3.25823e-05,3.22848e-05,3.19869e-05,3.16892e-05,3.13921e-05,3.10958e-05,3.08004e-05,3.05059e-05,3.02121e-05,2.99185e-05,2.96245e-05,2.93292e-05,2.90317e-05,2.87308e-05,2.84251e-05,2.81131e-05,2.7793e-05,2.74626e-05,2.71197e-05,2.67614e-05,2.63847e-05,2.59859e-05,2.55612e-05,2.51066e-05,2.4618e-05,2.40915e-05,2.35243e-05,2.29152e-05,2.22654e-05,2.15805e-05,2.08712e-05,2.01563e-05,1.94646e-05,1.88379e-05,1.83337e-05,1.80291e-05,1.80238e-05,1.84431e-05,1.94411e-05,2.12027e-05,2.39446e-05,2.79149e-05,3.33909e-05,4.06736e-05,5.00793e-05,6.19258e-05,7.65119e-05,9.40878e-05,0.000114814,0.000138705,0.000165568,0.000194866,0.000225658,0.000256509,0.000285428,0.000309902,0.000327107,0.000334324,0.000329614,0.000308815,0.000308815
3.32195e-05,3.32195e-05,3.30032e-05,3.27554e-05,3.24916e-05,3.22135e-05,3.1923e-05,3.1622e-05,3.13123e-05,3.09954e-05,3.06727e-05,3.03451e-05,3.00134e-05,2.9678e-05,2.9339e-05,2.89966e-05,2.86504e-05,2.83003e-05,2.79459e-05,2.75868e-05,2.72228e-05,2.68534e-05,2.64786e-05,2.60981e-05,2.5712e-05,2.53205e-05,2.49239e-05,2.45232e-05,2.41194e-05,2.37147e-05,2.33123e-05,2.29167e-05,2.25349e-05,2.2177e-05,2.18572e-05,2.15955e-05,2.14192e-05,2.13647e-05,2.14807e-05,2.18301e-05,2.24932e-05,2.35709e-05,2.51882e-05,2.74968e-05,3.0678e-05,3.49453e-05,4.05454e-05,4.77583e-05,5.68951e-05,6.82931e-05,8.23066e-05,9.9291e-05,0.000119578,0.000143437,0.000171016,0.000202261,0.000236818,0.000273805,0.000311716,0.000348261,0.000380279,0.000403885,0.00041498,0.000410279,0.000383381,0.000383381
3.27045e-05,3.27045e-05,3.25528e-05,3.23512e-05,3.21175e-05,3.18556e-05,3.15693e-05,3.12621e-05,3.0937e-05,3.05967e-05,3.02437e-05,2.98797e-05,2.9506e-05,2.91238e-05,2.87337e-05,2.83361e-05,2.79314e-05,2.75196e-05,2.7101e-05,2.6676e-05,2.62449e-05,2.58086e-05,2.53682e-05,2.49251e-05,2.44817e-05,2.40405e-05,2.36053e-05,2.31805e-05,2.2772e-05,2.2387e-05,2.20346e-05,2.17263e-05,2.14768e-05,2.13043e-05,2.12321e-05,2.12892e-05,2.15126e-05,2.19483e-05,2.26537e-05,2.37e-05,2.5175e-05,2.71854e-05,2.98606e-05,3.33553e-05,3.78531e-05,4.35692e-05,5.07533e-05,5.96912e-05,7.07062e-05,8.41573e-05,0.000100436,0.000119957,0.000143142,0.000170387,0.000202014,0.000238189,0.000278786,0.00032324,0.000370138,0.000417015,0.00046003,0.000493842,0.000512046,0.000508631,0.000472409,0.000472409
3.22295e-05,3.22295e-05,3.21385e-05,3.19789e-05,3.17712e-05,3.15216e-05,3.12354e-05,3.09178e-05,3.05733e-05,3.02057e-05,2.98182e-05,2.94136e-05,2.89938e-05,2.85602e-05,2.81139e-05,2.76556e-05,2.71858e-05,2.67049e-05,2.62133e-05,2.57117e-05,2.52009e-05,2.46823e-05,2.41579e-05,2.36304e-05,2.31032e-05,2.2581e-05,2.20698e-05,2.15769e-05,2.11115e-05,2.06852e-05,2.03119e-05,2.0009e-05,1.97974e-05,1.97029e-05,1.97567e-05,1.99968e-05,2.04695e-05,2.12306e-05,2.23475e-05,2.39014e-05,2.59898e-05,2.87286e-05,3.22556e-05,3.67337e-05,4.23536e-05,4.93381e-05,5.79452e-05,6.84719e-05,8.12576e-05,9.66868e-05,0.000115191,0.000137248,0.000163375,0.000194114,0.000229999,0.000271488,0.000318844,0.00037192,0.000429879,0.000490482,0.000549461,0.000599794,0.000631496,0.000633134,0.000582482,0.000582482
3.18169e-05,3.18169e-05,3.1779e-05,3.16547e-05,3.1467e-05,3.12239e-05,3.09325e-05,3.05995e-05,3.02307e-05,2.98312e-05,2.94051e-05,2.89559e-05,2.8486e-05,2.79971e-05,2.74906e-05,2.69672e-05,2.64274e-05,2.58714e-05,2.52998e-05,2.47132e-05,2.41124e-05,2.34991e-05,2.28756e-05,2.2245e-05,2.16117e-05,2.09814e-05,2.03615e-05,1.97614e-05,1.91927e-05,1.867e-05,1.82109e-05,1.7837e-05,1.75746e-05,1.74554e-05,1.75172e-05,1.78058e-05,1.83757e-05,1.92918e-05,2.06312e-05,2.24853e-05,2.49618e-05,2.81877e-05,3.23113e-05,3.75064e-05,4.3975e-05,5.19514e-05,6.17067e-05,7.35537e-05,8.78525e-05,0.000105017,0.000125521,0.000149909,0.000178799,0.00021289,0.000252956,0.000299817,0.000354265,0.000416888,0.000487714,0.000565614,0.000647098,0.000724017,0.000781869,0.000799296,0.000728174,0.000728174
3.14887e-05,3.14887e-05,3.14922e-05,3.13939e-05,3.12183e-05,3.09746e-05,3.06713e-05,3.03166e-05,2.99179e-05,2.94814e-05,2.90123e-05,2.85145e-05,2.79911e-05,2.74438e-05,2.6874e-05,2.62823e-05,2.56688e-05,2.50338e-05,2.43772e-05,2.36994e-05,2.30011e-05,2.22835e-05,2.15489e-05,2.08005e-05,2.00428e-05,1.92821e-05,1.85263e-05,1.7786e-05,1.70741e-05,1.64072e-05,1.58053e-05,1.52931e-05,1.49003e-05,1.46631e-05,1.46244e-05,1.48358e-05,1.53585e-05,1.62649e-05,1.76404e-05,1.95853e-05,2.22171e-05,2.56727e-05,3.01118e-05,3.57193e-05,4.27096e-05,5.13303e-05,6.18675e-05,7.46517e-05,9.00653e-05,0.000108552,0.000130629,0.000156904,0.000188093,0.00022505,0.000268794,0.000320545,0.000381729,0.000453936,0.000538703,0.000636933,0.00074755,0.000865306,0.000972996,0.00103515,0.000945299,0.000945299
3.12637e-05,3.12637e-05,3.12931e-05,3.12104e-05,3.1038e-05,3.0785e-05,3.04616e-05,3.00777e-05,2.96424e-05,2.91632e-05,2.86464e-05,2.80964e-05,2.75164e-05,2.69083e-05,2.62731e-05,2.56112e-05,2.49222e-05,2.42056e-05,2.34611e-05,2.26883e-05,2.18873e-05,2.10588e-05,2.02045e-05,1.93273e-05,1.84312e-05,1.75225e-05,1.66091e-05,1.57018e-05,1.48141e-05,1.39633e-05,1.31708e-05,1.24629e-05,1.18715e-05,1.14354e-05,1.1201e-05,1.12238e-05,1.15698e-05,1.23166e-05,1.35558e-05,1.53948e-05,1.79584e-05,2.13923e-05,2.58649e-05,3.15712e-05,3.87362e-05,4.76194e-05,5.85202e-05,7.17847e-05,8.78144e-05,0.000107078,0.000130128,0.000157623,0.000190358,0.000229316,0.000275729,0.000331182,0.000397737,0.0004781,0.000575766,0.000694965,0.000839939,0.00101237,0.00120698,0.00138399,0.00132036,0.00132036
3.11503e-05,3.11503e-05,3.11922e-05,3.11167e-05,3.09383e-05,3.06661e-05,3.03125e-05,2.98902e-05,2.94105e-05,2.88824e-05,2.8313e-05,2.77072e-05,2.70681e-05,2.63975e-05,2.5696e-05,2.49631e-05,2.4198e-05,2.33994e-05,2.25659e-05,2.16963e-05,2.07899e-05,1.98466e-05,1.8867e-05,1.78533e-05,1.68089e-05,1.57391e-05,1.46515e-05,1.35562e-05,1.24668e-05,1.14003e-05,1.03782e-05,9.42749e-06,8.58085e-06,7.87826e-06,7.36783e-06,7.10719e-06,7.16489e-06,7.62198e-06,8.57382e-06,1.0132e-05,1.24268e-05,1.5609e-05,1.98536e-05,2.53622e-05,3.23669e-05,4.11352e-05,5.1975e-05,6.52417e-05,8.13479e-05,0.000100776,0.000124096,0.000151993,0.000185306,0.000225087,0.000272698,0.000329959,0.000399392,0.00048461,0.000590946,0.00072638,0.000902735,0.00113678,0.00145066,0.00187493,0.00203766,0.00203766
3.11237e-05,3.11237e-05,3.1188e-05,3.11189e-05,3.09255e-05,3.06216e-05,3.02253e-05,2.97535e-05,2.92203e-05,2.86363e-05,2.80093e-05,2.73445e-05,2.66446e-05,2.5911e-05,2.51433e-05,2.43404e-05,2.35003e-05,2.26207e-05,2.16991e-05,2.07332e-05,1.97211e-05,1.86615e-05,1.7554e-05,1.63995e-05,1.52001e-05,1.39602e-05,1.26862e-05,1.13873e-05,1.0076e-05,8.76845e-06,7.48566e-06,6.2538e-06,5.10538e-06,4.08021e-06,3.22661e-06,2.60268e-06,2.27781e-06,2.33425e-06,2.86897e-06,3.9956e-06,5.84661e-06,8.57572e-06,1.23606e-05,1.74061e-05,2.39473e-05,3.22545e-05,4.26379e-05,5.54546e-05,7.11174e-05,9.01075e-05,0.000112993,0.000140453,0.000173321,0.000212648,0.000259804,0.000316656,0.000385869,0.000471452,0.000579756,0.000721347,0.000914556,0.00119238,0.0016165,0.00230718,0.00345513,0.00345513
3.11237e-05,3.11237e-05,3.1188e-05,3.11189e-05,3.09255e-05,3.06216e-05,3.02253e-05,2.97535e-05,2.92203e-05,2.86363e-05,2.80093e-05,2.73445e-05,2.66446e-05,2.5911e-05,2.51433e-05,2.43404e-05,2.35003e-05,2.26207e-05,2.16991e-05,2.07332e-05,1.97211e-05,1.86615e-05,1.7554e-05,1.63995e-05,1.52001e-05,1.39602e-05,1.26862e-05,1.13873e-05,1.0076e-05,8.76845e-06,7.48566e-06,6.2538e-06,5.10538e-06,4.08021e-06,3.22661e-06,2.60268e-06,2.27781e-06,2.33425e-06,2.86897e-06,3.9956e-06,5.84661e-06,8.57572e-06,1.23606e-05,1.74061e-05,2.39473e-05,3.22545e-05,4.26379e-05,5.54546e-05,7.11174e-05,9.01075e-05,0.000112993,0.000140453,0.000173321,0.000212648,0.000259804,0.000316656,0.000385869,0.000471452,0.000579756,0.000721347,0.000914556,0.00119238,0.0016165,0.00230718,0.00345513,0
