0,0,0,0,0,0,0,0,0,0,0,0,0,0,0,0,0,0,0,0,0,0,0,0,0,0,0,0,0,0,0,0,0,0,0,0,0,0,0,0,0,0,0,0,0,0,0,0,0,0,0,0,0,0,0,0,0,0,0,0,0,0,0,0,0,1
0,8.64121e-05,0.000333995,0.00046778,0.000489918,0.000425872,0.000292315,9.63168e-05,-0.000160155,-0.000475914,-0.000847545,-0.00126777,-0.00172482,-0.00220257,-0.00268144,-0.00313974,-0.00355532,-0.00390727,-0.00417743,-0.00435161,-0.00442039,-0.00437951,-0.00422976,-0.00397661,-0.00362953,-0.00320109,-0.00270616,-0.00216088,-0.00158198,-0.000986026,-0.000389242,0.000192814,0.000749491,0.00126939,0.00174233,0.00216023,0.00251719,0.0028094,0.00303491,0.0031936,0.00328699,0.00331812,0.00329136,0.0032122,0.00308699,0.00292265,0.00272628,0.00250482,0.00226455,0.00201048,0.00174538,0.00146793,0.00116931,0.000827047,0.000394486,-0.000216016,-0.00115869,-0.00269472,-0.00525781,-0.0095975,-0.0171474,-0.0307443,-0.0526789,-0.053094,0.178148,1
0,0.000446154,0.00111037,0.00142791,0.00142557,0.00115541,0.00065619,-4.9677e-05,-0.000948413,-0.00202592,-0.00326177,-0.00462556,-0.00607597,-0.00756222,-0.00902695,-0.01041,-0.0116526,-0.0127012,-0.0135105,-0.014046,-0.0142854,-0.0142187,-0.013848,-0.013186,-0.0122548,-0.0110836,-0.00970709,-0.00816358,-0.00649311,-0.00473611,-0.00293208,-0.00111754,0.00066971,0.00239157,0.00401733,0.00551981,0.0068753,0.00806389,0.00906966,0.00988098,0.0104907,0.0108965,0.0111007,0.0111103,0.010937,0.0105959,0.0101051,0.00948436,0.00875269,0.00792643,0.00701516,0.00601575,0.00490239,0.00361058,0.0020126,-0.000117057,-0.00314811,-0.00765134,-0.0144614,-0.0247337,-0.039866,-0.060513,-0.0803479,-0.0492805,0.309623,1
0,0.000930482,0.00206663,0.00252566,0.00239634,0.00176463,0.000694717,-0.000768802,-0.00258975,-0.00472875,-0.00713502,-0.00974208,-0.0124679,-0.0152183,-0.0178921,-0.0203874,-0.0226081,-0.0244693,-0.0259013,-0.0268529,-0.0272925,-0.0272077,-0.0266044,-0.0255045,-0.0239432,-0.0219662,-0.0196266,-0.0169825,-0.0140944,-0.0110234,-0.00782961,-0.00457102,-0.00130483,0.00191509,0.00503258,0.00799898,0.0107691,0.0133011,0.0155572,0.017504,0.0191135,0.0203639,0.0212403,0.0217365,0.0218546,0.0216055,0.0210085,0.0200889,0.0188755,0.0173954,0.0156672,0.0136901,0.0114274,0.00878277,0.00556623,0.00145253,-0.00406495,-0.0117167,-0.0224667,-0.0374079,-0.0572051,-0.0797076,-0.0899004,-0.0169861,0.394849,1
0,0.0014202,0.00299249,0.00350428,0.00312098,0.00197079,0.000149027,-0.00227035,-0.00521959,-0.00862357,-0.0123908,-0.01641,-0.0205523,-0.0246763,-0.0286359,-0.0322888,-0.0355047,-0.0381717,-0.0402015,-0.0415316,-0.0421269,-0.0419782,-0.0410998,-0.0395266,-0.0373094,-0.0345119,-0.0312056,-0.0274672,-0.0233753,-0.019008,-0.0144415,-0.00974919,-0.00500162,-0.000265544,0.00439407,0.00891252,0.0132288,0.0172843,0.0210221,0.0243877,0.0273296,0.0298004,0.0317585,0.0331705,0.0340126,0.0342728,0.0339513,0.0330606,0.0316224,0.0296626,0.0272024,0.0242438,0.0207497,0.0166147,0.0116291,0.00543677,-0.00250123,-0.0129227,-0.026728,-0.0447534,-0.0668577,-0.0883625,-0.0869241,0.0192812,0.455182,1
0,0.0018374,0.00373524,0.00417833,0.00340184,0.00157906,-0.00115838,-0.00470069,-0.00894087,-0.0137599,-0.0190183,-0.0245541,-0.0301871,-0.0357267,-0.0409818,-0.0457712,-0.0499338,-0.0533354,-0.0558742,-0.0574833,-0.0581302,-0.0578151,-0.0565667,-0.0544376,-0.0514991,-0.0478352,-0.0435385,-0.0387049,-0.0334309,-0.0278101,-0.0219325,-0.0158825,-0.00974002,-0.00358028,0.00252812,0.00851556,0.0143148,0.0198595,0.0250835,0.0299197,0.0343005,0.0381583,0.0414269,0.0440437,0.0459524,0.047106,0.0474698,0.0470231,0.0457588,0.0436806,0.0407951,0.0370979,0.0325531,0.0270644,0.0204393,0.0123521,0.00231637,-0.0103141,-0.0262776,-0.0461192,-0.0690255,-0.0883015,-0.0762407,0.0538309,0.500842,1
0,0.00214019,0.00419954,0.0044255,0.0031058,0.000456071,-0.003353,-0.00817061,-0.0138442,-0.0202044,-0.0270573,-0.034185,-0.0413519,-0.0483156,-0.0548394,-0.0607052,-0.0657242,-0.0697454,-0.07266,-0.0744033,-0.0749529,-0.0743254,-0.0725701,-0.0697633,-0.0660005,-0.0613902,-0.0560478,-0.0500901,-0.0436314,-0.0367808,-0.02964,-0.0223033,-0.0148568,-0.00738003,5.38977e-05,0.00737711,0.0145225,0.0214239,0.0280141,0.0342233,0.0399783,0.045202,0.0498137,0.0537303,0.0568686,0.0591482,0.0604956,0.0608474,0.0601532,0.0583757,0.0554871,0.0514598,0.0462494,0.0397705,0.0318658,0.0222749,0.0106136,-0.00362053,-0.0209686,-0.0417086,-0.0645314,-0.0812815,-0.0606022,0.0860959,0.536985,1
0,0.00231253,0.00433655,0.00417438,0.00214832,-0.00148911,-0.00652731,-0.0127704,-0.0200145,-0.028033,-0.0365708,-0.0453478,-0.0540681,-0.0624351,-0.0701666,-0.0770101,-0.0827549,-0.0872398,-0.0903573,-0.0920532,-0.0923238,-0.0912093,-0.0887865,-0.0851603,-0.0804547,-0.0748051,-0.0683513,-0.061231,-0.0535761,-0.0455095,-0.0371435,-0.0285794,-0.0199079,-0.0112106,-0.00256155,0.00597235,0.0143272,0.0224403,0.030248,0.0376836,0.0446758,0.0511469,0.0570122,0.0621799,0.0665516,0.0700246,0.0724948,0.0738604,0.0740266,0.0729083,0.0704316,0.0665303,0.0611366,0.0541653,0.0454909,0.0349242,0.0221967,0.00696742,-0.0111131,-0.0320976,-0.0543412,-0.0687091,-0.0414525,0.116499,0.56666,1
0,0.00235447,0.00412916,0.00338904,0.000477739,-0.00432032,-0.010754,-0.018578,-0.0275301,-0.0373183,-0.047618,-0.0580793,-0.0683415,-0.0780524,-0.086887,-0.0945641,-0.100859,-0.105611,-0.108722,-0.11016,-0.109947,-0.108156,-0.104898,-0.100309,-0.0945459,-0.0877725,-0.0801527,-0.0718443,-0.0629947,-0.0537378,-0.0441936,-0.0344674,-0.0246518,-0.0148278,-0.00506717,0.00456514,0.0140093,0.023207,0.0320994,0.0406247,0.048716,0.0562995,0.0632925,0.0696029,0.0751277,0.0797544,0.0833614,0.0858217,0.087006,0.086788,0.0850482,0.0816766,0.0765715,0.069633,0.0607519,0.0497947,0.0365943,0.0209549,0.00270167,-0.0180486,-0.0394373,-0.0517146,-0.019625,0.145581,0.591847,1
0,0.00227358,0.00357712,0.00205326,-0.00193961,-0.00808716,-0.0160951,-0.025662,-0.0364584,-0.048116,-0.0602309,-0.0723764,-0.0841246,-0.0950699,-0.104851,-0.113168,-0.119793,-0.124577,-0.127445,-0.128394,-0.127484,-0.124826,-0.120568,-0.114886,-0.107969,-0.100009,-0.091194,-0.0816986,-0.0716825,-0.061287,-0.0506352,-0.039833,-0.0289705,-0.0181249,-0.00736323,0.00325476,0.0136742,0.0238422,0.0337048,0.0432052,0.0522811,0.0608629,0.0688719,0.0762186,0.0828015,0.0885059,0.0932046,0.0967582,0.099018,0.0998301,0.0990404,0.0965009,0.0920743,0.0856371,0.0770783,0.0662961,0.0531944,0.0376883,0.0197401,-0.000406322,-0.0207736,-0.0312483,0.00430705,0.173797,0.6139,1
0,0.00207839,0.00268466,0.000156695,-0.00513176,-0.0128339,-0.0226057,-0.0340797,-0.046846,-0.060448,-0.0743927,-0.0881728,-0.101295,-0.113308,-0.123826,-0.132543,-0.139242,-0.143798,-0.146168,-0.146392,-0.144572,-0.140864,-0.13546,-0.128577,-0.120436,-0.111259,-0.101251,-0.0906029,-0.0794809,-0.0680289,-0.0563685,-0.0446011,-0.0328105,-0.0210665,-0.00942806,0.00205301,0.013329,0.0243534,0.0350783,0.0454518,0.0554161,0.0649054,0.0738441,0.0821458,0.0897112,0.0964272,0.102166,0.106786,0.11013,0.112031,0.112315,0.110808,0.107345,0.101777,0.0939806,0.0838616,0.0713621,0.0564665,0.0392288,0.019979,0.000755258,-0.00813777,0.0298783,0.201481,0.633757,1
0,0.00177389,0.00145138,-0.00231472,-0.00912863,-0.0186029,-0.0303322,-0.043868,-0.0587048,-0.0742849,-0.0900202,-0.105324,-0.119647,-0.132506,-0.143505,-0.152348,-0.158843,-0.162897,-0.164514,-0.16378,-0.16085,-0.155931,-0.149262,-0.1411,-0.131701,-0.121309,-0.110149,-0.0984164,-0.086281,-0.0738836,-0.0613388,-0.048739,-0.0361576,-0.0236534,-0.0112748,0.000936817,0.0129429,0.0247051,0.0361826,0.0473294,0.0580925,0.0684097,0.0782086,0.0874046,0.0959004,0.103584,0.11033,0.115995,0.120423,0.123442,0.124872,0.124525,0.122218,0.117783,0.11108,0.102007,0.0905168,0.0766244,0.0604316,0.0423132,0.0243337,0.016887,0.0566723,0.228837,0.652066,1
0,0.0013593,-0.000132255,-0.00538326,-0.013964,-0.0254323,-0.0393044,-0.0550315,-0.0719964,-0.0895312,-0.106953,-0.123606,-0.138901,-0.15234,-0.163535,-0.172213,-0.178216,-0.181498,-0.182114,-0.180208,-0.175992,-0.16973,-0.161711,-0.152231,-0.141578,-0.130015,-0.117776,-0.105061,-0.092033,-0.0788243,-0.0655378,-0.0522523,-0.0390275,-0.0259088,-0.0129318,-0.000126044,0.0124806,0.0248592,0.0369772,0.0487956,0.0602671,0.0713343,0.0819279,0.0919658,0.101352,0.109975,0.117711,0.124416,0.129936,0.1341,0.136726,0.137622,0.136599,0.133475,0.128096,0.120346,0.110169,0.09758,0.0826935,0.0658945,0.0492491,0.0431836,0.0843027,0.255962,0.669264,1
0,0.000827722,-0.00208559,-0.00907877,-0.0196719,-0.0333487,-0.0495241,-0.0675287,-0.0866198,-0.106018,-0.124955,-0.142727,-0.158723,-0.172451,-0.183544,-0.191763,-0.196995,-0.199246,-0.198634,-0.195367,-0.189723,-0.182024,-0.172612,-0.161819,-0.149958,-0.137306,-0.124099,-0.11053,-0.0967512,-0.0828803,-0.0690035,-0.055183,-0.0414625,-0.0278724,-0.0144345,-0.00116616,0.011916,0.024793,0.0374412,0.0498295,0.0619176,0.073654,0.0849742,0.0957992,0.106035,0.115573,0.124287,0.132035,0.138663,0.144,0.147864,0.150067,0.150414,0.14872,0.144818,0.138578,0.129922,0.118851,0.105461,0.090124,0.0748936,0.0702021,0.112412,0.282868,0.685631,1
0,0.000167338,-0.00443503,-0.013434,-0.0262797,-0.0423566,-0.0609533,-0.0812609,-0.102406,-0.123505,-0.14373,-0.162349,-0.178755,-0.192475,-0.203174,-0.210653,-0.214849,-0.215833,-0.213793,-0.209011,-0.201838,-0.192657,-0.181856,-0.169802,-0.156823,-0.1432,-0.129162,-0.114888,-0.100512,-0.0861324,-0.0718152,-0.057604,-0.0435254,-0.0295946,-0.0158202,-0.00220768,0.011237,0.0245046,0.0375803,0.0504417,0.0630562,0.0753794,0.0873533,0.0989043,0.109942,0.120361,0.130035,0.138824,0.146572,0.153108,0.15825,0.161808,0.163589,0.163404,0.161078,0.156463,0.149464,0.140048,0.128284,0.114509,0.100763,0.097478,0.140676,0.309506,0.701334,1
0,-0.000636641,-0.00720947,-0.0184776,-0.0337977,-0.0524274,-0.0735041,-0.0960677,-0.11912,-0.1417,-0.162944,-0.182122,-0.198646,-0.212073,-0.2221,-0.228575,-0.231496,-0.231006,-0.227376,-0.220972,-0.212219,-0.201561,-0.189428,-0.176209,-0.16224,-0.147793,-0.13308,-0.11826,-0.103442,-0.0887014,-0.0740821,-0.0596085,-0.0452909,-0.0311305,-0.0171238,-0.00326609,0.0104461,0.0240121,0.0374257,0.0506726,0.0637288,0.076558,0.0891102,0.101319,0.113102,0.124355,0.134959,0.144772,0.153639,0.161388,0.167834,0.172785,0.176045,0.177421,0.17673,0.173811,0.168544,0.160866,0.150802,0.138653,0.126447,0.124627,0.168808,0.335789,0.71646,1
0,-0.00159976,-0.0104349,-0.0242259,-0.0422104,-0.0634903,-0.0870335,-0.11173,-0.13648,-0.160276,-0.182256,-0.20171,-0.218078,-0.230945,-0.240046,-0.245279,-0.246713,-0.24458,-0.239243,-0.231161,-0.220834,-0.20876,-0.195401,-0.181156,-0.166354,-0.151248,-0.136025,-0.120815,-0.105701,-0.0907312,-0.0759281,-0.0612981,-0.0468367,-0.0325332,-0.0183745,-0.00434779,0.00955789,0.0233492,0.037027,0.050585,0.0640074,0.0772671,0.090323,0.103118,0.115579,0.127609,0.139094,0.149898,0.159864,0.16882,0.176577,0.18294,0.187706,0.190673,0.191651,0.190463,0.186965,0.181062,0.172735,0.162244,0.15162,0.151335,0.196557,0.361606,0.73104,1
0,-0.00273619,-0.0141289,-0.0306759,-0.0514677,-0.0754268,-0.101345,-0.12798,-0.15417,-0.178902,-0.201341,-0.22081,-0.236775,-0.248844,-0.256788,-0.260569,-0.260342,-0.256441,-0.249338,-0.239581,-0.227743,-0.214366,-0.199928,-0.184825,-0.169364,-0.153771,-0.138199,-0.122744,-0.10746,-0.0923703,-0.0774769,-0.0627704,-0.0482342,-0.0338488,-0.019594,-0.00545137,0.00859531,0.0225581,0.0364439,0.0502532,0.0639782,0.0776007,0.0910901,0.1044,0.117467,0.130206,0.142511,0.154252,0.165276,0.175411,0.184465,0.192235,0.198511,0.203079,0.205736,0.206289,0.204569,0.200447,0.193863,0.185041,0.176029,0.177355,0.223713,0.38684,0.74507,1
0,-0.00405692,-0.0182962,-0.0377978,-0.0614797,-0.0880696,-0.116194,-0.14452,-0.171868,-0.197264,-0.219914,-0.239171,-0.254514,-0.26557,-0.272156,-0.27431,-0.272292,-0.266556,-0.257684,-0.246316,-0.233083,-0.218558,-0.203219,-0.187442,-0.171503,-0.155587,-0.13981,-0.124234,-0.108883,-0.0937557,-0.0788388,-0.0641097,-0.049543,-0.0351132,-0.0207962,-0.00657011,0.00758431,0.0216827,0.0357365,0.049752,0.0637286,0.0776569,0.0915165,0.105273,0.118874,0.132249,0.145301,0.157911,0.169934,0.181197,0.191508,0.200657,0.208423,0.21458,0.218906,0.221188,0.221233,0.218877,0.214021,0.206859,0.199478,0.20249,0.250101,0.411374,0.758527,1
0,-0.00556804,-0.0229243,-0.0455311,-0.0721137,-0.101207,-0.131305,-0.16104,-0.18927,-0.215085,-0.237736,-0.256588,-0.27112,-0.280978,-0.286036,-0.286429,-0.282545,-0.274964,-0.264381,-0.251518,-0.237051,-0.221563,-0.205516,-0.189252,-0.173003,-0.156912,-0.141052,-0.125452,-0.110108,-0.0950014,-0.0801029,-0.0653819,-0.0508077,-0.0363519,-0.0219887,-0.00769513,0.00654926,0.0207622,0.0349582,0.0491481,0.0633374,0.0775251,0.0917006,0.105841,0.119909,0.133844,0.147567,0.160969,0.173914,0.186236,0.197743,0.208219,0.217433,0.225142,0.231106,0.235087,0.236865,0.236244,0.233084,0.22756,0.221821,0.226593,0.275577,0.435101,0.771375,1
0,-0.00726928,-0.0279802,-0.053781,-0.0831962,-0.11459,-0.146384,-0.177239,-0.206101,-0.232135,-0.254618,-0.272905,-0.286465,-0.29497,-0.298369,-0.296919,-0.291148,-0.281771,-0.269588,-0.25539,-0.239878,-0.223626,-0.207065,-0.190489,-0.174081,-0.157936,-0.142088,-0.126533,-0.111247,-0.0961927,-0.0813334,-0.0666329,-0.0520584,-0.0375809,-0.0231751,-0.0088184,0.00550929,0.0198265,0.0341497,0.0484929,0.0628672,0.0772783,0.0917252,0.106197,0.120667,0.135093,0.149409,0.16352,0.177303,0.190601,0.203224,0.214955,0.225552,0.234757,0.242307,0.247939,0.251404,0.25247,0.250962,0.247045,0.242954,0.249554,0.300031,0.457926,0.783579,1
0,-0.00915257,-0.0334077,-0.0624183,-0.0945174,-0.127948,-0.161136,-0.192842,-0.222131,-0.24823,-0.270417,-0.28801,-0.300466,-0.307496,-0.309151,-0.305829,-0.298208,-0.287136,-0.273508,-0.258163,-0.241808,-0.224991,-0.208095,-0.191361,-0.174916,-0.158811,-0.143041,-0.127577,-0.112374,-0.0973862,-0.0825713,-0.067891,-0.0533128,-0.0388093,-0.024357,-0.00993485,0.00447614,0.0188943,0.033337,0.0478208,0.0623606,0.0769685,0.0916515,0.106409,0.121228,0.13608,0.150914,0.165653,0.180186,0.194369,0.208018,0.220916,0.232814,0.243438,0.252504,0.259723,0.264812,0.267507,0.267598,0.265249,0.262806,0.271297,0.323379,0.47977,0.795104,1
0,-0.0112007,-0.0391266,-0.0712812,-0.10584,-0.141002,-0.175285,-0.207611,-0.237173,-0.263232,-0.285027,-0.301826,-0.313077,-0.318553,-0.318428,-0.313258,-0.303875,-0.291252,-0.276362,-0.260071,-0.243074,-0.225876,-0.208802,-0.192035,-0.175648,-0.159647,-0.143996,-0.128644,-0.113534,-0.0986137,-0.0838381,-0.0691702,-0.0545798,-0.0400421,-0.0255363,-0.0110435,0.00345361,0.0179727,0.0325316,0.0471482,0.0618407,0.076626,0.0915182,0.106526,0.121647,0.136868,0.152154,0.167442,0.182639,0.197614,0.212192,0.226159,0.239261,0.251214,0.261711,0.270437,0.277076,0.281329,0.282955,0.282131,0.281333,0.291773,0.345559,0.500567,0.805923,1
0,-0.0133865,-0.0450323,-0.0801802,-0.11691,-0.153477,-0.188582,-0.22135,-0.251083,-0.277037,-0.298377,-0.314312,-0.324293,-0.32818,-0.326291,-0.319346,-0.30833,-0.294329,-0.278373,-0.261336,-0.243884,-0.226464,-0.209342,-0.192637,-0.176373,-0.160516,-0.145004,-0.12977,-0.11475,-0.0998884,-0.0851416,-0.0704753,-0.0558626,-0.0412823,-0.0267162,-0.0121479,0.00243831,0.0170592,0.0317324,0.046477,0.0613133,0.076262,0.0913428,0.106572,0.121959,0.137501,0.153178,0.168944,0.184724,0.200398,0.215807,0.230741,0.244945,0.258124,0.269955,0.280096,0.288199,0.29393,0.297022,0.297673,0.298513,0.310954,0.366531,0.520271,0.816016,1
0,-0.0156718,-0.0509974,-0.0889043,-0.127469,-0.165117,-0.200814,-0.233902,-0.263754,-0.289572,-0.310422,-0.325453,-0.334141,-0.336452,-0.332861,-0.324257,-0.311769,-0.296576,-0.279749,-0.262153,-0.244408,-0.226899,-0.209827,-0.193251,-0.177149,-0.161455,-0.146087,-0.130966,-0.116026,-0.101211,-0.086481,-0.0718058,-0.0571624,-0.0425329,-0.0279019,-0.0132554,0.0014211,0.0161434,0.0309289,0.0457974,0.0607706,0.0758719,0.0911256,0.106554,0.122176,0.137999,0.154016,0.170199,0.186485,0.202774,0.218917,0.234714,0.249913,0.264212,0.277271,0.288725,0.298197,0.305318,0.309799,0.311873,0.314345,0.328833,0.386271,0.538846,0.825371,1
0,-0.0180077,-0.0568751,-0.0972303,-0.137265,-0.175693,-0.211806,-0.245145,-0.275105,-0.300786,-0.321139,-0.335264,-0.34268,-0.343474,-0.338286,-0.328169,-0.314384,-0.298188,-0.280675,-0.262684,-0.244781,-0.227286,-0.210332,-0.193926,-0.178006,-0.162479,-0.147248,-0.13223,-0.117355,-0.102575,-0.0878517,-0.0731596,-0.0584799,-0.0437979,-0.0291009,-0.0143764,0.000388924,0.0152101,0.0301044,0.0450919,0.0601954,0.0754404,0.0908542,0.106464,0.122296,0.138367,0.154682,0.171226,0.187952,0.204776,0.221564,0.238125,0.254212,0.26952,0.283697,0.296358,0.307096,0.315513,0.321301,0.324744,0.328841,0.345416,0.404772,0.556274,0.833985,1
0,-0.0203346,-0.0625031,-0.104931,-0.146064,-0.185011,-0.221418,-0.254987,-0.285076,-0.310645,-0.330525,-0.34378,-0.349988,-0.349367,-0.34272,-0.331258,-0.316358,-0.29934,-0.281304,-0.263056,-0.2451,-0.227691,-0.210901,-0.194687,-0.178953,-0.163586,-0.14848,-0.13355,-0.11873,-0.103973,-0.0892485,-0.0745348,-0.0598169,-0.0450829,-0.030322,-0.0155231,-0.000673526,0.0142413,0.0292387,0.0443389,0.0595655,0.0749452,0.0905078,0.106284,0.122306,0.138597,0.155174,0.172032,0.18914,0.206428,0.223777,0.241008,0.257879,0.274087,0.289272,0.303028,0.314927,0.32454,0.331553,0.33631,0.342023,0.36072,0.422037,0.572548,0.841865,1
0,-0.0225838,-0.0677105,-0.111787,-0.153655,-0.192907,-0.229539,-0.263357,-0.29362,-0.319126,-0.338591,-0.351053,-0.356161,-0.354264,-0.346323,-0.333693,-0.317856,-0.30018,-0.281761,-0.263364,-0.245433,-0.228157,-0.211553,-0.195536,-0.179982,-0.164763,-0.149769,-0.134914,-0.120137,-0.105397,-0.0906674,-0.0759312,-0.0611768,-0.0463947,-0.0315755,-0.0167088,-0.00178233,0.0132184,0.0283108,0.0435154,0.0588563,0.0743611,0.0900613,0.105991,0.122184,0.138672,0.155479,0.172612,0.190051,0.20774,0.225574,0.243387,0.260946,0.277949,0.29403,0.308771,0.321721,0.332432,0.340583,0.346601,0.353924,0.374772,0.438078,0.587669,0.84902,1
0,-0.0246793,-0.0723234,-0.117592,-0.15986,-0.199253,-0.236086,-0.270196,-0.300699,-0.326217,-0.345357,-0.357146,-0.361301,-0.358299,-0.349246,-0.335629,-0.319022,-0.30083,-0.282141,-0.263676,-0.245819,-0.228703,-0.212292,-0.196467,-0.181081,-0.165997,-0.151102,-0.136311,-0.12157,-0.106842,-0.0921069,-0.0773507,-0.0625647,-0.0477413,-0.032872,-0.0179468,-0.00295332,0.0121231,0.0273002,0.0425987,0.0580434,0.0736624,0.0894882,0.105557,0.121905,0.13857,0.15558,0.172952,0.190677,0.208712,0.226964,0.245279,0.263434,0.281131,0.298001,0.313618,0.327512,0.339218,0.348425,0.355652,0.364579,0.387604,0.452916,0.601649,0.85547,1
0,-0.0265401,-0.076173,-0.122164,-0.164531,-0.203951,-0.240992,-0.275457,-0.30628,-0.331908,-0.35085,-0.362124,-0.36551,-0.361597,-0.351626,-0.337202,-0.319976,-0.301388,-0.282515,-0.264035,-0.246282,-0.229333,-0.213111,-0.197467,-0.182236,-0.167272,-0.152464,-0.137731,-0.123021,-0.108306,-0.0935678,-0.078797,-0.0639871,-0.0491316,-0.0342225,-0.01925,-0.00420137,0.0109385,0.0261879,0.041568,0.0571039,0.0728244,0.0887626,0.104956,0.121443,0.138264,0.155453,0.173034,0.191006,0.209337,0.227946,0.24669,0.265356,0.283653,0.301211,0.317596,0.332329,0.344931,0.355111,0.363501,0.374031,0.399253,0.466576,0.614509,0.861238,1
0,-0.0280839,-0.0791022,-0.125346,-0.167555,-0.206926,-0.244205,-0.279096,-0.310332,-0.336192,-0.355097,-0.366049,-0.368881,-0.364276,-0.353588,-0.338527,-0.320819,-0.301932,-0.282935,-0.264472,-0.246831,-0.230045,-0.214,-0.19852,-0.183429,-0.168575,-0.153846,-0.139166,-0.124488,-0.109788,-0.0950529,-0.0802754,-0.0654511,-0.0505743,-0.0356375,-0.0206304,-0.00554003,0.00964956,0.0249571,0.0404045,0.0560172,0.0718246,0.0878604,0.104162,0.120772,0.13773,0.155075,0.172836,0.191019,0.209602,0.228512,0.24762,0.26672,0.285527,0.303676,0.320729,0.336197,0.3496,0.360677,0.370187,0.382321,0.409758,0.479089,0.626272,0.866349,1
0,-0.0292311,-0.0809731,-0.127018,-0.168852,-0.208129,-0.245684,-0.281072,-0.312821,-0.339058,-0.358116,-0.368975,-0.371496,-0.366434,-0.355236,-0.339705,-0.321633,-0.302522,-0.28344,-0.265006,-0.247472,-0.230833,-0.214945,-0.199614,-0.184649,-0.169895,-0.155241,-0.140613,-0.12597,-0.111291,-0.0965663,-0.0817918,-0.0669641,-0.0520782,-0.0371268,-0.022099,-0.00698137,0.00824281,0.023593,0.0390919,0.0547654,0.0706434,0.0867602,0.103154,0.119867,0.136942,0.154421,0.172335,0.190697,0.20949,0.228652,0.248062,0.267524,0.286761,0.30541,0.323033,0.339139,0.353251,0.365153,0.375749,0.389493,0.419158,0.490486,0.636969,0.870833,1
0,-0.029909,-0.0816731,-0.127094,-0.168373,-0.207526,-0.245392,-0.281343,-0.313713,-0.340487,-0.359915,-0.370937,-0.373416,-0.368149,-0.356656,-0.340815,-0.322485,-0.303207,-0.28406,-0.26565,-0.248203,-0.231688,-0.215937,-0.200736,-0.185885,-0.171224,-0.156643,-0.14207,-0.127467,-0.112817,-0.0981128,-0.0833523,-0.0685334,-0.0536515,-0.0386993,-0.0236655,-0.00853594,0.00670677,0.022083,0.0376161,0.0533328,0.0692635,0.085443,0.10191,0.118707,0.135879,0.153468,0.171508,0.190017,0.208983,0.228351,0.248007,0.267765,0.287354,0.306418,0.32452,0.341171,0.355907,0.368569,0.380225,0.395588,0.427496,0.500803,0.646632,0.874722,1
0,-0.0300571,-0.0811206,-0.125526,-0.166101,-0.205105,-0.243303,-0.279871,-0.312966,-0.340449,-0.360484,-0.371949,-0.374679,-0.369478,-0.35791,-0.34192,-0.32343,-0.304029,-0.284821,-0.266417,-0.249029,-0.232607,-0.216966,-0.201876,-0.187128,-0.172556,-0.158049,-0.143535,-0.128981,-0.11437,-0.0996971,-0.0849628,-0.0701655,-0.0553014,-0.0403628,-0.0253382,-0.0102128,0.00503161,0.0204163,0.0359653,0.0517063,0.0676704,0.0838926,0.100412,0.117273,0.134519,0.152193,0.170333,0.188958,0.20806,0.227589,0.247439,0.26743,0.2873,0.306699,0.325195,0.342304,0.357585,0.370953,0.38365,0.400647,0.434809,0.510073,0.655296,0.878046,1
0,-0.0296303,-0.0792721,-0.122308,-0.162048,-0.200867,-0.239397,-0.276617,-0.310532,-0.338899,-0.359791,-0.371999,-0.375293,-0.370449,-0.359042,-0.343068,-0.324512,-0.305025,-0.28575,-0.267321,-0.249953,-0.233588,-0.218027,-0.203029,-0.188373,-0.173887,-0.159456,-0.14501,-0.130513,-0.115952,-0.101323,-0.086628,-0.0718661,-0.0570339,-0.0421239,-0.0271242,-0.0120196,0.0032091,0.0185838,0.0341296,0.0498748,0.0658514,0.082095,0.0986456,0.115546,0.132842,0.150578,0.168789,0.187498,0.2067,0.226348,0.246342,0.266508,0.286591,0.306249,0.325058,0.342545,0.358301,0.372328,0.386057,0.404711,0.441135,0.518333,0.662998,0.880839,1
0,-0.0286023,-0.0761269,-0.117473,-0.156253,-0.194836,-0.233668,-0.271547,-0.30636,-0.335777,-0.357777,-0.371042,-0.375234,-0.371057,-0.360068,-0.344288,-0.325767,-0.306227,-0.286874,-0.268381,-0.250987,-0.234636,-0.219121,-0.204191,-0.189615,-0.175213,-0.160862,-0.146491,-0.132063,-0.117564,-0.102993,-0.0883513,-0.0736391,-0.0588537,-0.0439877,-0.0290292,-0.0139623,0.00123256,0.0165782,0.0321006,0.047829,0.0637961,0.0800384,0.096596,0.113513,0.130833,0.148602,0.166856,0.185617,0.204882,0.224607,0.244695,0.26498,0.285212,0.305058,0.324104,0.341896,0.358065,0.372715,0.387478,0.407815,0.446512,0.525616,0.669775,0.883132,1
0,-0.0269711,-0.0717256,-0.111092,-0.14879,-0.187056,-0.226123,-0.264633,-0.300391,-0.331005,-0.354357,-0.368995,-0.374436,-0.371264,-0.360973,-0.34559,-0.327219,-0.307667,-0.288223,-0.269624,-0.252149,-0.23576,-0.220252,-0.205363,-0.190853,-0.17653,-0.162264,-0.147977,-0.133629,-0.119207,-0.104708,-0.0901341,-0.0754867,-0.0607636,-0.0459576,-0.031057,-0.0160455,-0.000903176,0.0143936,0.0298718,0.0455613,0.0614959,0.0777125,0.0942521,0.111158,0.128476,0.14625,0.164515,0.183294,0.202584,0.222343,0.242478,0.262825,0.283145,0.303112,0.322325,0.340354,0.356883,0.372132,0.387942,0.409994,0.450974,0.531956,0.675666,0.884958,1
0,-0.0247608,-0.0661518,-0.103279,-0.139764,-0.177601,-0.216794,-0.255862,-0.29257,-0.32449,-0.349414,-0.365737,-0.372789,-0.370985,-0.361709,-0.346957,-0.32888,-0.309374,-0.289833,-0.271084,-0.253468,-0.236982,-0.221431,-0.20655,-0.192087,-0.177837,-0.163657,-0.149463,-0.135209,-0.120877,-0.106465,-0.0919753,-0.0774089,-0.0627644,-0.0480352,-0.0332099,-0.0182722,-0.00320162,0.0120259,0.027438,0.0430657,0.0589434,0.0751089,0.0916036,0.108471,0.125757,0.143504,0.161747,0.180508,0.199783,0.219533,0.239664,0.26002,0.280367,0.30039,0.319705,0.337912,0.354758,0.370595,0.387474,0.41128,0.454552,0.537386,0.680706,0.886346,1
0,-0.0220235,-0.0595324,-0.0941887,-0.129316,-0.166575,-0.205739,-0.24524,-0.282848,-0.316131,-0.342806,-0.361103,-0.370132,-0.370085,-0.36218,-0.348341,-0.330741,-0.311369,-0.291741,-0.272802,-0.254982,-0.238331,-0.222679,-0.207763,-0.19332,-0.179131,-0.165038,-0.150944,-0.136795,-0.122569,-0.108261,-0.0938712,-0.0794028,-0.0648542,-0.0502197,-0.035488,-0.0206431,-0.00566451,0.00947234,0.0247958,0.0403375,0.0561328,0.0722202,0.0886415,0.105441,0.122662,0.140348,0.158533,0.177237,0.196456,0.21615,0.236229,0.256539,0.276854,0.296871,0.316227,0.33456,0.351691,0.368115,0.386099,0.411703,0.457277,0.541939,0.684934,0.887326,1
0,-0.0188383,-0.0520355,-0.0840144,-0.117623,-0.15412,-0.19305,-0.232802,-0.271193,-0.305828,-0.334372,-0.354893,-0.366252,-0.368369,-0.362235,-0.349644,-0.332761,-0.313656,-0.293982,-0.274828,-0.25674,-0.23985,-0.224027,-0.209022,-0.194562,-0.180413,-0.166401,-0.152411,-0.138378,-0.124273,-0.110085,-0.0958142,-0.0814622,-0.0670283,-0.0525073,-0.0378887,-0.023157,-0.00829154,0.00673226,0.0219432,0.0373737,0.0530597,0.0690404,0.0853578,0.102056,0.119179,0.136767,0.154855,0.173461,0.192579,0.212168,0.232142,0.25235,0.272574,0.292527,0.311868,0.330282,0.34768,0.364705,0.383839,0.411291,0.459177,0.545643,0.688385,0.887926,1
0,-0.0153097,-0.0438663,-0.0729866,-0.1049,-0.140415,-0.178862,-0.218621,-0.257603,-0.293494,-0.323943,-0.346874,-0.360885,-0.365578,-0.361653,-0.350711,-0.334853,-0.316212,-0.29658,-0.277212,-0.258804,-0.241596,-0.225522,-0.210358,-0.19583,-0.181691,-0.167744,-0.153857,-0.139948,-0.125976,-0.111926,-0.097793,-0.0835772,-0.0692782,-0.0548912,-0.0404067,-0.0258097,-0.01108,0.00380704,0.0188804,0.0341729,0.049721,0.0655643,0.0817451,0.0983072,0.115294,0.132746,0.150694,0.169155,0.188123,0.207558,0.227371,0.247421,0.267497,0.287328,0.306604,0.325064,0.342718,0.360375,0.380715,0.410068,0.460278,0.548528,0.691093,0.888172,1
0,-0.0115628,-0.035261,-0.0613682,-0.0913995,-0.125685,-0.163359,-0.202823,-0.242122,-0.279073,-0.31136,-0.336794,-0.353719,-0.361385,-0.360138,-0.351308,-0.336868,-0.31897,-0.299536,-0.280002,-0.261244,-0.243643,-0.227228,-0.211819,-0.197156,-0.182979,-0.16907,-0.155275,-0.141492,-0.127665,-0.113769,-0.0997923,-0.0857336,-0.0715911,-0.0573605,-0.0430329,-0.028594,-0.0140243,0.000700528,0.0156094,0.0307352,0.0461148,0.061788,0.077797,0.0941852,0.110996,0.128266,0.146028,0.164296,0.183063,0.202286,0.221883,0.241715,0.261585,0.28124,0.300407,0.318887,0.336803,0.355132,0.376749,0.408059,0.460603,0.550619,0.693092,0.888086,1
0,-0.00773716,-0.0264777,-0.0494481,-0.0774046,-0.110196,-0.146775,-0.18559,-0.224854,-0.262562,-0.296495,-0.324408,-0.344413,-0.3554,-0.357303,-0.351105,-0.338565,-0.321792,-0.302804,-0.283222,-0.264126,-0.246076,-0.229228,-0.213477,-0.198591,-0.184308,-0.170393,-0.156665,-0.143001,-0.129324,-0.115594,-0.101793,-0.0879127,-0.0739499,-0.0598998,-0.0457539,-0.0314986,-0.0171154,-0.00258043,0.0121348,0.0270631,0.0422411,0.0577086,0.0735075,0.0896808,0.10627,0.123313,0.140838,0.158859,0.177367,0.196321,0.215641,0.235195,0.2548,0.274228,0.293247,0.311734,0.329929,0.348984,0.371956,0.405287,0.460172,0.551941,0.694413,0.88769,1
0,-0.00397858,-0.0177859,-0.0375329,-0.0632267,-0.0942541,-0.129401,-0.167175,-0.20598,-0.244036,-0.279285,-0.309502,-0.332622,-0.347185,-0.352682,-0.349668,-0.339596,-0.324441,-0.306265,-0.286853,-0.267502,-0.248985,-0.231624,-0.215425,-0.20021,-0.185731,-0.171742,-0.15804,-0.144472,-0.13094,-0.117384,-0.103773,-0.0900921,-0.0763329,-0.0624891,-0.0485518,-0.0345082,-0.0203404,-0.00602548,0.00846432,0.0231613,0.0381016,0.0533247,0.0688718,0.0847851,0.101105,0.117868,0.135101,0.152816,0.171004,0.189626,0.208605,0.22782,0.247102,0.266255,0.285096,0.303585,0.322093,0.341942,0.366351,0.401767,0.459006,0.552514,0.695081,0.887001,1
0,-0.000429429,-0.00945307,-0.0259346,-0.0491944,-0.0781956,-0.111573,-0.147898,-0.185768,-0.223664,-0.259761,-0.291935,-0.318031,-0.336284,-0.345736,-0.346452,-0.339477,-0.32655,-0.309689,-0.290795,-0.271378,-0.252447,-0.23453,-0.217783,-0.20212,-0.187333,-0.173177,-0.159431,-0.145917,-0.132509,-0.119123,-0.105712,-0.0922477,-0.078715,-0.0651038,-0.0514039,-0.0376023,-0.0236818,-0.00962024,0.00460913,0.0190376,0.0337007,0.0486368,0.0638864,0.0794904,0.0954882,0.111914,0.128794,0.14614,0.163942,0.182165,0.200736,0.219547,0.238451,0.257285,0.275927,0.294428,0.313294,0.334015,0.359951,0.397514,0.457116,0.552356,0.695115,0.886033,1
0,0.00278098,-0.00173114,-0.0149582,-0.0356412,-0.0623787,-0.0936716,-0.128141,-0.164577,-0.201734,-0.238079,-0.271686,-0.300412,-0.322274,-0.335893,-0.340814,-0.337586,-0.327591,-0.312692,-0.294824,-0.275675,-0.256493,-0.238046,-0.220686,-0.204461,-0.189235,-0.174792,-0.160906,-0.147375,-0.134047,-0.120811,-0.107595,-0.0943574,-0.0810703,-0.067717,-0.0542839,-0.0407565,-0.0271177,-0.0133459,0.00058441,0.0147036,0.0290457,0.043648,0.0585497,0.0737904,0.0894078,0.105435,0.121897,0.138805,0.15615,0.173902,0.191996,0.210338,0.228808,0.247286,0.265715,0.28425,0.303533,0.325215,0.352768,0.392537,0.454511,0.551478,0.694529,0.884795,1
0,0.00554567,0.00515802,-0.00488632,-0.0228912,-0.0471658,-0.076097,-0.108341,-0.142852,-0.178657,-0.214551,-0.248896,-0.279681,-0.304825,-0.322607,-0.332059,-0.333174,-0.326863,-0.314698,-0.298537,-0.28017,-0.261059,-0.242228,-0.224262,-0.207391,-0.191598,-0.176728,-0.162573,-0.148924,-0.135601,-0.122467,-0.109425,-0.0964095,-0.083378,-0.0703029,-0.057164,-0.0439433,-0.0306224,-0.0171798,-0.00359047,0.0101745,0.0241476,0.0383647,0.0528634,0.0676815,0.0828553,0.0984166,0.114389,0.130785,0.147598,0.164803,0.182348,0.200157,0.218141,0.236231,0.254446,0.273046,0.292816,0.315553,0.344814,0.38684,0.451189,0.549878,0.693327,0.883286,1
0,0.00778739,0.0110355,0.0040355,-0.0112423,-0.0329064,-0.0592553,-0.0889623,-0.121105,-0.154956,-0.189649,-0.223902,-0.255958,-0.283783,-0.305437,-0.319507,-0.325411,-0.3235,-0.314917,-0.301302,-0.28443,-0.265916,-0.24702,-0.228584,-0.211062,-0.194607,-0.179171,-0.164599,-0.150694,-0.137266,-0.124154,-0.111234,-0.0984146,-0.0856325,-0.072845,-0.0600211,-0.0471366,-0.0341692,-0.0210963,-0.00789276,0.00546955,0.0190217,0.0327976,0.0468332,0.0611645,0.0758261,0.0908487,0.106256,0.122061,0.138263,0.154843,0.171765,0.188976,0.206427,0.224104,0.24211,0.26082,0.281154,0.30504,0.336092,0.380418,0.447137,0.547544,0.6915,0.881497,1
0,0.00946327,0.0157768,0.0116115,-0.000950637,-0.0199174,-0.043532,-0.0704691,-0.0998853,-0.131246,-0.164,-0.197258,-0.22962,-0.25925,-0.284156,-0.302601,-0.313477,-0.316528,-0.312357,-0.302226,-0.287753,-0.270589,-0.252172,-0.233593,-0.215558,-0.198435,-0.182335,-0.167199,-0.152881,-0.139204,-0.125995,-0.113108,-0.100425,-0.0878596,-0.0753492,-0.0628474,-0.0503195,-0.0377365,-0.0250719,-0.012299,0.000610321,0.0136864,0.0269616,0.0404698,0.0542455,0.0683219,0.0827288,0.0974905,0.112623,0.12813,0.144006,0.160231,0.176784,0.193657,0.210904,0.228716,0.247585,0.26856,0.293685,0.3266,0.373254,0.442325,0.544444,0.68902,0.879403,1
0,0.0105659,0.0193179,0.0177091,0.00778316,-0.00846594,-0.029269,-0.0532956,-0.0797363,-0.108183,-0.138347,-0.169718,-0.201321,-0.231654,-0.258855,-0.28104,-0.296692,-0.304979,-0.305889,-0.300173,-0.289122,-0.274274,-0.257139,-0.238997,-0.220802,-0.203166,-0.186405,-0.170612,-0.155735,-0.141646,-0.128187,-0.115203,-0.102557,-0.0901394,-0.0778649,-0.0656681,-0.0534993,-0.0413189,-0.0290933,-0.0167917,-0.00438375,0.00816116,0.0208745,0.0337889,0.0469375,0.0603525,0.0740637,0.0880969,0.102472,0.117202,0.132293,0.147751,0.163586,0.179845,0.196649,0.214287,0.233364,0.255053,0.281491,0.31632,0.365309,0.436703,0.540521,0.685831,0.876961,1
0,0.0111211,0.0216568,0.0222647,0.0148258,0.00124632,-0.0167438,-0.037814,-0.0611539,-0.0864141,-0.113485,-0.142186,-0.171973,-0.201776,-0.230033,-0.25492,-0.274695,-0.288057,-0.294391,-0.293846,-0.287233,-0.275804,-0.260985,-0.244143,-0.226423,-0.208673,-0.191444,-0.175026,-0.159515,-0.144876,-0.131005,-0.117764,-0.105015,-0.0926324,-0.0805117,-0.0685668,-0.0567301,-0.0449473,-0.0331738,-0.0213713,-0.00950485,0.00245891,0.0145528,0.0268087,0.0392594,0.0519371,0.0648728,0.0780949,0.0916295,0.1055,0.119731,0.134353,0.149419,0.165029,0.181383,0.198865,0.218192,0.240652,0.268453,0.305217,0.356518,0.430183,0.535678,0.681842,0.8741,1
0,0.0111826,0.0228502,0.025286,0.0201193,0.00909198,-0.00615486,-0.0243108,-0.0445455,-0.066509,-0.0901831,-0.115624,-0.142672,-0.17072,-0.198632,-0.224843,-0.247612,-0.265358,-0.276964,-0.281972,-0.28061,-0.273682,-0.262353,-0.247919,-0.231611,-0.214457,-0.197231,-0.180445,-0.164382,-0.149154,-0.134755,-0.121105,-0.108093,-0.0955979,-0.0835058,-0.0717158,-0.0601429,-0.0487165,-0.0373782,-0.0260785,-0.0147745,-0.00342706,0.00800021,0.0195421,0.0312313,0.043102,0.0551877,0.0675217,0.0801382,0.0930741,0.106374,0.120101,0.13435,0.149282,0.165175,0.182512,0.202115,0.225371,0.254546,0.293224,0.346775,0.422631,0.529769,0.676907,0.870712,1
0,0.0108241,0.023005,0.026848,0.0236805,0.0150246,0.00238683,-0.0129724,-0.0302024,-0.0489139,-0.0690991,-0.0909445,-0.114577,-0.139813,-0.165994,-0.191962,-0.216202,-0.237091,-0.253207,-0.26358,-0.267845,-0.266247,-0.259526,-0.24873,-0.235017,-0.219487,-0.203072,-0.186487,-0.170222,-0.154569,-0.139665,-0.125535,-0.112134,-0.0993772,-0.0871645,-0.0753948,-0.0639738,-0.0528183,-0.041856,-0.031025,-0.0202714,-0.00954771,0.00118922,0.0119804,0.0228622,0.0338715,0.0450469,0.0564288,0.0680621,0.0799998,0.0923105,0.10509,0.118481,0.132707,0.148124,0.165307,0.18518,0.209215,0.239721,0.280231,0.335918,0.413845,0.52257,0.670811,0.866638,1
0,0.0101301,0.0222669,0.0270838,0.0255974,0.0190779,0.00885856,-0.00388101,-0.0182874,-0.0339166,-0.0507139,-0.0688961,-0.0887562,-0.110433,-0.13371,-0.157903,-0.181889,-0.204244,-0.223488,-0.238345,-0.247955,-0.251993,-0.250669,-0.244624,-0.234766,-0.222109,-0.207629,-0.192172,-0.176402,-0.160798,-0.145668,-0.131178,-0.117392,-0.1043,-0.0918503,-0.0799658,-0.0685625,-0.057556,-0.0468675,-0.0364254,-0.0261657,-0.0160311,-0.00596976,0.00406639,0.0141253,0.0242474,0.0344784,0.0448687,0.0554761,0.0663724,0.077652,0.0894464,0.101946,0.115435,0.130346,0.14734,0.16743,0.192164,0.223885,0.266069,0.323704,0.403524,0.51375,0.663232,0.861649,1
0,0.00918753,0.0208031,0.0261723,0.0260201,0.0213581,0.0133226,0.00298044,-0.00883721,-0.0216397,-0.0352973,-0.0499836,-0.0660428,-0.0838049,-0.10339,-0.124556,-0.146638,-0.168587,-0.189117,-0.206902,-0.220797,-0.230022,-0.234256,-0.233637,-0.228679,-0.220141,-0.208885,-0.195766,-0.181542,-0.166834,-0.152108,-0.137689,-0.123775,-0.110468,-0.0977981,-0.0857472,-0.074268,-0.0632973,-0.0527652,-0.0426014,-0.0327381,-0.0231119,-0.0136632,-0.00433614,0.00492394,0.014175,0.0234677,0.0328642,0.0424375,0.0522798,0.0625124,0.0733021,0.0848853,0.0976038,0.111958,0.128687,0.148882,0.174156,0.206877,0.250472,0.30977,0.391229,0.502828,0.653705,0.855417,1
0,0.00807853,0.0187878,0.0243204,0.0251478,0.0220356,0.0159153,0.00771843,-0.00177683,-0.0120546,-0.0229104,-0.0344358,-0.0469412,-0.0608228,-0.0763997,-0.0937602,-0.112658,-0.132483,-0.152308,-0.171009,-0.187424,-0.200538,-0.209629,-0.214357,-0.214769,-0.211238,-0.204364,-0.194855,-0.183438,-0.170783,-0.157458,-0.143916,-0.130488,-0.1174,-0.104791,-0.0927289,-0.0812337,-0.0702894,-0.0598583,-0.0498896,-0.0403264,-0.0311087,-0.0221767,-0.0134703,-0.0049295,0.00350832,0.0119153,0.0203624,0.0289376,0.0377531,0.0469559,0.0567459,0.0674001,0.0793102,0.0930351,0.109377,0.129494,0.155051,0.188438,0.23305,0.29359,0.376322,0.489103,0.641564,0.847482,1
0,0.00687467,0.0163886,0.0217466,0.023212,0.0213312,0.0168371,0.0105139,0.00306168,-0.00500852,-0.0134364,-0.0222255,-0.0316064,-0.0419508,-0.0536484,-0.0669756,-0.0819866,-0.0984526,-0.115852,-0.133411,-0.150188,-0.1652,-0.177559,-0.186601,-0.191959,-0.193586,-0.191713,-0.186774,-0.179324,-0.169955,-0.159238,-0.147681,-0.135705,-0.12364,-0.111729,-0.100138,-0.0889697,-0.0782778,-0.0680788,-0.0583629,-0.0491021,-0.0402562,-0.0317771,-0.0236111,-0.0156996,-0.00797808,-0.000374081,0.00720083,0.014851,0.0227034,0.0309263,0.0397464,0.0494732,0.0605362,0.0735375,0.0893262,0.109105,0.134579,0.168159,0.21322,0.274402,0.357878,0.471562,0.625848,0.8372,1
0,0.00563443,0.013758,0.0186669,0.0204608,0.0195005,0.0163379,0.0116093,0.00591928,-0.000254093,-0.00662453,-0.0131238,-0.0198925,-0.0272289,-0.0355029,-0.0450536,-0.0560952,-0.0686528,-0.082533,-0.0973246,-0.112424,-0.12709,-0.140525,-0.151981,-0.16086,-0.166783,-0.169619,-0.169465,-0.1666,-0.161423,-0.154389,-0.14596,-0.136566,-0.126583,-0.11632,-0.106021,-0.0958677,-0.0859851,-0.0764541,-0.0673191,-0.0585962,-0.0502798,-0.0423479,-0.0347655,-0.0274862,-0.0204529,-0.0135954,-0.00682776,-4.12479e-05,0.00690611,0.0141988,0.0220803,0.0308795,0.0410479,0.0532107,0.0682378,0.0873506,0.112269,0.145408,0.190145,0.251121,0.334572,0.448728,0.605162,0.823686,1
0,0.00440378,0.0110307,0.0152868,0.0171461,0.0168194,0.0147034,0.0112944,0.00709349,0.00252316,-0.00213343,-0.00676575,-0.0114381,-0.0163615,-0.0218401,-0.0281916,-0.035676,-0.044439,-0.0544841,-0.0656643,-0.0776855,-0.0901165,-0.102416,-0.11398,-0.124216,-0.132613,-0.138805,-0.142605,-0.144001,-0.143134,-0.140257,-0.13569,-0.129778,-0.122861,-0.115252,-0.107222,-0.0989968,-0.0907532,-0.082626,-0.0747107,-0.06707,-0.059739,-0.0527299,-0.0460356,-0.0396313,-0.033476,-0.0275104,-0.0216544,-0.0158017,-0.00981173,-0.00349831,0.00338792,0.0111846,0.0203483,0.0315035,0.0455081,0.0635609,0.0873508,0.119258,0.16265,0.222236,0.304518,0.418453,0.577458,0.805695,1
0,0.00322075,0.00832807,0.0118006,0.0135168,0.0135741,0.0122424,0.00989366,0.00692452,0.00368659,0.000434023,-0.00270859,-0.00575485,-0.008841,-0.0121892,-0.016056,-0.0206771,-0.0262224,-0.0327754,-0.0403273,-0.0487795,-0.057945,-0.067548,-0.0772321,-0.0865834,-0.0951708,-0.102597,-0.108544,-0.112807,-0.115305,-0.116073,-0.11524,-0.113,-0.109587,-0.105243,-0.100207,-0.0946952,-0.0888971,-0.0829707,-0.0770425,-0.0712091,-0.0655402,-0.0600805,-0.0548527,-0.0498583,-0.045078,-0.04047,-0.0359666,-0.0314683,-0.0268363,-0.0218807,-0.0163463,-0.00989443,-0.00207643,0.00770452,0.0202634,0.0367309,0.0586971,0.0884115,0.129165,0.185719,0.265079,0.37762,0.539953,0.781109,1
0,0.00212467,0.00576995,0.00839781,0.00981977,0.010056,0.00928019,0.00775791,0.00578518,0.00363395,0.00151022,-0.000472207,-0.00230122,-0.00405747,-0.00589044,-0.00798345,-0.0105145,-0.0136275,-0.0174132,-0.0219084,-0.0271016,-0.0329362,-0.0393094,-0.0460676,-0.0530055,-0.0598742,-0.0664004,-0.0723136,-0.077377,-0.0814119,-0.0843134,-0.0860532,-0.0866719,-0.0862651,-0.0849658,-0.082928,-0.080312,-0.0772736,-0.0739562,-0.0704865,-0.066972,-0.0635004,-0.06014,-0.0569395,-0.0539283,-0.0511153,-0.048486,-0.0459979,-0.0435729,-0.0410866,-0.0383544,-0.0351139,-0.0310059,-0.0255527,-0.0181342,-0.00795893,0.00598656,0.0250604,0.0512913,0.0877413,0.139033,0.212774,0.321471,0.487121,0.747676,1
0,0.00116946,0.00349115,0.00527662,0.00630845,0.0065677,0.00616023,0.00526243,0.00407582,0.00278879,0.00154741,0.000437109,-0.000523975,-0.00137993,-0.00222161,-0.00316444,-0.00432403,-0.00579677,-0.00764861,-0.00991583,-0.0126096,-0.0157219,-0.0192271,-0.0230785,-0.0272041,-0.031504,-0.0358524,-0.0401054,-0.0441123,-0.0477302,-0.0508391,-0.0533525,-0.0552242,-0.0564488,-0.0570576,-0.0571112,-0.0566906,-0.0558888,-0.054804,-0.053533,-0.052168,-0.0507939,-0.0494864,-0.0483114,-0.047324,-0.0465666,-0.0460664,-0.0458299,-0.0458348,-0.0460161,-0.0462484,-0.04632,-0.0459031,-0.0445208,-0.0415172,-0.0360339,-0.0269893,-0.0130434,0.00745895,0.0367857,0.0791054,0.142247,0.240648,0.405333,0.708353,1
0,0.000436774,0.00165394,0.00265729,0.0032597,0.00343998,0.00325832,0.0028154,0.0022255,0.00159514,0.001007,0.000510205,0.00011708,-0.000193699,-0.000468491,-0.000766787,-0.00114843,-0.0016633,-0.00234593,-0.00321607,-0.00428236,-0.00554726,-0.00700877,-0.00865937,-0.0104836,-0.0124554,-0.0145367,-0.0166779,-0.0188208,-0.020902,-0.0228586,-0.0246333,-0.0261796,-0.0274654,-0.028476,-0.0292136,-0.0296966,-0.0299569,-0.0300368,-0.0299861,-0.0298594,-0.0297148,-0.029612,-0.0296124,-0.0297785,-0.0301739,-0.0308627,-0.0319071,-0.0333626,-0.0352683,-0.0376297,-0.0403925,-0.043405,-0.0463714,-0.0488026,-0.0499748,-0.0489045,-0.0443365,-0.0347045,-0.0179438,0.00883823,0.0510958,0.125122,0.279297,0.643664,1
0,3.20093e-05,0.000440243,0.000794611,0.00100586,0.00107124,0.00101654,0.000878991,0.000698788,0.00051243,0.000347679,0.000220641,0.000135125,8.40241e-05,5.23709e-05,2.13683e-05,-2.74984e-05,-0.000109265,-0.000233843,-0.000406525,-0.00062962,-0.000904497,-0.0012323,-0.00161416,-0.00205015,-0.00253829,-0.00307382,-0.0036488,-0.00425224,-0.00487053,-0.00548828,-0.00608935,-0.00665815,-0.00718089,-0.00764676,-0.00804866,-0.00838371,-0.00865332,-0.00886311,-0.00902265,-0.00914522,-0.00924765,-0.00935049,-0.00947859,-0.00966221,-0.00993895,-0.0103562,-0.0109742,-0.0118681,-0.0131284,-0.0148559,-0.0171474,-0.0200695,-0.0236169,-0.027661,-0.0318988,-0.0358204,-0.0387051,-0.03964,-0.0374949,-0.0307835,-0.0159944,0.015728,0.0982675,0.417573,1
0,0,0,0,0,0,0,0,0,0,0,0,0,0,0,0,0,0,0,0,0,0,0,0,0,0,0,0,0,0,0,0,0,0,0,0,0,0,0,0,0,0,0,0,0,0,0,0,0,0,0,0,0,0,0,0,0,0,0,0,0,0,0,0,0,1
