0,0.0237436,0.0196297,0.0139481,0.00822378,0.00283899,-0.00238626,-0.00778373,-0.0135313,-0.0192427,-0.0233873,0
0,0.0308712,0.0295548,0.0211901,0.0126162,0.00446817,-0.00351142,-0.0118245,-0.0207479,-0.0296453,-0.0317047,0
0,0.0364985,0.0365519,0.0265759,0.0159627,0.00580995,-0.00420408,-0.0147193,-0.0261163,-0.0372038,-0.0382361,0
0,0.0405095,0.0420892,0.0309362,0.0187586,0.00702304,-0.00462892,-0.0169615,-0.0304306,-0.0433583,-0.0432195,0
0,0.0437021,0.0467648,0.0347196,0.0212441,0.00816651,-0.00490076,-0.0188375,-0.0341711,-0.0487082,-0.0473902,0
0,0.0463109,0.0508313,0.0380954,0.0235154,0.0092685,-0.0050557,-0.0204497,-0.0375072,-0.0535026,-0.050992,0
0,0.0485164,0.0544562,0.0411766,0.0256337,0.0103423,-0.0051259,-0.0218749,-0.0405612,-0.0579099,-0.0542046,0
0,0.0503943,0.0577142,0.0440115,0.0276245,0.0113944,-0.00512214,-0.0231409,-0.0433783,-0.0619963,-0.0570958,0
0,0.0520333,0.0606879,0.0466551,0.029517,0.0124301,-0.00506138,-0.024286,-0.046018,-0.065843,-0.059753,0
0,0.0534719,0.0634184,0.0491338,0.031325,0.0134527,-0.00494988,-0.0253256,-0.0485054,-0.0694865,-0.0622108,0
0,0.054737,0.0659347,0.0514663,0.0330582,0.0144646,-0.0047915,-0.0262699,-0.0508568,-0.072951,-0.0644936,0
0,0.0558744,0.0682792,0.0536808,0.0347313,0.0154681,-0.00459611,-0.0271397,-0.0531034,-0.0762781,-0.0666463,0
0,0.0568961,0.0704674,0.0557866,0.0363487,0.0164636,-0.00436609,-0.0279401,-0.0552535,-0.0794801,-0.0686788,0
0,0.057819,0.0725175,0.0577955,0.0379164,0.0174522,-0.00410476,-0.0286785,-0.057318,-0.0825723,-0.0706069,0
0,0.0586481,0.0744373,0.059712,0.0394363,0.0184344,-0.00381305,-0.029357,-0.0593002,-0.0855599,-0.0724346,0
0,0.059412,0.0762533,0.061554,0.0409178,0.0194113,-0.0034974,-0.0299888,-0.0612195,-0.0884682,-0.07419,0
0,0.0601115,0.0779696,0.0633235,0.0423614,0.0203827,-0.00315846,-0.0305749,-0.0630772,-0.0912992,-0.0758729,0
0,0.0607542,0.0795954,0.0650264,0.0437702,0.021349,-0.00279798,-0.0311192,-0.0648786,-0.0940601,-0.0774906,0
0,0.0613468,0.0811384,0.0666679,0.0451464,0.0223105,-0.00241775,-0.0316248,-0.0666285,-0.0967571,-0.0790491,0
0,0.0618864,0.0825989,0.0682472,0.0464894,0.0232667,-0.0020176,-0.0320912,-0.0683255,-0.0993886,-0.0805461,0
0,0.0623947,0.0839964,0.0697783,0.0478067,0.024219,-0.00160215,-0.0325281,-0.0699838,-0.101973,-0.0820021,0
0,0.0628677,0.0853299,0.0712599,0.049097,0.0251666,-0.00117143,-0.0329349,-0.0716019,-0.104507,-0.0834129,0
0,0.0633088,0.0866041,0.072695,0.0503619,0.0261097,-0.000726467,-0.0333134,-0.0731822,-0.106996,-0.0847821,0
0,0.0637212,0.0878233,0.0740864,0.0516026,0.0270483,-0.000268372,-0.0336657,-0.0747275,-0.10944,-0.0861126,0
0,0.0641077,0.0889914,0.0754367,0.0528204,0.0279824,0.000201661,-0.0339933,-0.0762397,-0.111845,-0.0874072,0
0,0.0644623,0.090105,0.0767433,0.0540133,0.0289113,0.000684215,-0.0342945,-0.077716,-0.114204,-0.088661,0
0,0.0648039,0.0911807,0.0780181,0.0551883,0.0298366,0.00117581,-0.0345774,-0.0791681,-0.116533,-0.0898912,0
0,0.0651263,0.0922151,0.0792583,0.0563434,0.0307572,0.00167668,-0.0348406,-0.080593,-0.118828,-0.0910921,0
0,0.0654311,0.0932107,0.0804655,0.0574792,0.0316734,0.00218621,-0.0350851,-0.0819921,-0.121091,-0.0922653,0
0,0.0657199,0.0941698,0.0816416,0.0585967,0.032585,0.0027037,-0.0353123,-0.0833669,-0.123322,-0.0934126,0
0,0.0659939,0.0950946,0.0827879,0.0596965,0.0334921,0.00322846,-0.0355232,-0.0847185,-0.125523,-0.0945351,0
0,0.0662542,0.0959865,0.0839048,0.0607783,0.0343938,0.00375932,-0.0357188,-0.0860469,-0.127693,-0.0956334,0
0,0.0665021,0.0968472,0.0849938,0.0618427,0.03529,0.00429571,-0.0359002,-0.0873533,-0.129833,-0.0967085,0
0,0.0667298,0.0976717,0.086051,0.0628873,0.0361798,0.00483819,-0.0360653,-0.088634,-0.131939,-0.0977549,0
0,0.0669553,0.0984752,0.0870877,0.0639188,0.0370653,0.00538416,-0.0362208,-0.0898992,-0.134022,-0.0987876,0
0,0.0671712,0.099253,0.0881003,0.0649349,0.0379455,0.00593394,-0.036365,-0.0911455,-0.136079,-0.0998005,0
0,0.0673781,0.100006,0.0890899,0.0659361,0.0388202,0.00648714,-0.0364987,-0.0923738,-0.13811,-0.100794,0
0,0.0675768,0.100736,0.0900573,0.0669228,0.0396896,0.00704331,-0.0366225,-0.0935847,-0.140115,-0.10177,0
0,0.0677679,0.101445,0.0910036,0.0678956,0.0405538,0.00760201,-0.0367373,-0.094779,-0.142096,-0.102729,0
0,0.0679519,0.102132,0.0919296,0.0688549,0.0414126,0.00816284,-0.0368438,-0.0959574,-0.144053,-0.103671,0
0,0.0681293,0.1028,0.0928363,0.0698011,0.0422661,0.00872538,-0.0369425,-0.0971206,-0.145986,-0.104597,0
0,0.0683008,0.103449,0.0937243,0.0707348,0.0431144,0.00928928,-0.0370342,-0.0982692,-0.147896,-0.105508,0
0,0.0684666,0.10408,0.0945946,0.0716562,0.0439574,0.00985416,-0.0371193,-0.0994037,-0.149783,-0.106404,0
0,0.0686273,0.104695,0.0954478,0.0725658,0.0447951,0.0104194,-0.0371983,-0.100525,-0.151649,-0.107286,0
0,0.0687831,0.105294,0.0962846,0.073464,0.0456275,0.0109849,-0.0372718,-0.101632,-0.153493,-0.108154,0
0,0.068926,0.10587,0.0971003,0.0743477,0.0464535,0.0115511,-0.0373376,-0.102723,-0.15531,-0.109003,0
0,0.0690814,0.106446,0.0979111,0.075227,0.0472767,0.0121154,-0.0374038,-0.10381,-0.157117,-0.109852,0
0,0.0692165,0.106995,0.0986973,0.0760896,0.0480921,0.0126804,-0.0374612,-0.104877,-0.158892,-0.110676,0
0,0.069356,0.107537,0.0994742,0.0769449,0.0489036,0.0132439,-0.0375172,-0.105937,-0.160653,-0.111495,0
0,0.0694923,0.108066,0.100238,0.0777905,0.0497098,0.0138063,-0.0375701,-0.106985,-0.162393,-0.112302,0
0,0.0696256,0.108584,0.100988,0.0786263,0.0505107,0.0143671,-0.0376201,-0.108023,-0.164114,-0.113098,0
0,0.0697559,0.109091,0.101727,0.0794528,0.0513064,0.0149264,-0.0376677,-0.10905,-0.165816,-0.113883,0
0,0.0698836,0.109586,0.102453,0.0802702,0.0520969,0.0154837,-0.0377133,-0.110067,-0.167498,-0.114658,0
0,0.0700087,0.110072,0.103167,0.0810786,0.0528821,0.016039,-0.037757,-0.111074,-0.169161,-0.115422,0
0,0.0701314,0.110547,0.10387,0.0818783,0.0536621,0.016592,-0.0377993,-0.112071,-0.170806,-0.116177,0
0,0.0702519,0.111013,0.104562,0.0826696,0.0544368,0.0171425,-0.0378404,-0.113059,-0.172432,-0.116922,0
0,0.0703704,0.11147,0.105244,0.0834526,0.0552063,0.0176903,-0.0378807,-0.114037,-0.17404,-0.117657,0
0,0.0704869,0.111918,0.105916,0.0842275,0.0559705,0.0182352,-0.0379204,-0.115007,-0.175629,-0.118383,0
0,0.0706015,0.112358,0.106577,0.0849944,0.0567295,0.018777,-0.0379598,-0.115968,-0.1772,-0.1191,0
0,0.0707145,0.11279,0.10723,0.0857537,0.0574832,0.0193157,-0.0379991,-0.11692,-0.178754,-0.119808,0
0,0.0708259,0.113214,0.107873,0.0865054,0.0582316,0.0198509,-0.0380386,-0.117863,-0.18029,-0.120508,0
0,0.0709357,0.113631,0.108507,0.0872498,0.0589747,0.0203826,-0.0380783,-0.118799,-0.181808,-0.121199,0
0,0.0710442,0.114041,0.109133,0.0879869,0.0597126,0.0209106,-0.0381186,-0.119726,-0.183309,-0.121881,0
0,0.0711514,0.114445,0.10975,0.0887169,0.0604452,0.0214348,-0.0381596,-0.120645,-0.184793,-0.122556,0
0,0.0712486,0.114835,0.110354,0.0894365,0.061171,0.0219555,-0.0381992,-0.121552,-0.186255,-0.123217,0
0,0.0713617,0.115232,0.110961,0.0901562,0.0618945,0.0224713,-0.038244,-0.122459,-0.18771,-0.123882,0
0,0.0714571,0.11561,0.11155,0.0908626,0.0626098,0.0229836,-0.0382858,-0.123351,-0.189139,-0.124527,0
0,0.0715594,0.115988,0.112136,0.0915656,0.0633212,0.0234914,-0.0383308,-0.124238,-0.190556,-0.125172,0
0,0.071661,0.116362,0.112716,0.0922623,0.0640273,0.0239947,-0.0383772,-0.125119,-0.191956,-0.125808,0
0,0.0717618,0.11673,0.113288,0.0929528,0.0647282,0.0244935,-0.0384251,-0.125992,-0.193341,-0.126438,0
0,0.0718618,0.117093,0.113854,0.0936371,0.0654237,0.0249877,-0.0384746,-0.126857,-0.19471,-0.127061,0
0,0.071961,0.117451,0.114413,0.0943154,0.0661139,0.0254772,-0.0385258,-0.127716,-0.196062,-0.127677,0
0,0.0720594,0.117805,0.114967,0.0949877,0.0667987,0.0259619,-0.0385787,-0.128567,-0.197399,-0.128286,0
0,0.0721571,0.118154,0.115514,0.0956542,0.0674782,0.0264417,-0.0386335,-0.129411,-0.198721,-0.128888,0
0,0.0722542,0.118499,0.116055,0.0963149,0.0681523,0.0269165,-0.0386901,-0.130248,-0.200027,-0.129484,0
0,0.0723507,0.118839,0.11659,0.09697,0.0688211,0.0273864,-0.0387488,-0.131078,-0.201317,-0.130073,0
0,0.0724466,0.119176,0.117119,0.0976194,0.0694845,0.0278512,-0.0388094,-0.131902,-0.202593,-0.130656,0
0,0.072542,0.119508,0.117644,0.0982634,0.0701426,0.0283108,-0.0388721,-0.132718,-0.203854,-0.131233,0
0,0.0726369,0.119837,0.118162,0.098902,0.0707953,0.0287653,-0.0389369,-0.133528,-0.2051,-0.131803,0
0,0.0727312,0.120162,0.118676,0.0995353,0.0714426,0.0292145,-0.0390039,-0.134331,-0.206331,-0.132368,0
0,0.0728252,0.120484,0.119184,0.100163,0.0720845,0.0296585,-0.039073,-0.135127,-0.207548,-0.132927,0
0,0.0729187,0.120802,0.119688,0.100786,0.0727211,0.0300971,-0.0391443,-0.135917,-0.20875,-0.133479,0
0,0.0730118,0.121118,0.120187,0.101404,0.0733522,0.0305304,-0.0392178,-0.1367,-0.209939,-0.134026,0
0,0.0731046,0.12143,0.120681,0.102017,0.073978,0.0309583,-0.0392935,-0.137476,-0.211113,-0.134568,0
0,0.073197,0.121739,0.121171,0.102624,0.0745985,0.0313808,-0.0393715,-0.138246,-0.212274,-0.135103,0
0,0.0732891,0.122045,0.121656,0.103227,0.0752135,0.0317979,-0.0394517,-0.13901,-0.21342,-0.135633,0
0,0.0733808,0.122348,0.122137,0.103825,0.0758232,0.0322095,-0.0395342,-0.139767,-0.214553,-0.136158,0
0,0.0734723,0.122648,0.122613,0.104418,0.0764274,0.0326156,-0.0396189,-0.140518,-0.215673,-0.136677,0
0,0.0735635,0.122946,0.123086,0.105007,0.0770264,0.0330163,-0.0397058,-0.141262,-0.21678,-0.137191,0
0,0.0736545,0.123242,0.123554,0.105591,0.0776199,0.0334115,-0.0397949,-0.142,-0.217873,-0.1377,0
0,0.0737452,0.123535,0.124019,0.10617,0.0782081,0.0338011,-0.0398863,-0.142732,-0.218953,-0.138204,0
0,0.0738357,0.123825,0.124479,0.106744,0.0787909,0.0341853,-0.0399798,-0.143458,-0.220021,-0.138702,0
0,0.073926,0.124113,0.124936,0.107314,0.0793684,0.034564,-0.0400756,-0.144178,-0.221075,-0.139195,0
0,0.0740161,0.124399,0.125389,0.10788,0.0799405,0.0349372,-0.0401734,-0.144891,-0.222118,-0.139684,0
0,0.074106,0.124683,0.125838,0.108441,0.0805073,0.0353049,-0.0402734,-0.145598,-0.223147,-0.140167,0
0,0.0741957,0.124964,0.126284,0.108997,0.0810687,0.0356671,-0.0403756,-0.1463,-0.224165,-0.140646,0
0,0.0742853,0.125244,0.126727,0.10955,0.0816249,0.0360238,-0.0404798,-0.146995,-0.22517,-0.14112,0
0,0.0743747,0.125521,0.127166,0.110098,0.0821757,0.0363751,-0.040586,-0.147684,-0.226164,-0.141589,0
0,0.074464,0.125797,0.127602,0.110641,0.0827212,0.036721,-0.0406943,-0.148367,-0.227145,-0.142053,0
0,0.0745531,0.126071,0.128034,0.111181,0.0832615,0.0370614,-0.0408046,-0.149045,-0.228115,-0.142513,0
0,0.0746421,0.126343,0.128463,0.111716,0.0837964,0.0373965,-0.0409168,-0.149716,-0.229073,-0.142968,0
0,0.074731,0.126613,0.128889,0.112247,0.0843261,0.0377262,-0.041031,-0.150382,-0.23002,-0.143419,0
0,0.0748197,0.126881,0.129312,0.112774,0.0848506,0.0380505,-0.041147,-0.151042,-0.230956,-0.143865,0
0,0.0749084,0.127148,0.129732,0.113297,0.0853698,0.0383695,-0.0412649,-0.151696,-0.23188,-0.144307,0
0,0.0749969,0.127413,0.130149,0.113816,0.0858839,0.0386832,-0.0413846,-0.152344,-0.232794,-0.144744,0
0,0.0750854,0.127677,0.130563,0.11433,0.0863927,0.0389917,-0.0415061,-0.152987,-0.233696,-0.145177,0
0,0.0751738,0.127939,0.130974,0.114841,0.0868963,0.0392949,-0.0416293,-0.153623,-0.234588,-0.145606,0
0,0.075262,0.128199,0.131382,0.115348,0.0873948,0.0395929,-0.0417542,-0.154255,-0.235469,-0.14603,0
0,0.0753502,0.128458,0.131788,0.11585,0.0878882,0.0398858,-0.0418807,-0.15488,-0.23634,-0.14645,0
0,0.0754294,0.128709,0.132185,0.116345,0.0883745,0.0401736,-0.042007,-0.155497,-0.237195,-0.146861,0
0,0.0755259,0.128972,0.13259,0.116844,0.0888595,0.0404564,-0.0421383,-0.156115,-0.23805,-0.147279,0
0,0.0756053,0.129219,0.132982,0.117331,0.0893357,0.0407341,-0.0422678,-0.15672,-0.238886,-0.147682,0
0,0.0757017,0.12948,0.133382,0.117822,0.0898106,0.0410068,-0.0424021,-0.157327,-0.23972,-0.148091,0
0,0.0757811,0.129725,0.133769,0.118302,0.0902768,0.0412746,-0.0425345,-0.157922,-0.240536,-0.148486,0
0,0.0758773,0.129983,0.134163,0.118785,0.0907416,0.0415374,-0.0426716,-0.158518,-0.241351,-0.148888,0
0,0.0759565,0.130225,0.134545,0.119257,0.0911977,0.0417953,-0.0428068,-0.159102,-0.242147,-0.149275,0
0,0.0760527,0.130481,0.134935,0.119733,0.0916526,0.0420485,-0.0429465,-0.159687,-0.242943,-0.149669,0
0,0.0761317,0.130721,0.135311,0.120197,0.0920989,0.0422968,-0.0430843,-0.160261,-0.24372,-0.150048,0
0,0.0762278,0.130974,0.135696,0.120666,0.0925439,0.0425405,-0.0432266,-0.160835,-0.244497,-0.150434,0
0,0.0763067,0.131212,0.136068,0.121123,0.0929804,0.0427794,-0.0433668,-0.161399,-0.245257,-0.150806,0
0,0.0764026,0.131462,0.136448,0.121584,0.0934157,0.0430137,-0.0435114,-0.161963,-0.246016,-0.151185,0
0,0.0764815,0.131698,0.136815,0.122034,0.0938425,0.0432433,-0.0436538,-0.162516,-0.246757,-0.15155,0
0,0.0765683,0.131939,0.137185,0.122483,0.0942662,0.0434685,-0.0437988,-0.163066,-0.247494,-0.151916,0
0,0.0766645,0.132187,0.137559,0.122934,0.0946873,0.0436893,-0.0439466,-0.163616,-0.248226,-0.152284,0
0,0.0767432,0.13242,0.137919,0.123373,0.0950998,0.0439054,-0.0440921,-0.164153,-0.248942,-0.152638,0
0,0.0768299,0.132658,0.138282,0.123812,0.0955093,0.0441173,-0.04424,-0.164689,-0.249653,-0.152994,0
0,0.076917,0.132895,0.138643,0.124248,0.0959143,0.0443248,-0.0443889,-0.16522,-0.250356,-0.153346,0
0,0.077004,0.133131,0.139002,0.12468,0.0963146,0.0445281,-0.0445386,-0.165746,-0.25105,-0.153695,0
0,0.0770909,0.133366,0.139359,0.125109,0.0967103,0.0447271,-0.0446891,-0.166267,-0.251737,-0.154041,0
0,0.0771779,0.133601,0.139713,0.125534,0.0971015,0.044922,-0.0448404,-0.166783,-0.252415,-0.154383,0
0,0.0772647,0.133834,0.140066,0.125956,0.0974881,0.0451127,-0.0449925,-0.167295,-0.253086,-0.154722,0
0,0.0773515,0.134067,0.140416,0.126375,0.0978701,0.0452993,-0.0451452,-0.167802,-0.253749,-0.155057,0
0,0.0774383,0.134298,0.140764,0.12679,0.0982477,0.0454819,-0.0452987,-0.168304,-0.254404,-0.15539,0
0,0.077525,0.134529,0.14111,0.127202,0.0986209,0.0456605,-0.0454527,-0.168801,-0.255051,-0.155719,0
0,0.0776116,0.134759,0.141454,0.12761,0.0989896,0.0458352,-0.0456074,-0.169294,-0.255691,-0.156045,0
0,0.0776982,0.134988,0.141796,0.128015,0.0993539,0.0460061,-0.0457626,-0.169782,-0.256323,-0.156368,0
0,0.0777847,0.135216,0.142136,0.128417,0.0997139,0.046173,-0.0459183,-0.170266,-0.256949,-0.156687,0
0,0.0778712,0.135443,0.142474,0.128815,0.10007,0.0463363,-0.0460745,-0.170745,-0.257566,-0.157004,0
0,0.0779576,0.135669,0.14281,0.12921,0.100421,0.0464958,-0.0462312,-0.171219,-0.258177,-0.157317,0
0,0.0780439,0.135895,0.143144,0.129602,0.100768,0.0466516,-0.0463883,-0.17169,-0.258781,-0.157628,0
0,0.0781302,0.136119,0.143476,0.12999,0.101111,0.0468038,-0.0465457,-0.172155,-0.259378,-0.157935,0
0,0.0782163,0.136343,0.143806,0.130376,0.10145,0.0469524,-0.0467035,-0.172617,-0.259968,-0.158239,0
0,0.0783025,0.136566,0.144134,0.130758,0.101784,0.0470976,-0.0468616,-0.173074,-0.260551,-0.158541,0
0,0.0783885,0.136788,0.144461,0.131137,0.102115,0.0472392,-0.0470201,-0.173527,-0.261127,-0.15884,0
0,0.0784745,0.137009,0.144785,0.131513,0.102441,0.0473775,-0.0471788,-0.173975,-0.261697,-0.159135,0
0,0.0785604,0.13723,0.145107,0.131885,0.102764,0.0475123,-0.0473377,-0.17442,-0.262261,-0.159428,0
0,0.0786462,0.137449,0.145428,0.132255,0.103082,0.0476439,-0.0474969,-0.17486,-0.262817,-0.159718,0
0,0.0787319,0.137668,0.145746,0.132621,0.103396,0.0477722,-0.0476562,-0.175297,-0.263368,-0.160005,0
0,0.0788176,0.137886,0.146063,0.132985,0.103707,0.0478972,-0.0478158,-0.175729,-0.263912,-0.16029,0
0,0.0789032,0.138103,0.146378,0.133345,0.104014,0.0480191,-0.0479754,-0.176157,-0.264449,-0.160571,0
0,0.0789886,0.13832,0.146691,0.133702,0.104316,0.0481379,-0.0481352,-0.176581,-0.264981,-0.16085,0
0,0.079074,0.138535,0.147002,0.134057,0.104615,0.0482536,-0.0482951,-0.177002,-0.265506,-0.161127,0
0,0.0791593,0.13875,0.147312,0.134408,0.10491,0.0483663,-0.048455,-0.177418,-0.266025,-0.1614,0
0,0.0792446,0.138964,0.147619,0.134756,0.105202,0.0484761,-0.048615,-0.177831,-0.266539,-0.161671,0
0,0.0793297,0.139178,0.147925,0.135101,0.10549,0.0485829,-0.048775,-0.17824,-0.267046,-0.16194,0
0,0.0794147,0.13939,0.148229,0.135443,0.105774,0.0486868,-0.048935,-0.178645,-0.267548,-0.162205,0
0,0.0794996,0.139602,0.148531,0.135783,0.106054,0.0487879,-0.049095,-0.179046,-0.268044,-0.162469,0
0,0.0795844,0.139813,0.148832,0.136119,0.106331,0.0488862,-0.0492549,-0.179444,-0.268534,-0.16273,0
0,0.0796691,0.140023,0.14913,0.136453,0.106604,0.0489818,-0.0494147,-0.179838,-0.269019,-0.162988,0
0,0.0797537,0.140233,0.149427,0.136783,0.106874,0.0490748,-0.0495745,-0.180228,-0.269498,-0.163244,0
0,0.0798382,0.140442,0.149722,0.137111,0.10714,0.049165,-0.0497341,-0.180614,-0.269971,-0.163497,0
0,0.0799226,0.14065,0.150016,0.137436,0.107403,0.0492527,-0.0498937,-0.180997,-0.27044,-0.163748,0
0,0.0800068,0.140857,0.150308,0.137758,0.107662,0.0493378,-0.050053,-0.181377,-0.270903,-0.163997,0
0,0.0800909,0.141063,0.150597,0.138077,0.107918,0.0494204,-0.0502122,-0.181753,-0.27136,-0.164243,0
0,0.0801749,0.141269,0.150886,0.138394,0.108171,0.0495006,-0.0503712,-0.182125,-0.271813,-0.164487,0
0,0.0802588,0.141474,0.151172,0.138708,0.10842,0.0495783,-0.05053,-0.182494,-0.27226,-0.164729,0
0,0.0803426,0.141678,0.151457,0.139019,0.108666,0.0496536,-0.0506885,-0.18286,-0.272702,-0.164968,0
0,0.0804262,0.141882,0.15174,0.139327,0.108909,0.0497266,-0.0508468,-0.183222,-0.27314,-0.165205,0
0,0.0805097,0.142084,0.152021,0.139633,0.109149,0.0497973,-0.0510049,-0.183581,-0.273572,-0.16544,0
0,0.0805931,0.142286,0.152301,0.139936,0.109385,0.0498657,-0.0511626,-0.183936,-0.273999,-0.165673,0
0,0.0806763,0.142487,0.152579,0.140236,0.109618,0.0499319,-0.0513201,-0.184289,-0.274422,-0.165903,0
0,0.0807594,0.142688,0.152856,0.140533,0.109849,0.049996,-0.0514772,-0.184638,-0.27484,-0.166131,0
0,0.0808423,0.142888,0.15313,0.140828,0.110076,0.0500579,-0.051634,-0.184983,-0.275254,-0.166358,0
0,0.0809251,0.143087,0.153403,0.141121,0.1103,0.0501177,-0.0517905,-0.185326,-0.275662,-0.166582,0
0,0.0810077,0.143285,0.153675,0.14141,0.110521,0.0501754,-0.0519466,-0.185665,-0.276067,-0.166803,0
0,0.0810902,0.143482,0.153945,0.141698,0.110739,0.0502312,-0.0521023,-0.186001,-0.276466,-0.167023,0
0,0.0811725,0.143679,0.154213,0.141982,0.110954,0.0502849,-0.0522576,-0.186334,-0.276862,-0.167241,0
0,0.0812547,0.143875,0.154479,0.142264,0.111167,0.0503367,-0.0524125,-0.186664,-0.277253,-0.167457,0
0,0.0813367,0.14407,0.154744,0.142544,0.111376,0.0503866,-0.052567,-0.18699,-0.277639,-0.16767,0
0,0.0814186,0.144265,0.155007,0.142821,0.111583,0.0504346,-0.052721,-0.187314,-0.278022,-0.167882,0
0,0.0815003,0.144458,0.155269,0.143095,0.111787,0.0504808,-0.0528746,-0.187635,-0.2784,-0.168092,0
0,0.0815818,0.144651,0.155529,0.143368,0.111988,0.0505251,-0.0530277,-0.187952,-0.278774,-0.1683,0
0,0.0816631,0.144843,0.155788,0.143637,0.112186,0.0505677,-0.0531804,-0.188267,-0.279144,-0.168505,0
0,0.0817443,0.145035,0.156045,0.143904,0.112382,0.0506086,-0.0533326,-0.188579,-0.27951,-0.168709,0
0,0.0818253,0.145226,0.1563,0.144169,0.112575,0.0506478,-0.0534842,-0.188887,-0.279872,-0.168911,0
0,0.0819061,0.145415,0.156554,0.144432,0.112765,0.0506853,-0.0536354,-0.189193,-0.28023,-0.169111,0
0,0.0819868,0.145605,0.156806,0.144692,0.112953,0.0507211,-0.053786,-0.189496,-0.280585,-0.169309,0
0,0.0820673,0.145793,0.157056,0.144949,0.113138,0.0507554,-0.0539361,-0.189797,-0.280935,-0.169506,0
0,0.0821475,0.145981,0.157305,0.145205,0.113321,0.0507881,-0.0540857,-0.190094,-0.281282,-0.1697,0
0,0.0822276,0.146168,0.157553,0.145458,0.113501,0.0508193,-0.0542347,-0.190389,-0.281625,-0.169893,0
0,0.0823075,0.146354,0.157799,0.145709,0.113679,0.050849,-0.0543831,-0.190681,-0.281964,-0.170084,0
0,0.0823872,0.146539,0.158043,0.145957,0.113854,0.0508772,-0.054531,-0.19097,-0.2823,-0.170273,0
0,0.0824667,0.146724,0.158286,0.146203,0.114027,0.050904,-0.0546782,-0.191256,-0.282632,-0.170461,0
0,0.0825461,0.146908,0.158528,0.146447,0.114197,0.0509293,-0.0548249,-0.19154,-0.282961,-0.170646,0
0,0.0826252,0.147091,0.158768,0.146689,0.114365,0.0509533,-0.054971,-0.191821,-0.283286,-0.17083,0
0,0.0827041,0.147273,0.159006,0.146928,0.114531,0.0509759,-0.0551165,-0.1921,-0.283608,-0.171012,0
0,0.0827828,0.147455,0.159243,0.147166,0.114694,0.0509972,-0.0552613,-0.192376,-0.283926,-0.171193,0
0,0.0828613,0.147636,0.159478,0.147401,0.114856,0.0510172,-0.0554056,-0.192649,-0.284241,-0.171372,0
0,0.0829396,0.147816,0.159712,0.147634,0.115015,0.0510359,-0.0555492,-0.19292,-0.284553,-0.171549,0
0,0.0830177,0.147995,0.159944,0.147865,0.115171,0.0510534,-0.0556922,-0.193188,-0.284861,-0.171725,0
0,0.0830956,0.148174,0.160175,0.148094,0.115326,0.0510697,-0.0558345,-0.193454,-0.285167,-0.171899,0
0,0.0831732,0.148352,0.160405,0.14832,0.115478,0.0510848,-0.0559762,-0.193717,-0.285469,-0.172071,0
0,0.0832507,0.148529,0.160633,0.148545,0.115628,0.0510987,-0.0561172,-0.193978,-0.285768,-0.172242,0
0,0.0833279,0.148705,0.160859,0.148767,0.115777,0.0511115,-0.0562575,-0.194237,-0.286063,-0.172411,0
0,0.0834049,0.148881,0.161084,0.148988,0.115923,0.0511232,-0.0563972,-0.194493,-0.286356,-0.172579,0
0,0.0834817,0.149055,0.161308,0.149206,0.116067,0.0511339,-0.0565362,-0.194746,-0.286646,-0.172745,0
0,0.0835582,0.149229,0.16153,0.149422,0.116209,0.0511434,-0.0566746,-0.194998,-0.286933,-0.17291,0
0,0.0836346,0.149403,0.161751,0.149637,0.116349,0.051152,-0.0568122,-0.195247,-0.287217,-0.173073,0
0,0.0837107,0.149575,0.16197,0.149849,0.116487,0.0511595,-0.0569492,-0.195493,-0.287498,-0.173234,0
0,0.0837865,0.149747,0.162188,0.150059,0.116623,0.051166,-0.0570855,-0.195738,-0.287776,-0.173394,0
0,0.0838622,0.149918,0.162404,0.150268,0.116757,0.0511716,-0.0572211,-0.19598,-0.288051,-0.173553,0
0,0.0839376,0.150088,0.16262,0.150474,0.116889,0.0511762,-0.057356,-0.19622,-0.288324,-0.17371,0
0,0.0840127,0.150257,0.162833,0.150679,0.11702,0.0511799,-0.0574902,-0.196457,-0.288593,-0.173866,0
0,0.0840877,0.150426,0.163045,0.150882,0.117149,0.0511827,-0.0576236,-0.196693,-0.28886,-0.17402,0
0,0.0841623,0.150594,0.163256,0.151082,0.117275,0.0511847,-0.0577564,-0.196926,-0.289125,-0.174173,0
0,0.0842368,0.150761,0.163466,0.151281,0.1174,0.0511858,-0.0578885,-0.197157,-0.289386,-0.174325,0
0,0.084311,0.150928,0.163674,0.151478,0.117524,0.051186,-0.0580199,-0.197387,-0.289645,-0.174475,0
0,0.0843849,0.151093,0.163881,0.151674,0.117645,0.0511855,-0.0581505,-0.197613,-0.289902,-0.174624,0
0,0.0844587,0.151258,0.164086,0.151867,0.117765,0.0511841,-0.0582804,-0.197838,-0.290156,-0.174771,0
0,0.0845321,0.151422,0.16429,0.152059,0.117883,0.051182,-0.0584096,-0.198061,-0.290407,-0.174917,0
0,0.0846053,0.151585,0.164493,0.152249,0.117999,0.0511792,-0.0585381,-0.198282,-0.290656,-0.175062,0
0,0.0846783,0.151748,0.164694,0.152437,0.118114,0.0511756,-0.0586659,-0.198501,-0.290902,-0.175206,0
0,0.084751,0.15191,0.164894,0.152623,0.118227,0.0511713,-0.058793,-0.198717,-0.291146,-0.175348,0
0,0.0848234,0.152071,0.165093,0.152807,0.118339,0.0511662,-0.0589193,-0.198932,-0.291388,-0.175489,0
0,0.0848956,0.152231,0.16529,0.15299,0.118449,0.0511606,-0.0590449,-0.199145,-0.291627,-0.175628,0
0,0.0849676,0.15239,0.165486,0.153171,0.118557,0.0511542,-0.0591698,-0.199356,-0.291863,-0.175767,0
0,0.0850392,0.152549,0.165681,0.153351,0.118664,0.0511472,-0.0592939,-0.199565,-0.292098,-0.175904,0
0,0.0851107,0.152707,0.165874,0.153529,0.118769,0.0511396,-0.0594174,-0.199772,-0.29233,-0.17604,0
0,0.0851818,0.152864,0.166066,0.153705,0.118873,0.0511314,-0.0595401,-0.199977,-0.29256,-0.176175,0
0,0.0852527,0.153021,0.166257,0.153879,0.118975,0.0511226,-0.059662,-0.20018,-0.292788,-0.176308,0
0,0.0853233,0.153176,0.166447,0.154052,0.119076,0.0511132,-0.0597833,-0.200382,-0.293013,-0.17644,0
0,0.0853937,0.153331,0.166635,0.154223,0.119176,0.0511032,-0.0599038,-0.200581,-0.293236,-0.176572,0
0,0.0854638,0.153485,0.166822,0.154393,0.119274,0.0510927,-0.0600236,-0.200779,-0.293457,-0.176701,0
0,0.0855336,0.153639,0.167008,0.15456,0.11937,0.0510817,-0.0601427,-0.200975,-0.293676,-0.17683,0
0,0.0856032,0.153791,0.167192,0.154727,0.119466,0.0510702,-0.0602611,-0.20117,-0.293893,-0.176958,0
0,0.0856725,0.153943,0.167375,0.154892,0.119559,0.0510581,-0.0603787,-0.201362,-0.294108,-0.177084,0
0,0.0857415,0.154094,0.167557,0.155055,0.119652,0.0510456,-0.0604956,-0.201553,-0.29432,-0.17721,0
0,0.0858103,0.154245,0.167738,0.155217,0.119743,0.0510326,-0.0606118,-0.201742,-0.294531,-0.177334,0
0,0.0858788,0.154394,0.167917,0.155377,0.119833,0.0510191,-0.0607272,-0.201929,-0.294739,-0.177457,0
0,0.085947,0.154543,0.168095,0.155536,0.119922,0.0510052,-0.060842,-0.202115,-0.294946,-0.177579,0
0,0.0860149,0.154691,0.168272,0.155693,0.120009,0.0509909,-0.060956,-0.202299,-0.295151,-0.1777,0
0,0.0860826,0.154838,0.168448,0.155849,0.120095,0.0509761,-0.0610693,-0.202481,-0.295353,-0.17782,0
0,0.0861499,0.154985,0.168623,0.156003,0.12018,0.050961,-0.0611819,-0.202662,-0.295554,-0.177939,0
0,0.086217,0.155131,0.168796,0.156156,0.120264,0.0509454,-0.0612938,-0.202841,-0.295753,-0.178057,0
0,0.0862839,0.155276,0.168968,0.156307,0.120347,0.0509295,-0.061405,-0.203018,-0.29595,-0.178173,0
0,0.0863504,0.15542,0.169139,0.156457,0.120428,0.0509132,-0.0615154,-0.203194,-0.296145,-0.178289,0
0,0.0864167,0.155564,0.169309,0.156606,0.120508,0.0508965,-0.0616252,-0.203369,-0.296338,-0.178404,0
0,0.0864827,0.155706,0.169478,0.156753,0.120587,0.0508795,-0.0617342,-0.203541,-0.296529,-0.178518,0
0,0.0865484,0.155848,0.169645,0.156899,0.120665,0.0508622,-0.0618425,-0.203713,-0.296719,-0.17863,0
0,0.0866138,0.15599,0.169812,0.157043,0.120742,0.0508445,-0.0619502,-0.203882,-0.296907,-0.178742,0
0,0.086679,0.15613,0.169977,0.157186,0.120818,0.0508265,-0.0620571,-0.204051,-0.297093,-0.178853,0
0,0.0867438,0.15627,0.170141,0.157328,0.120892,0.0508083,-0.0621633,-0.204217,-0.297277,-0.178962,0
0,0.0868084,0.156409,0.170304,0.157468,0.120966,0.0507897,-0.0622689,-0.204382,-0.29746,-0.179071,0
0,0.0868727,0.156547,0.170465,0.157607,0.121038,0.0507708,-0.0623737,-0.204546,-0.297641,-0.179179,0
0,0.0869367,0.156685,0.170626,0.157745,0.12111,0.0507517,-0.0624778,-0.204709,-0.29782,-0.179286,0
0,0.0870004,0.156822,0.170785,0.157881,0.12118,0.0507323,-0.0625813,-0.204869,-0.297997,-0.179392,0
0,0.0870639,0.156958,0.170944,0.158017,0.12125,0.0507127,-0.0626841,-0.205029,-0.298173,-0.179497,0
0,0.087127,0.157093,0.171101,0.15815,0.121318,0.0506928,-0.0627861,-0.205187,-0.298347,-0.179601,0
0,0.0871899,0.157228,0.171257,0.158283,0.121386,0.0506727,-0.0628876,-0.205344,-0.29852,-0.179704,0
0,0.0872525,0.157362,0.171412,0.158415,0.121452,0.0506524,-0.0629883,-0.205499,-0.298691,-0.179807,0
0,0.0873148,0.157495,0.171566,0.158545,0.121518,0.0506318,-0.0630883,-0.205653,-0.29886,-0.179908,0
0,0.0873768,0.157627,0.171719,0.158674,0.121583,0.050611,-0.0631877,-0.205805,-0.299028,-0.180009,0
0,0.0874385,0.157759,0.17187,0.158801,0.121646,0.0505901,-0.0632864,-0.205956,-0.299195,-0.180109,0
0,0.0875,0.15789,0.172021,0.158928,0.121709,0.0505689,-0.0633844,-0.206106,-0.299359,-0.180207,0
0,0.0875611,0.15802,0.172171,0.159053,0.121771,0.0505476,-0.0634818,-0.206255,-0.299523,-0.180305,0
0,0.087622,0.15815,0.172319,0.159177,0.121832,0.050526,-0.0635785,-0.206402,-0.299684,-0.180402,0
0,0.0876826,0.158278,0.172467,0.1593,0.121893,0.0505043,-0.0636745,-0.206548,-0.299845,-0.180499,0
0,0.0877428,0.158407,0.172613,0.159422,0.121952,0.0504825,-0.0637699,-0.206693,-0.300004,-0.180594,0
0,0.0878028,0.158534,0.172758,0.159543,0.12201,0.0504605,-0.0638647,-0.206836,-0.300161,-0.180689,0
0,0.0878626,0.15866,0.172903,0.159663,0.122068,0.0504383,-0.0639587,-0.206978,-0.300317,-0.180783,0
0,0.087922,0.158786,0.173046,0.159781,0.122125,0.050416,-0.0640522,-0.207119,-0.300472,-0.180876,0
0,0.0879811,0.158912,0.173188,0.159898,0.122181,0.0503936,-0.064145,-0.207259,-0.300625,-0.180968,0
0,0.08804,0.159036,0.17333,0.160015,0.122236,0.050371,-0.0642371,-0.207397,-0.300776,-0.181059,0
0,0.0880985,0.15916,0.17347,0.16013,0.122291,0.0503483,-0.0643286,-0.207535,-0.300927,-0.18115,0
0,0.0881568,0.159283,0.173609,0.160244,0.122345,0.0503255,-0.0644195,-0.207671,-0.301076,-0.18124,0
0,0.0882148,0.159405,0.173747,0.160357,0.122398,0.0503026,-0.0645097,-0.207806,-0.301224,-0.181329,0
0,0.0882725,0.159527,0.173885,0.160469,0.12245,0.0502796,-0.0645993,-0.207939,-0.30137,-0.181417,0
0,0.0883299,0.159648,0.174021,0.16058,0.122501,0.0502565,-0.0646883,-0.208072,-0.301515,-0.181505,0
0,0.088387,0.159768,0.174156,0.16069,0.122552,0.0502332,-0.0647766,-0.208203,-0.301659,-0.181592,0
0,0.0884439,0.159888,0.174291,0.160799,0.122602,0.0502099,-0.0648644,-0.208334,-0.301801,-0.181678,0
0,0.0885004,0.160006,0.174424,0.160907,0.122652,0.0501866,-0.0649515,-0.208463,-0.301942,-0.181763,0
0,0.0885567,0.160125,0.174556,0.161013,0.1227,0.0501631,-0.065038,-0.208591,-0.302082,-0.181848,0
0,0.0886126,0.160242,0.174688,0.161119,0.122748,0.0501396,-0.0651239,-0.208718,-0.302221,-0.181932,0
0,0.0886683,0.160359,0.174818,0.161224,0.122796,0.050116,-0.0652092,-0.208844,-0.302358,-0.182015,0
0,0.0887237,0.160475,0.174948,0.161328,0.122842,0.0500923,-0.0652939,-0.208968,-0.302495,-0.182098,0
0,0.0887788,0.16059,0.175076,0.161431,0.122888,0.0500686,-0.0653779,-0.209092,-0.30263,-0.18218,0
0,0.0888337,0.160705,0.175204,0.161533,0.122934,0.0500448,-0.0654614,-0.209215,-0.302763,-0.182261,0
0,0.0888882,0.160819,0.175331,0.161634,0.122979,0.050021,-0.0655443,-0.209336,-0.302896,-0.182341,0
0,0.0889425,0.160932,0.175456,0.161734,0.123023,0.0499972,-0.0656266,-0.209457,-0.303027,-0.182421,0
0,0.0889964,0.161045,0.175581,0.161833,0.123066,0.0499733,-0.0657083,-0.209576,-0.303158,-0.1825,0
0,0.0890501,0.161157,0.175705,0.161931,0.123109,0.0499494,-0.0657894,-0.209695,-0.303287,-0.182578,0
0,0.0891035,0.161268,0.175828,0.162029,0.123151,0.0499254,-0.06587,-0.209812,-0.303415,-0.182656,0
0,0.0891566,0.161379,0.175951,0.162125,0.123193,0.0499015,-0.0659499,-0.209929,-0.303542,-0.182733,0
0,0.0892095,0.161489,0.176072,0.162221,0.123234,0.0498775,-0.0660293,-0.210044,-0.303667,-0.18281,0
0,0.089262,0.161598,0.176192,0.162315,0.123275,0.0498535,-0.0661082,-0.210158,-0.303792,-0.182886,0
0,0.0893143,0.161707,0.176312,0.162409,0.123315,0.0498295,-0.0661864,-0.210272,-0.303915,-0.182961,0
0,0.0893663,0.161815,0.17643,0.162502,0.123354,0.0498054,-0.0662641,-0.210384,-0.304038,-0.183035,0
0,0.089418,0.161923,0.176548,0.162594,0.123393,0.0497814,-0.0663412,-0.210496,-0.304159,-0.183109,0
0,0.0894694,0.162029,0.176665,0.162685,0.123431,0.0497574,-0.0664178,-0.210607,-0.304279,-0.183182,0
0,0.0895206,0.162135,0.176781,0.162776,0.123469,0.0497334,-0.0664938,-0.210716,-0.304399,-0.183255,0
0,0.0895714,0.162241,0.176896,0.162865,0.123506,0.0497093,-0.0665693,-0.210825,-0.304517,-0.183327,0
0,0.089622,0.162345,0.177011,0.162954,0.123543,0.0496853,-0.0666442,-0.210933,-0.304634,-0.183399,0
0,0.0896723,0.16245,0.177124,0.163042,0.12358,0.0496613,-0.0667186,-0.21104,-0.30475,-0.18347,0
0,0.0897223,0.162553,0.177237,0.163129,0.123615,0.0496374,-0.0667925,-0.211146,-0.304865,-0.18354,0
0,0.0897721,0.162656,0.177349,0.163215,0.123651,0.0496134,-0.0668658,-0.211251,-0.30498,-0.18361,0
0,0.0898216,0.162758,0.17746,0.163301,0.123685,0.0495895,-0.0669385,-0.211355,-0.305093,-0.183679,0
0,0.0898708,0.16286,0.17757,0.163386,0.12372,0.0495656,-0.0670108,-0.211458,-0.305205,-0.183747,0
0,0.0899197,0.162961,0.177679,0.163469,0.123754,0.0495417,-0.0670825,-0.211561,-0.305316,-0.183815,0
0,0.0899683,0.163061,0.177788,0.163553,0.123787,0.0495178,-0.0671537,-0.211662,-0.305426,-0.183883,0
0,0.0900167,0.16316,0.177896,0.163635,0.12382,0.049494,-0.0672243,-0.211763,-0.305536,-0.183949,0
0,0.0900648,0.16326,0.178003,0.163717,0.123852,0.0494702,-0.0672945,-0.211863,-0.305644,-0.184016,0
0,0.0901126,0.163358,0.178109,0.163798,0.123884,0.0494465,-0.0673641,-0.211962,-0.305751,-0.184081,0
0,0.0901602,0.163456,0.178214,0.163878,0.123916,0.0494227,-0.0674333,-0.21206,-0.305858,-0.184147,0
0,0.0902075,0.163553,0.178319,0.163957,0.123947,0.0493991,-0.0675019,-0.212157,-0.305963,-0.184211,0
0,0.0902545,0.16365,0.178423,0.164036,0.123978,0.0493755,-0.06757,-0.212254,-0.306068,-0.184275,0
0,0.0903012,0.163745,0.178526,0.164114,0.124008,0.0493519,-0.0676376,-0.21235,-0.306172,-0.184339,0
0,0.0903477,0.163841,0.178628,0.164191,0.124038,0.0493284,-0.0677047,-0.212445,-0.306275,-0.184402,0
0,0.0903939,0.163936,0.17873,0.164268,0.124068,0.0493049,-0.0677714,-0.212539,-0.306377,-0.184465,0
0,0.0904398,0.16403,0.178831,0.164344,0.124097,0.0492815,-0.0678375,-0.212632,-0.306478,-0.184527,0
0,0.0904855,0.164123,0.178931,0.164419,0.124126,0.0492581,-0.0679031,-0.212725,-0.306578,-0.184588,0
0,0.0905309,0.164216,0.17903,0.164493,0.124154,0.0492348,-0.0679683,-0.212817,-0.306677,-0.184649,0
0,0.090576,0.164309,0.179128,0.164567,0.124182,0.0492115,-0.068033,-0.212908,-0.306776,-0.18471,0
0,0.0906209,0.1644,0.179226,0.16464,0.12421,0.0491883,-0.0680972,-0.212998,-0.306874,-0.18477,0
0,0.0906655,0.164492,0.179323,0.164713,0.124237,0.0491652,-0.0681609,-0.213087,-0.306971,-0.184829,0
0,0.0907098,0.164582,0.17942,0.164785,0.124264,0.0491422,-0.0682242,-0.213176,-0.307067,-0.184888,0
0,0.0907539,0.164672,0.179515,0.164856,0.12429,0.0491192,-0.068287,-0.213264,-0.307162,-0.184947,0
0,0.0907977,0.164762,0.17961,0.164926,0.124316,0.0490962,-0.0683493,-0.213351,-0.307256,-0.185005,0
0,0.0908413,0.16485,0.179705,0.164996,0.124342,0.0490734,-0.0684111,-0.213438,-0.30735,-0.185063,0
0,0.0908846,0.164939,0.179798,0.165065,0.124367,0.0490506,-0.0684725,-0.213524,-0.307443,-0.18512,0
0,0.0909276,0.165026,0.179891,0.165134,0.124393,0.0490279,-0.0685335,-0.213609,-0.307535,-0.185176,0
0,0.0909704,0.165114,0.179983,0.165202,0.124417,0.0490053,-0.068594,-0.213693,-0.307626,-0.185232,0
0,0.0910129,0.1652,0.180074,0.165269,0.124442,0.0489827,-0.068654,-0.213777,-0.307717,-0.185288,0
0,0.0910552,0.165286,0.180165,0.165336,0.124466,0.0489602,-0.0687136,-0.21386,-0.307806,-0.185343,0
0,0.0910972,0.165372,0.180255,0.165402,0.12449,0.0489378,-0.0687728,-0.213942,-0.307895,-0.185398,0
0,0.091139,0.165456,0.180345,0.165468,0.124513,0.0489155,-0.0688315,-0.214024,-0.307984,-0.185453,0
0,0.0911805,0.165541,0.180433,0.165533,0.124536,0.0488932,-0.0688897,-0.214105,-0.308071,-0.185507,0
0,0.0912217,0.165624,0.180522,0.165598,0.124559,0.048871,-0.0689476,-0.214185,-0.308158,-0.18556,0
0,0.0912627,0.165708,0.180609,0.165661,0.124582,0.0488489,-0.069005,-0.214265,-0.308244,-0.185613,0
0,0.0913035,0.16579,0.180696,0.165725,0.124604,0.0488269,-0.0690619,-0.214344,-0.308329,-0.185666,0
0,0.091344,0.165873,0.180782,0.165787,0.124626,0.048805,-0.0691185,-0.214422,-0.308414,-0.185718,0
0,0.0913842,0.165954,0.180867,0.16585,0.124648,0.0487832,-0.0691746,-0.2145,-0.308497,-0.18577,0
0,0.0914242,0.166035,0.180952,0.165911,0.124669,0.0487614,-0.0692303,-0.214577,-0.308581,-0.185821,0
0,0.091464,0.166116,0.181036,0.165972,0.12469,0.0487397,-0.0692856,-0.214653,-0.308663,-0.185872,0
0,0.0915035,0.166196,0.18112,0.166033,0.124711,0.0487182,-0.0693405,-0.214729,-0.308745,-0.185922,0
0,0.0915521,0.166283,0.181209,0.166097,0.124734,0.048697,-0.0693965,-0.214807,-0.30883,-0.185978,0
0,0.0915824,0.166355,0.181286,0.166152,0.124752,0.0486751,-0.0694493,-0.214879,-0.308906,-0.186022,0
0,0.0916207,0.166433,0.181367,0.166211,0.124772,0.0486537,-0.0695029,-0.214953,-0.308986,-0.186071,0
0,0.0916685,0.166518,0.181454,0.166274,0.124794,0.0486328,-0.0695577,-0.215029,-0.309069,-0.186125,0
0,0.0916981,0.166589,0.181529,0.166328,0.124811,0.0486112,-0.0696093,-0.215099,-0.309143,-0.186168,0
0,0.0917356,0.166665,0.181608,0.166385,0.12483,0.0485901,-0.0696618,-0.215171,-0.309221,-0.186216,0
0,0.0917827,0.166749,0.181694,0.166446,0.124851,0.0485694,-0.0697154,-0.215246,-0.309302,-0.186269,0
0,0.0918116,0.166818,0.181767,0.166498,0.124868,0.0485481,-0.0697658,-0.215314,-0.309374,-0.186311,0
0,0.0918484,0.166893,0.181844,0.166554,0.124886,0.0485272,-0.069817,-0.215384,-0.30945,-0.186358,0
0,0.0918948,0.166975,0.181928,0.166613,0.124907,0.0485068,-0.0698695,-0.215457,-0.30953,-0.18641,0
0,0.091923,0.167042,0.181999,0.166664,0.124923,0.0484858,-0.0699187,-0.215523,-0.3096,-0.18645,0
0,0.0919591,0.167116,0.182075,0.166718,0.12494,0.0484653,-0.0699688,-0.215592,-0.309674,-0.186496,0
0,0.0920047,0.167197,0.182157,0.166776,0.12496,0.0484452,-0.0700201,-0.215663,-0.309752,-0.186547,0
0,0.0920322,0.167262,0.182227,0.166826,0.124975,0.0484244,-0.0700682,-0.215728,-0.30982,-0.186586,0
0,0.0920677,0.167334,0.182301,0.166878,0.124992,0.0484042,-0.0701172,-0.215795,-0.309892,-0.186631,0
0,0.0921126,0.167414,0.182381,0.166935,0.125011,0.0483844,-0.0701674,-0.215864,-0.309968,-0.186681,0
0,0.0921394,0.167478,0.182449,0.166983,0.125026,0.0483639,-0.0702144,-0.215927,-0.310034,-0.186719,0
0,0.0921835,0.167556,0.182527,0.167039,0.125044,0.0483442,-0.0702638,-0.215995,-0.310109,-0.186768,0
0,0.0922098,0.167619,0.182594,0.167086,0.125059,0.048324,-0.0703101,-0.216057,-0.310174,-0.186806,0
0,0.0922534,0.167696,0.182671,0.16714,0.125077,0.0483045,-0.0703588,-0.216125,-0.310248,-0.186854,0
0,0.0922792,0.167759,0.182737,0.167187,0.12509,0.0482844,-0.0704043,-0.216185,-0.310312,-0.186891,0
0,0.0923224,0.167835,0.182814,0.16724,0.125108,0.0482651,-0.0704523,-0.216252,-0.310385,-0.186939,0
0,0.0923478,0.167896,0.182878,0.167286,0.125121,0.0482453,-0.0704972,-0.216311,-0.310448,-0.186975,0
0,0.0923905,0.167972,0.182953,0.167339,0.125139,0.0482262,-0.0705444,-0.216377,-0.310519,-0.187022,0
0,0.0924154,0.168032,0.183017,0.167383,0.125152,0.0482065,-0.0705886,-0.216436,-0.310581,-0.187058,0
0,0.0924577,0.168106,0.183091,0.167435,0.125169,0.0481877,-0.0706352,-0.2165,-0.310651,-0.187104,0
0,0.0924822,0.168166,0.183154,0.167479,0.125181,0.0481682,-0.0706787,-0.216558,-0.310712,-0.187139,0
0,0.092524,0.168239,0.183227,0.16753,0.125198,0.0481495,-0.0707245,-0.216621,-0.310781,-0.187185,0
0,0.0925481,0.168298,0.183288,0.167573,0.12521,0.0481303,-0.0707674,-0.216678,-0.310841,-0.187219,0
0,0.0925895,0.16837,0.183361,0.167623,0.125226,0.0481118,-0.0708126,-0.21674,-0.310909,-0.187264,0
0,0.0926132,0.168428,0.183421,0.167665,0.125238,0.0480927,-0.0708547,-0.216796,-0.310968,-0.187298,0
0,0.0926541,0.168499,0.183492,0.167715,0.125254,0.0480744,-0.0708992,-0.216857,-0.311035,-0.187342,0
0,0.0926774,0.168556,0.183552,0.167756,0.125266,0.0480556,-0.0709407,-0.216912,-0.311092,-0.187375,0
0,0.0927179,0.168627,0.183622,0.167805,0.125281,0.0480375,-0.0709846,-0.216972,-0.311158,-0.187419,0
0,0.0927407,0.168683,0.18368,0.167845,0.125292,0.0480189,-0.0710254,-0.217026,-0.311215,-0.187452,0
0,0.0927809,0.168752,0.18375,0.167893,0.125307,0.048001,-0.0710687,-0.217086,-0.31128,-0.187495,0
0,0.0928033,0.168807,0.183807,0.167933,0.125318,0.0479825,-0.0711089,-0.217139,-0.311336,-0.187527,0
0,0.092843,0.168876,0.183875,0.16798,0.125333,0.0479649,-0.0711515,-0.217197,-0.3114,-0.187569,0
0,0.092865,0.168931,0.183932,0.168019,0.125344,0.0479466,-0.071191,-0.217249,-0.311455,-0.1876,0
0,0.0929043,0.168999,0.183999,0.168065,0.125358,0.0479291,-0.071233,-0.217307,-0.311518,-0.187642,0
0,0.0929259,0.169052,0.184055,0.168104,0.125369,0.0479111,-0.071272,-0.217358,-0.311572,-0.187673,0
0,0.0929648,0.169119,0.184121,0.168149,0.125383,0.0478938,-0.0713133,-0.217415,-0.311634,-0.187714,0
0,0.0929859,0.169172,0.184176,0.168187,0.125393,0.047876,-0.0713517,-0.217465,-0.311687,-0.187745,0
0,0.0930244,0.169238,0.184241,0.168232,0.125407,0.0478589,-0.0713924,-0.217521,-0.311748,-0.187785,0
0,0.0930452,0.16929,0.184295,0.168269,0.125416,0.0478413,-0.0714301,-0.217571,-0.3118,-0.187815,0
0,0.0930833,0.169355,0.18436,0.168313,0.12543,0.0478244,-0.0714703,-0.217626,-0.31186,-0.187855,0
0,0.0931037,0.169406,0.184412,0.168349,0.12544,0.0478069,-0.0715074,-0.217674,-0.311911,-0.187884,0
0,0.0931414,0.169471,0.184476,0.168392,0.125453,0.0477903,-0.071547,-0.217729,-0.31197,-0.187924,0
0,0.0931614,0.169521,0.184528,0.168428,0.125462,0.047773,-0.0715835,-0.217776,-0.31202,-0.187953,0
0,0.0931987,0.169584,0.184591,0.168471,0.125475,0.0477566,-0.0716225,-0.21783,-0.312079,-0.187992,0
0,0.0932183,0.169634,0.184642,0.168506,0.125484,0.0477395,-0.0716585,-0.217877,-0.312128,-0.18802,0
0,0.0932553,0.169697,0.184704,0.168548,0.125497,0.0477232,-0.0716969,-0.217929,-0.312186,-0.188058,0
0,0.0932745,0.169745,0.184754,0.168582,0.125506,0.0477064,-0.0717323,-0.217976,-0.312234,-0.188086,0
0,0.093311,0.169808,0.184815,0.168623,0.125518,0.0476903,-0.0717701,-0.218027,-0.312291,-0.188124,0
0,0.0933299,0.169855,0.184864,0.168657,0.125527,0.0476737,-0.071805,-0.218073,-0.312338,-0.188151,0
0,0.0933661,0.169917,0.184924,0.168698,0.125539,0.0476578,-0.0718423,-0.218124,-0.312394,-0.188188,0
0,0.0933845,0.169963,0.184973,0.168731,0.125547,0.0476413,-0.0718766,-0.218168,-0.312441,-0.188215,0
0,0.0934203,0.170024,0.185032,0.168771,0.125559,0.0476256,-0.0719133,-0.218219,-0.312496,-0.188252,0
0,0.0934384,0.17007,0.18508,0.168803,0.125567,0.0476094,-0.0719471,-0.218263,-0.312542,-0.188278,0
0,0.0934739,0.17013,0.185139,0.168843,0.125579,0.0475939,-0.0719833,-0.218312,-0.312596,-0.188314,0
0,0.0934916,0.170176,0.185185,0.168874,0.125587,0.0475778,-0.0720165,-0.218355,-0.312641,-0.18834,0
0,0.0935267,0.170235,0.185243,0.168913,0.125598,0.0475625,-0.0720522,-0.218404,-0.312695,-0.188376,0
0,0.0935441,0.170279,0.185289,0.168944,0.125606,0.0475466,-0.0720848,-0.218446,-0.312739,-0.188401,0
0,0.0935788,0.170338,0.185346,0.168983,0.125617,0.0475315,-0.07212,-0.218494,-0.312792,-0.188436,0
0,0.0935958,0.170382,0.185391,0.169013,0.125624,0.0475158,-0.0721522,-0.218536,-0.312835,-0.188461,0
0,0.0936302,0.17044,0.185448,0.169051,0.125636,0.0475009,-0.0721868,-0.218583,-0.312887,-0.188496,0
0,0.0936468,0.170483,0.185492,0.169081,0.125642,0.0474854,-0.0722184,-0.218624,-0.31293,-0.18852,0
0,0.0936808,0.17054,0.185548,0.169118,0.125654,0.0474707,-0.0722526,-0.218671,-0.312981,-0.188554,0
0,0.0936971,0.170582,0.185591,0.169148,0.12566,0.0474554,-0.0722837,-0.218711,-0.313023,-0.188578,0
0,0.0937308,0.170639,0.185646,0.169184,0.125671,0.0474409,-0.0723174,-0.218757,-0.313073,-0.188612,0
0,0.0937468,0.17068,0.185689,0.169213,0.125678,0.0474257,-0.072348,-0.218796,-0.313115,-0.188635,0
0,0.0937801,0.170736,0.185743,0.169249,0.125688,0.0474114,-0.0723811,-0.218842,-0.313164,-0.188669,0
0,0.0937957,0.170777,0.185785,0.169277,0.125695,0.0473965,-0.0724113,-0.218881,-0.313205,-0.188692,0
0,0.0938287,0.170832,0.185838,0.169313,0.125705,0.0473823,-0.072444,-0.218925,-0.313254,-0.188725,0
0,0.093844,0.170872,0.18588,0.169341,0.125711,0.0473675,-0.0724736,-0.218963,-0.313293,-0.188747,0
0,0.0938766,0.170926,0.185932,0.169376,0.125722,0.0473536,-0.0725058,-0.219007,-0.313342,-0.18878,0
0,0.0938916,0.170966,0.185973,0.169403,0.125727,0.047339,-0.072535,-0.219045,-0.313381,-0.188802,0
0,0.0939239,0.17102,0.186025,0.169437,0.125738,0.0473252,-0.0725667,-0.219088,-0.313428,-0.188834,0
0,0.0939385,0.171059,0.186065,0.169464,0.125743,0.0473108,-0.0725955,-0.219125,-0.313467,-0.188856,0
0,0.0939705,0.171112,0.186116,0.169498,0.125753,0.0472972,-0.0726267,-0.219168,-0.313513,-0.188887,0
0,0.0939848,0.17115,0.186155,0.169524,0.125759,0.047283,-0.072655,-0.219204,-0.313551,-0.188908,0
0,0.0940165,0.171202,0.186205,0.169558,0.125769,0.0472696,-0.0726858,-0.219246,-0.313597,-0.18894,0
0,0.0940304,0.17124,0.186244,0.169583,0.125774,0.0472555,-0.0727136,-0.219281,-0.313634,-0.188961,0
0,0.0940618,0.171291,0.186294,0.169616,0.125784,0.0472423,-0.072744,-0.219323,-0.31368,-0.188992,0
0,0.0940754,0.171328,0.186332,0.169641,0.125789,0.0472284,-0.0727713,-0.219358,-0.313716,-0.189012,0
0,0.0941065,0.171379,0.186381,0.169674,0.125798,0.0472154,-0.0728012,-0.219399,-0.313761,-0.189043,0
0,0.0941198,0.171416,0.186418,0.169698,0.125803,0.0472017,-0.0728282,-0.219433,-0.313797,-0.189062,0
0,0.0941506,0.171466,0.186466,0.169731,0.125813,0.0471888,-0.0728576,-0.219473,-0.313841,-0.189093,0
0,0.0941636,0.171502,0.186503,0.169755,0.125818,0.0471753,-0.0728841,-0.219507,-0.313876,-0.189112,0
0,0.094194,0.171552,0.186551,0.169786,0.125827,0.0471626,-0.0729132,-0.219547,-0.31392,-0.189142,0
0,0.0942067,0.171587,0.186587,0.16981,0.125831,0.0471492,-0.0729393,-0.21958,-0.313954,-0.189161,0
0,0.0942368,0.171636,0.186634,0.169841,0.12584,0.0471367,-0.0729679,-0.219619,-0.313997,-0.18919,0
0,0.0942492,0.17167,0.186669,0.169864,0.125845,0.0471235,-0.0729935,-0.219652,-0.314031,-0.189209,0
0,0.0942791,0.171719,0.186715,0.169895,0.125854,0.0471111,-0.0730217,-0.21969,-0.314073,-0.189238,0
0,0.0942912,0.171753,0.18675,0.169918,0.125858,0.0470981,-0.073047,-0.219722,-0.314107,-0.189256,0
0,0.0943207,0.171801,0.186796,0.169948,0.125867,0.0470859,-0.0730748,-0.21976,-0.314148,-0.189285,0
0,0.0943325,0.171834,0.18683,0.16997,0.125871,0.0470731,-0.0730996,-0.219792,-0.314181,-0.189303,0
0,0.0943618,0.171881,0.186875,0.17,0.12588,0.0470611,-0.073127,-0.219829,-0.314222,-0.189331,0
0,0.0943733,0.171914,0.186909,0.170022,0.125884,0.0470484,-0.0731514,-0.21986,-0.314254,-0.189349,0
0,0.0944022,0.171961,0.186953,0.170051,0.125892,0.0470365,-0.0731784,-0.219897,-0.314295,-0.189377,0
0,0.0944134,0.171993,0.186986,0.170073,0.125896,0.047024,-0.0732025,-0.219927,-0.314326,-0.189394,0
0,0.0944421,0.172039,0.18703,0.170102,0.125905,0.0470123,-0.073229,-0.219963,-0.314366,-0.189422,0
0,0.0944531,0.17207,0.187063,0.170123,0.125908,0.047,-0.0732527,-0.219993,-0.314397,-0.189439,0
0,0.0944815,0.172116,0.187106,0.170151,0.125917,0.0469884,-0.0732789,-0.220029,-0.314437,-0.189466,0
0,0.0944921,0.172147,0.187138,0.170172,0.12592,0.0469762,-0.0733022,-0.220059,-0.314467,-0.189483,0
0,0.0945202,0.172192,0.187181,0.1702,0.125928,0.0469649,-0.073328,-0.220094,-0.314506,-0.189509,0
0,0.0945306,0.172222,0.187212,0.17022,0.125932,0.0469528,-0.0733509,-0.220123,-0.314536,-0.189526,0
0,0.0945584,0.172267,0.187254,0.170248,0.12594,0.0469416,-0.0733764,-0.220157,-0.314574,-0.189552,0
0,0.0945685,0.172297,0.187285,0.170268,0.125943,0.0469297,-0.0733989,-0.220186,-0.314603,-0.189568,0
0,0.0945961,0.172341,0.187326,0.170295,0.125951,0.0469187,-0.073424,-0.22022,-0.314641,-0.189594,0
0,0.0946059,0.17237,0.187356,0.170315,0.125955,0.046907,-0.0734461,-0.220248,-0.31467,-0.18961,0
0,0.0946332,0.172413,0.187397,0.170342,0.125962,0.0468961,-0.0734708,-0.220282,-0.314707,-0.189636,0
0,0.0946428,0.172442,0.187427,0.170361,0.125965,0.0468845,-0.0734927,-0.220309,-0.314735,-0.189651,0
0,0.0946698,0.172485,0.187467,0.170387,0.125973,0.0468737,-0.073517,-0.220342,-0.314772,-0.189677,0
0,0.0946791,0.172513,0.187496,0.170406,0.125976,0.0468623,-0.0735385,-0.220369,-0.3148,-0.189691,0
0,0.0947059,0.172556,0.187537,0.170432,0.125984,0.0468517,-0.0735625,-0.220402,-0.314836,-0.189717,0
0,0.094715,0.172583,0.187565,0.170451,0.125987,0.0468405,-0.0735836,-0.220429,-0.314863,-0.189731,0
0,0.0947415,0.172625,0.187604,0.170477,0.125994,0.04683,-0.0736072,-0.220461,-0.314899,-0.189756,0
0,0.0947503,0.172652,0.187632,0.170494,0.125997,0.0468189,-0.073628,-0.220487,-0.314926,-0.189771,0
0,0.0947765,0.172694,0.187671,0.17052,0.126004,0.0468086,-0.0736513,-0.220519,-0.314961,-0.189795,0
0,0.0947851,0.17272,0.187699,0.170537,0.126007,0.0467977,-0.0736717,-0.220544,-0.314987,-0.189809,0
0,0.0948111,0.172761,0.187737,0.170563,0.126014,0.0467875,-0.0736947,-0.220576,-0.315022,-0.189834,0
0,0.0948194,0.172788,0.187764,0.17058,0.126017,0.0467767,-0.0737148,-0.220601,-0.315048,-0.189847,0
0,0.0948451,0.172828,0.187802,0.170605,0.126024,0.0467667,-0.0737375,-0.220632,-0.315082,-0.189871,0
0,0.0948532,0.172854,0.187829,0.170622,0.126026,0.046756,-0.0737572,-0.220656,-0.315107,-0.189885,0
0,0.0948787,0.172893,0.187866,0.170646,0.126033,0.0467461,-0.0737796,-0.220687,-0.315141,-0.189909,0
0,0.0948865,0.172919,0.187892,0.170663,0.126036,0.0467356,-0.073799,-0.220711,-0.315166,-0.189922,0
0,0.0949118,0.172958,0.187929,0.170687,0.126043,0.0467259,-0.073821,-0.220741,-0.315199,-0.189945,0
0,0.0949193,0.172983,0.187954,0.170703,0.126045,0.0467155,-0.0738401,-0.220765,-0.315223,-0.189958,0
0,0.0949444,0.173022,0.187991,0.170727,0.126052,0.0467059,-0.0738618,-0.220795,-0.315256,-0.189981,0
0,0.0949517,0.173046,0.188016,0.170743,0.126054,0.0466957,-0.0738806,-0.220818,-0.31528,-0.189994,0
0,0.0949765,0.173084,0.188052,0.170766,0.126061,0.0466862,-0.073902,-0.220847,-0.315313,-0.190017,0
0,0.0949836,0.173108,0.188076,0.170782,0.126063,0.0466761,-0.0739205,-0.22087,-0.315336,-0.190029,0
0,0.0950081,0.173146,0.188112,0.170805,0.126069,0.0466668,-0.0739416,-0.220899,-0.315368,-0.190051,0
0,0.095015,0.17317,0.188136,0.17082,0.126072,0.0466568,-0.0739598,-0.220922,-0.315391,-0.190063,0
0,0.0950393,0.173207,0.188171,0.170843,0.126078,0.0466477,-0.0739805,-0.22095,-0.315423,-0.190086,0
0,0.095046,0.17323,0.188195,0.170858,0.12608,0.0466378,-0.0739984,-0.220972,-0.315445,-0.190097,0
0,0.0950701,0.173267,0.188229,0.17088,0.126086,0.0466288,-0.0740189,-0.221,-0.315476,-0.19012,0
0,0.0950765,0.17329,0.188252,0.170895,0.126088,0.0466191,-0.0740365,-0.221022,-0.315499,-0.190131,0
0,0.0951004,0.173326,0.188287,0.170917,0.126095,0.0466102,-0.0740567,-0.22105,-0.315529,-0.190153,0
0,0.0951066,0.173348,0.188309,0.170932,0.126097,0.0466006,-0.074074,-0.221071,-0.315551,-0.190164,0
0,0.0951303,0.173384,0.188343,0.170954,0.126103,0.0465918,-0.0740939,-0.221098,-0.315581,-0.190186,0
0,0.0951362,0.173406,0.188365,0.170968,0.126105,0.0465824,-0.0741109,-0.221119,-0.315603,-0.190197,0
0,0.0951597,0.173442,0.188399,0.170989,0.126111,0.0465737,-0.0741305,-0.221146,-0.315633,-0.190218,0
0,0.0951654,0.173463,0.188421,0.171003,0.126112,0.0465644,-0.0741473,-0.221167,-0.315654,-0.190229,0
0,0.0951887,0.173498,0.188453,0.171024,0.126118,0.0465559,-0.0741666,-0.221193,-0.315683,-0.19025,0
0,0.0951942,0.173519,0.188475,0.171038,0.12612,0.0465467,-0.0741831,-0.221213,-0.315704,-0.19026,0
0,0.0952172,0.173554,0.188507,0.171059,0.126126,0.0465383,-0.0742021,-0.22124,-0.315733,-0.190281,0
0,0.0952226,0.173574,0.188528,0.171072,0.126128,0.0465292,-0.0742183,-0.22126,-0.315753,-0.190291,0
0,0.0952454,0.173609,0.18856,0.171093,0.126134,0.046521,-0.0742371,-0.221285,-0.315782,-0.190312,0
0,0.0952505,0.173629,0.188581,0.171106,0.126135,0.046512,-0.074253,-0.221305,-0.315801,-0.190322,0
0,0.0952731,0.173663,0.188613,0.171126,0.126141,0.0465039,-0.0742715,-0.22133,-0.31583,-0.190342,0
0,0.095278,0.173682,0.188633,0.171139,0.126142,0.0464951,-0.0742872,-0.221349,-0.315849,-0.190352,0
0,0.0953005,0.173716,0.188664,0.171159,0.126148,0.046487,-0.0743054,-0.221374,-0.315877,-0.190372,0
0,0.0953052,0.173735,0.188684,0.171172,0.126149,0.0464783,-0.0743208,-0.221393,-0.315896,-0.190381,0
0,0.0953274,0.173768,0.188715,0.171192,0.126155,0.0464704,-0.0743388,-0.221418,-0.315924,-0.190401,0
0,0.0953319,0.173787,0.188734,0.171204,0.126156,0.0464618,-0.074354,-0.221437,-0.315942,-0.19041,0
0,0.095354,0.17382,0.188765,0.171224,0.126162,0.0464541,-0.0743717,-0.221461,-0.31597,-0.19043,0
0,0.0953583,0.173838,0.188784,0.171235,0.126163,0.0464456,-0.0743866,-0.221479,-0.315988,-0.190439,0
0,0.0953801,0.173871,0.188814,0.171255,0.126169,0.0464379,-0.0744041,-0.221503,-0.316015,-0.190459,0
0,0.0953842,0.173889,0.188833,0.171266,0.12617,0.0464296,-0.0744187,-0.221521,-0.316033,-0.190467,0
0,0.0954059,0.173921,0.188862,0.171286,0.126175,0.046422,-0.074436,-0.221545,-0.316059,-0.190487,0
0,0.0954098,0.173939,0.188881,0.171297,0.126177,0.0464138,-0.0744504,-0.221562,-0.316077,-0.190495,0
0,0.0954313,0.17397,0.18891,0.171316,0.126182,0.0464063,-0.0744674,-0.221586,-0.316103,-0.190514,0
0,0.095435,0.173988,0.188928,0.171327,0.126183,0.0463982,-0.0744815,-0.221603,-0.31612,-0.190523,0
0,0.0954563,0.174019,0.188957,0.171346,0.126188,0.0463909,-0.0744983,-0.221626,-0.316146,-0.190541,0
0,0.0954598,0.174036,0.188974,0.171357,0.126189,0.0463829,-0.0745122,-0.221643,-0.316163,-0.19055,0
0,0.0954809,0.174067,0.189003,0.171375,0.126195,0.0463757,-0.0745287,-0.221665,-0.316188,-0.190568,0
0,0.0954936,0.174091,0.189026,0.17139,0.126198,0.0463681,-0.0745439,-0.221685,-0.316209,-0.190581,0
0,0.0954965,0.174107,0.189043,0.1714,0.126198,0.0463602,-0.0745575,-0.221702,-0.316226,-0.190589,0
0,0.0955172,0.174138,0.189071,0.171419,0.126204,0.0463531,-0.0745737,-0.221724,-0.316251,-0.190607,0
0,0.0955297,0.174161,0.189094,0.171433,0.126207,0.0463457,-0.0745885,-0.221743,-0.316271,-0.19062,0
0,0.0955322,0.174177,0.18911,0.171443,0.126207,0.0463379,-0.0746017,-0.221759,-0.316287,-0.190628,0
0,0.0955527,0.174207,0.189138,0.171461,0.126212,0.046331,-0.0746176,-0.221781,-0.316312,-0.190646,0
0,0.0955649,0.17423,0.18916,0.171475,0.126215,0.0463237,-0.0746321,-0.2218,-0.316332,-0.190658,0
0,0.0955672,0.174245,0.189175,0.171484,0.126216,0.0463161,-0.074645,-0.221815,-0.316347,-0.190665,0
0,0.0955875,0.174274,0.189202,0.171502,0.126221,0.0463094,-0.0746605,-0.221837,-0.316371,-0.190683,0
0,0.0955994,0.174297,0.189224,0.171516,0.126224,0.0463023,-0.0746747,-0.221855,-0.31639,-0.190695,0
0,0.0956014,0.174311,0.189239,0.171525,0.126224,0.0462949,-0.0746872,-0.22187,-0.316405,-0.190702,0
0,0.0956214,0.17434,0.189266,0.171542,0.126229,0.0462883,-0.0747024,-0.221891,-0.316429,-0.19072,0
0,0.0956331,0.174363,0.189287,0.171556,0.126232,0.0462813,-0.0747163,-0.221909,-0.316448,-0.190731,0
0,0.0956349,0.174376,0.189302,0.171564,0.126233,0.046274,-0.0747285,-0.221924,-0.316463,-0.190738,0
0,0.0956546,0.174405,0.189328,0.171581,0.126238,0.0462676,-0.0747433,-0.221944,-0.316486,-0.190755,0
0,0.095666,0.174427,0.189349,0.171595,0.12624,0.0462608,-0.0747569,-0.221962,-0.316504,-0.190767,0
0,0.0956676,0.17444,0.189363,0.171603,0.126241,0.0462537,-0.0747688,-0.221976,-0.316518,-0.190773,0
0,0.0956871,0.174468,0.189389,0.17162,0.126245,0.0462474,-0.0747834,-0.221996,-0.316541,-0.19079,0
0,0.0956983,0.174489,0.189409,0.171633,0.126248,0.0462407,-0.0747966,-0.222013,-0.316559,-0.190802,0
0,0.0956996,0.174502,0.189423,0.171641,0.126248,0.0462337,-0.0748082,-0.222027,-0.316573,-0.190808,0
0,0.0957189,0.174529,0.189448,0.171657,0.126253,0.0462276,-0.0748225,-0.222047,-0.316595,-0.190824,0
0,0.0957298,0.17455,0.189468,0.17167,0.126256,0.0462211,-0.0748354,-0.222063,-0.316613,-0.190835,0
0,0.0957309,0.174563,0.189481,0.171678,0.126256,0.0462142,-0.0748467,-0.222077,-0.316626,-0.190841,0
0,0.0957499,0.17459,0.189506,0.171694,0.126261,0.0462082,-0.0748607,-0.222096,-0.316648,-0.190858,0
0,0.0957606,0.17461,0.189525,0.171706,0.126263,0.0462019,-0.0748733,-0.222113,-0.316665,-0.190868,0
0,0.0957614,0.174622,0.189538,0.171713,0.126263,0.0461952,-0.0748843,-0.222126,-0.316678,-0.190874,0
0,0.0957803,0.174649,0.189562,0.171729,0.126268,0.0461893,-0.074898,-0.222145,-0.3167,-0.19089,0
0,0.0957907,0.174669,0.189581,0.171741,0.12627,0.0461831,-0.0749103,-0.22216,-0.316717,-0.190901,0
0,0.0957914,0.17468,0.189593,0.171749,0.12627,0.0461765,-0.0749211,-0.222173,-0.316729,-0.190906,0
0,0.0958099,0.174706,0.189617,0.171764,0.126275,0.0461708,-0.0749344,-0.222192,-0.31675,-0.190922,0
0,0.0958202,0.174726,0.189636,0.171776,0.126277,0.0461647,-0.0749465,-0.222207,-0.316767,-0.190932,0
0,0.0958206,0.174737,0.189648,0.171783,0.126277,0.0461583,-0.074957,-0.22222,-0.316779,-0.190937,0
0,0.095839,0.174762,0.189671,0.171798,0.126282,0.0461527,-0.0749701,-0.222238,-0.316799,-0.190953,0
0,0.095849,0.174782,0.189689,0.171809,0.126284,0.0461468,-0.0749819,-0.222253,-0.316816,-0.190963,0
0,0.0958492,0.174792,0.189701,0.171816,0.126284,0.0461405,-0.074992,-0.222265,-0.316827,-0.190968,0
0,0.0958673,0.174817,0.189724,0.171831,0.126288,0.046135,-0.0750049,-0.222283,-0.316848,-0.190983,0
0,0.0958772,0.174836,0.189742,0.171842,0.126291,0.0461292,-0.0750164,-0.222298,-0.316863,-0.190993,0
0,0.0958771,0.174846,0.189753,0.171849,0.126291,0.046123,-0.0750263,-0.22231,-0.316875,-0.190998,0
0,0.0958951,0.174871,0.189775,0.171864,0.126295,0.0461177,-0.0750389,-0.222327,-0.316895,-0.191013,0
0,0.0959047,0.17489,0.189793,0.171875,0.126297,0.046112,-0.0750501,-0.222342,-0.31691,-0.191023,0
0,0.0959045,0.174899,0.189803,0.171881,0.126297,0.046106,-0.0750598,-0.222353,-0.316921,-0.191027,0
0,0.0959222,0.174924,0.189826,0.171895,0.126301,0.0461008,-0.0750721,-0.22237,-0.31694,-0.191042,0
0,0.0959316,0.174942,0.189843,0.171906,0.126303,0.0460952,-0.0750831,-0.222384,-0.316956,-0.191051,0
0,0.0959312,0.174951,0.189853,0.171912,0.126303,0.0460893,-0.0750925,-0.222395,-0.316966,-0.191056,0
0,0.0959487,0.174975,0.189875,0.171926,0.126307,0.0460842,-0.0751046,-0.222412,-0.316985,-0.19107,0
0,0.0959579,0.174993,0.189891,0.171937,0.12631,0.0460788,-0.0751153,-0.222426,-0.317,-0.19108,0
0,0.0959573,0.175002,0.189901,0.171942,0.126309,0.046073,-0.0751245,-0.222437,-0.31701,-0.191084,0
0,0.0959746,0.175025,0.189923,0.171956,0.126313,0.0460681,-0.0751363,-0.222453,-0.317029,-0.191098,0
0,0.0959837,0.175042,0.189939,0.171966,0.126315,0.0460627,-0.0751468,-0.222467,-0.317044,-0.191107,0
0,0.0959922,0.175059,0.189955,0.171976,0.126317,0.0460574,-0.0751572,-0.22248,-0.317058,-0.191116,0
0,0.0959912,0.175067,0.189964,0.171982,0.126317,0.0460517,-0.075166,-0.22249,-0.317068,-0.19112,0
0,0.0960083,0.175091,0.189985,0.171995,0.126321,0.0460469,-0.0751775,-0.222506,-0.317086,-0.191134,0
0,0.0960171,0.175107,0.190001,0.172005,0.126323,0.0460418,-0.0751877,-0.222519,-0.3171,-0.191143,0
0,0.0960254,0.175123,0.190016,0.172015,0.126325,0.0460366,-0.0751978,-0.222532,-0.317114,-0.191151,0
0,0.0960242,0.175131,0.190025,0.17202,0.126324,0.0460311,-0.0752063,-0.222542,-0.317123,-0.191155,0
0,0.096041,0.175154,0.190046,0.172033,0.126329,0.0460264,-0.0752175,-0.222558,-0.317141,-0.191169,0
0,0.0960495,0.17517,0.190061,0.172043,0.12633,0.0460214,-0.0752274,-0.222571,-0.317154,-0.191177,0
0,0.0960575,0.175186,0.190076,0.172052,0.126332,0.0460164,-0.0752372,-0.222583,-0.317168,-0.191185,0
0,0.0960655,0.175201,0.19009,0.172061,0.126334,0.0460114,-0.0752469,-0.222596,-0.317181,-0.191194,0
0,0.0960733,0.175216,0.190105,0.17207,0.126336,0.0460064,-0.0752566,-0.222608,-0.317194,-0.191202,0
0,0.0960811,0.175231,0.190119,0.172079,0.126337,0.0460014,-0.0752661,-0.222621,-0.317207,-0.19121,0
0,0.0960888,0.175246,0.190134,0.172088,0.126339,0.0459965,-0.0752756,-0.222633,-0.31722,-0.191218,0
0,0.0960965,0.175261,0.190148,0.172097,0.126341,0.0459917,-0.0752851,-0.222645,-0.317233,-0.191226,0
0,0.0961041,0.175276,0.190162,0.172106,0.126342,0.0459868,-0.0752944,-0.222657,-0.317246,-0.191234,0
0,0.0961116,0.175291,0.190176,0.172115,0.126344,0.045982,-0.0753037,-0.222669,-0.317258,-0.191242,0
0,0.0961191,0.175305,0.19019,0.172123,0.126346,0.0459773,-0.0753129,-0.222681,-0.317271,-0.19125,0
0,0.0961266,0.17532,0.190204,0.172132,0.126347,0.0459725,-0.0753221,-0.222692,-0.317283,-0.191258,0
0,0.096134,0.175334,0.190217,0.17214,0.126349,0.0459679,-0.0753311,-0.222704,-0.317296,-0.191265,0
0,0.0961413,0.175348,0.190231,0.172149,0.126351,0.0459632,-0.0753401,-0.222716,-0.317308,-0.191273,0
0,0.0961486,0.175362,0.190244,0.172157,0.126352,0.0459586,-0.0753491,-0.222727,-0.31732,-0.191281,0
0,0.0961558,0.175376,0.190258,0.172165,0.126354,0.045954,-0.0753579,-0.222738,-0.317332,-0.191288,0
0,0.096163,0.17539,0.190271,0.172174,0.126355,0.0459495,-0.0753667,-0.22275,-0.317344,-0.191296,0
0,0.0961701,0.175404,0.190284,0.172182,0.126357,0.045945,-0.0753754,-0.222761,-0.317356,-0.191303,0
0,0.0961771,0.175418,0.190297,0.17219,0.126358,0.0459405,-0.0753841,-0.222772,-0.317368,-0.191311,0
0,0.0961841,0.175431,0.19031,0.172198,0.12636,0.045936,-0.0753927,-0.222783,-0.31738,-0.191318,0
0,0.0961911,0.175445,0.190323,0.172206,0.126361,0.0459316,-0.0754012,-0.222794,-0.317391,-0.191325,0
0,0.096198,0.175458,0.190335,0.172214,0.126363,0.0459273,-0.0754096,-0.222805,-0.317403,-0.191333,0
0,0.0962048,0.175471,0.190348,0.172222,0.126364,0.0459229,-0.075418,-0.222816,-0.317414,-0.19134,0
0,0.0962116,0.175484,0.190361,0.17223,0.126366,0.0459186,-0.0754264,-0.222826,-0.317426,-0.191347,0
0,0.0962184,0.175498,0.190373,0.172237,0.126367,0.0459143,-0.0754346,-0.222837,-0.317437,-0.191354,0
0,0.0962251,0.17551,0.190385,0.172245,0.126369,0.0459101,-0.0754428,-0.222847,-0.317448,-0.191361,0
0,0.0962317,0.175523,0.190398,0.172253,0.12637,0.0459059,-0.0754509,-0.222858,-0.317459,-0.191368,0
0,0.0962383,0.175536,0.19041,0.17226,0.126372,0.0459017,-0.075459,-0.222868,-0.31747,-0.191375,0
0,0.0962448,0.175549,0.190422,0.172268,0.126373,0.0458976,-0.075467,-0.222879,-0.317481,-0.191382,0
0,0.0962513,0.175561,0.190434,0.172275,0.126375,0.0458935,-0.0754749,-0.222889,-0.317492,-0.191389,0
0,0.0962578,0.175574,0.190446,0.172283,0.126376,0.0458894,-0.0754828,-0.222899,-0.317503,-0.191395,0
0,0.0962642,0.175586,0.190457,0.17229,0.126377,0.0458853,-0.0754906,-0.222909,-0.317513,-0.191402,0
0,0.0962705,0.175598,0.190469,0.172297,0.126379,0.0458813,-0.0754984,-0.222919,-0.317524,-0.191409,0
0,0.0962768,0.175611,0.190481,0.172305,0.12638,0.0458773,-0.0755061,-0.222929,-0.317534,-0.191415,0
0,0.0962831,0.175623,0.190492,0.172312,0.126381,0.0458734,-0.0755137,-0.222939,-0.317545,-0.191422,0
0,0.0962893,0.175635,0.190504,0.172319,0.126383,0.0458694,-0.0755213,-0.222948,-0.317555,-0.191429,0
0,0.0962954,0.175647,0.190515,0.172326,0.126384,0.0458655,-0.0755288,-0.222958,-0.317565,-0.191435,0
0,0.0963015,0.175658,0.190526,0.172333,0.126385,0.0458617,-0.0755362,-0.222968,-0.317575,-0.191441,0
0,0.0963076,0.17567,0.190537,0.17234,0.126387,0.0458578,-0.0755436,-0.222977,-0.317586,-0.191448,0
0,0.0963136,0.175682,0.190548,0.172347,0.126388,0.045854,-0.075551,-0.222986,-0.317596,-0.191454,0
0,0.0963196,0.175693,0.190559,0.172353,0.126389,0.0458502,-0.0755583,-0.222996,-0.317606,-0.19146,0
0,0.0963255,0.175705,0.19057,0.17236,0.12639,0.0458465,-0.0755655,-0.223005,-0.317615,-0.191467,0
0,0.0963314,0.175716,0.190581,0.172367,0.126392,0.0458428,-0.0755727,-0.223014,-0.317625,-0.191473,0
0,0.0963372,0.175727,0.190592,0.172374,0.126393,0.0458391,-0.0755798,-0.223023,-0.317635,-0.191479,0
0,0.096343,0.175739,0.190603,0.17238,0.126394,0.0458354,-0.0755868,-0.223033,-0.317645,-0.191485,0
0,0.0963488,0.17575,0.190613,0.172387,0.126395,0.0458318,-0.0755938,-0.223042,-0.317654,-0.191491,0
0,0.0963545,0.175761,0.190624,0.172393,0.126397,0.0458282,-0.0756008,-0.22305,-0.317664,-0.191497,0
0,0.0963601,0.175772,0.190634,0.1724,0.126398,0.0458246,-0.0756077,-0.223059,-0.317673,-0.191503,0
0,0.0963657,0.175783,0.190644,0.172406,0.126399,0.0458211,-0.0756145,-0.223068,-0.317682,-0.191509,0
0,0.0963713,0.175793,0.190655,0.172413,0.1264,0.0458175,-0.0756213,-0.223077,-0.317692,-0.191515,0
0,0.0963768,0.175804,0.190665,0.172419,0.126401,0.045814,-0.075628,-0.223085,-0.317701,-0.191521,0
0,0.0963823,0.175815,0.190675,0.172425,0.126403,0.0458106,-0.0756347,-0.223094,-0.31771,-0.191526,0
0,0.0963878,0.175825,0.190685,0.172431,0.126404,0.0458071,-0.0756413,-0.223103,-0.317719,-0.191532,0
0,0.0963932,0.175836,0.190695,0.172438,0.126405,0.0458037,-0.0756479,-0.223111,-0.317728,-0.191538,0
0,0.0963986,0.175846,0.190705,0.172444,0.126406,0.0458003,-0.0756544,-0.223119,-0.317737,-0.191543,0
0,0.0964039,0.175856,0.190714,0.17245,0.126407,0.045797,-0.0756609,-0.223128,-0.317746,-0.191549,0
0,0.0964092,0.175866,0.190724,0.172456,0.126408,0.0457936,-0.0756673,-0.223136,-0.317755,-0.191554,0
0,0.0964144,0.175877,0.190734,0.172462,0.126409,0.0457903,-0.0756737,-0.223144,-0.317763,-0.19156,0
0,0.0964196,0.175887,0.190743,0.172468,0.12641,0.045787,-0.07568,-0.223152,-0.317772,-0.191565,0
0,0.0964248,0.175897,0.190753,0.172474,0.126412,0.0457838,-0.0756863,-0.22316,-0.317781,-0.191571,0
0,0.0964299,0.175906,0.190762,0.172479,0.126413,0.0457805,-0.0756925,-0.223168,-0.317789,-0.191576,0
0,0.096435,0.175916,0.190772,0.172485,0.126414,0.0457773,-0.0756987,-0.223176,-0.317798,-0.191582,0
0,0.09644,0.175926,0.190781,0.172491,0.126415,0.0457741,-0.0757048,-0.223184,-0.317806,-0.191587,0
0,0.096445,0.175936,0.19079,0.172497,0.126416,0.045771,-0.0757109,-0.223192,-0.317814,-0.191592,0
0,0.09645,0.175945,0.190799,0.172502,0.126417,0.0457678,-0.075717,-0.2232,-0.317823,-0.191597,0
0,0.096455,0.175955,0.190808,0.172508,0.126418,0.0457647,-0.0757229,-0.223207,-0.317831,-0.191603,0
0,0.0964598,0.175964,0.190817,0.172513,0.126419,0.0457616,-0.0757289,-0.223215,-0.317839,-0.191608,0
0,0.0964647,0.175974,0.190826,0.172519,0.12642,0.0457586,-0.0757348,-0.223223,-0.317847,-0.191613,0
0,0.0964695,0.175983,0.190835,0.172525,0.126421,0.0457555,-0.0757406,-0.22323,-0.317855,-0.191618,0
0,0.0964743,0.175992,0.190844,0.17253,0.126422,0.0457525,-0.0757464,-0.223238,-0.317863,-0.191623,0
0,0.0964791,0.176001,0.190852,0.172535,0.126423,0.0457495,-0.0757522,-0.223245,-0.317871,-0.191628,0
0,0.0964838,0.17601,0.190861,0.172541,0.126424,0.0457465,-0.0757579,-0.223252,-0.317879,-0.191633,0
0,0.0964884,0.176019,0.19087,0.172546,0.126425,0.0457436,-0.0757636,-0.22326,-0.317886,-0.191638,0
0,0.0964931,0.176028,0.190878,0.172551,0.126426,0.0457407,-0.0757692,-0.223267,-0.317894,-0.191643,0
0,0.0964977,0.176037,0.190886,0.172557,0.126427,0.0457377,-0.0757748,-0.223274,-0.317902,-0.191647,0
0,0.0965023,0.176046,0.190895,0.172562,0.126428,0.0457349,-0.0757803,-0.223281,-0.317909,-0.191652,0
0,0.0965068,0.176055,0.190903,0.172567,0.126429,0.045732,-0.0757858,-0.223288,-0.317917,-0.191657,0
0,0.0965113,0.176064,0.190911,0.172572,0.12643,0.0457292,-0.0757912,-0.223295,-0.317924,-0.191662,0
0,0.0965158,0.176072,0.19092,0.172577,0.126431,0.0457264,-0.0757967,-0.223302,-0.317932,-0.191666,0
0,0.0965202,0.176081,0.190928,0.172582,0.126432,0.0457236,-0.075802,-0.223309,-0.317939,-0.191671,0
0,0.0965246,0.176089,0.190936,0.172587,0.126433,0.0457208,-0.0758073,-0.223316,-0.317946,-0.191676,0
0,0.096529,0.176098,0.190944,0.172592,0.126433,0.045718,-0.0758126,-0.223323,-0.317954,-0.19168,0
0,0.0965333,0.176106,0.190952,0.172597,0.126434,0.0457153,-0.0758179,-0.22333,-0.317961,-0.191685,0
0,0.0965376,0.176114,0.19096,0.172602,0.126435,0.0457126,-0.0758231,-0.223336,-0.317968,-0.191689,0
0,0.0965418,0.176123,0.190967,0.172607,0.126436,0.0457099,-0.0758282,-0.223343,-0.317975,-0.191694,0
0,0.0965461,0.176131,0.190975,0.172611,0.126437,0.0457073,-0.0758334,-0.223349,-0.317982,-0.191698,0
0,0.0965503,0.176139,0.190983,0.172616,0.126438,0.0457046,-0.0758384,-0.223356,-0.317989,-0.191703,0
0,0.0965544,0.176147,0.19099,0.172621,0.126439,0.045702,-0.0758435,-0.223362,-0.317996,-0.191707,0
0,0.0965586,0.176155,0.190998,0.172626,0.12644,0.0456994,-0.0758485,-0.223369,-0.318003,-0.191711,0
0,0.0965627,0.176163,0.191005,0.17263,0.12644,0.0456968,-0.0758534,-0.223375,-0.31801,-0.191716,0
0,0.0965668,0.176171,0.191013,0.172635,0.126441,0.0456942,-0.0758584,-0.223382,-0.318016,-0.19172,0
0,0.0965708,0.176178,0.19102,0.172639,0.126442,0.0456917,-0.0758633,-0.223388,-0.318023,-0.191724,0
0,0.0965748,0.176186,0.191028,0.172644,0.126443,0.0456892,-0.0758681,-0.223394,-0.31803,-0.191728,0
0,0.0965788,0.176194,0.191035,0.172648,0.126444,0.0456867,-0.0758729,-0.2234,-0.318036,-0.191732,0
0,0.0965827,0.176201,0.191042,0.172653,0.126445,0.0456842,-0.0758777,-0.223406,-0.318043,-0.191737,0
0,0.0965867,0.176209,0.191049,0.172657,0.126445,0.0456817,-0.0758824,-0.223413,-0.318049,-0.191741,0
0,0.0965905,0.176216,0.191056,0.172662,0.126446,0.0456793,-0.0758871,-0.223419,-0.318056,-0.191745,0
0,0.0965944,0.176224,0.191064,0.172666,0.126447,0.0456768,-0.0758918,-0.223425,-0.318062,-0.191749,0
0,0.0965982,0.176231,0.191071,0.17267,0.126448,0.0456744,-0.0758964,-0.223431,-0.318069,-0.191753,0
0,0.096602,0.176239,0.191077,0.172675,0.126449,0.045672,-0.075901,-0.223436,-0.318075,-0.191757,0
0,0.0966058,0.176246,0.191084,0.172679,0.126449,0.0456696,-0.0759056,-0.223442,-0.318081,-0.191761,0
0,0.0966095,0.176253,0.191091,0.172683,0.12645,0.0456673,-0.0759101,-0.223448,-0.318087,-0.191765,0
0,0.0966133,0.17626,0.191098,0.172688,0.126451,0.045665,-0.0759146,-0.223454,-0.318094,-0.191769,0
0,0.0966169,0.176267,0.191105,0.172692,0.126452,0.0456626,-0.075919,-0.22346,-0.3181,-0.191773,0
0,0.0966206,0.176274,0.191111,0.172696,0.126452,0.0456603,-0.0759234,-0.223465,-0.318106,-0.191776,0
0,0.0966242,0.176281,0.191118,0.1727,0.126453,0.0456581,-0.0759278,-0.223471,-0.318112,-0.19178,0
0,0.0966278,0.176288,0.191125,0.172704,0.126454,0.0456558,-0.0759322,-0.223477,-0.318118,-0.191784,0
0,0.0966314,0.176295,0.191131,0.172708,0.126455,0.0456535,-0.0759365,-0.223482,-0.318124,-0.191788,0
0,0.096635,0.176302,0.191138,0.172712,0.126455,0.0456513,-0.0759408,-0.223488,-0.31813,-0.191791,0
0,0.0966385,0.176309,0.191144,0.172716,0.126456,0.0456491,-0.075945,-0.223493,-0.318135,-0.191795,0
0,0.096642,0.176316,0.19115,0.17272,0.126457,0.0456469,-0.0759492,-0.223498,-0.318141,-0.191799,0
0,0.0966454,0.176322,0.191157,0.172724,0.126458,0.0456447,-0.0759534,-0.223504,-0.318147,-0.191802,0
0,0.0966489,0.176329,0.191163,0.172728,0.126458,0.0456426,-0.0759575,-0.223509,-0.318153,-0.191806,0
0,0.0966523,0.176335,0.191169,0.172732,0.126459,0.0456404,-0.0759617,-0.223514,-0.318158,-0.19181,0
0,0.0966557,0.176342,0.191175,0.172735,0.12646,0.0456383,-0.0759657,-0.22352,-0.318164,-0.191813,0
0,0.096659,0.176348,0.191182,0.172739,0.12646,0.0456362,-0.0759698,-0.223525,-0.318169,-0.191817,0
0,0.0966624,0.176355,0.191188,0.172743,0.126461,0.0456341,-0.0759738,-0.22353,-0.318175,-0.19182,0
0,0.0966657,0.176361,0.191194,0.172747,0.126462,0.045632,-0.0759778,-0.223535,-0.31818,-0.191824,0
0,0.096669,0.176368,0.1912,0.17275,0.126462,0.0456299,-0.0759818,-0.22354,-0.318186,-0.191827,0
0,0.0966722,0.176374,0.191206,0.172754,0.126463,0.0456279,-0.0759857,-0.223545,-0.318191,-0.19183,0
0,0.0966755,0.17638,0.191212,0.172758,0.126464,0.0456258,-0.0759896,-0.22355,-0.318197,-0.191834,0
0,0.0966787,0.176386,0.191217,0.172761,0.126464,0.0456238,-0.0759935,-0.223555,-0.318202,-0.191837,0
0,0.0966818,0.176392,0.191223,0.172765,0.126465,0.0456218,-0.0759973,-0.22356,-0.318207,-0.191841,0
0,0.096685,0.176399,0.191229,0.172769,0.126466,0.0456198,-0.0760011,-0.223565,-0.318212,-0.191844,0
0,0.0966881,0.176405,0.191235,0.172772,0.126466,0.0456179,-0.0760049,-0.22357,-0.318218,-0.191847,0
0,0.0966913,0.176411,0.19124,0.172776,0.126467,0.0456159,-0.0760087,-0.223575,-0.318223,-0.19185,0
0,0.0966943,0.176416,0.191246,0.172779,0.126468,0.045614,-0.0760124,-0.22358,-0.318228,-0.191854,0
0,0.0966974,0.176422,0.191252,0.172783,0.126468,0.0456121,-0.0760161,-0.223584,-0.318233,-0.191857,0
0,0.0967004,0.176428,0.191257,0.172786,0.126469,0.0456101,-0.0760197,-0.223589,-0.318238,-0.19186,0
0,0.0967035,0.176434,0.191263,0.172789,0.12647,0.0456082,-0.0760234,-0.223594,-0.318243,-0.191863,0
0,0.0967065,0.17644,0.191268,0.172793,0.12647,0.0456064,-0.076027,-0.223599,-0.318248,-0.191866,0
0,0.0967094,0.176446,0.191274,0.172796,0.126471,0.0456045,-0.0760306,-0.223603,-0.318253,-0.19187,0
0,0.0967124,0.176451,0.191279,0.172799,0.126471,0.0456026,-0.0760341,-0.223608,-0.318258,-0.191873,0
0,0.0967153,0.176457,0.191284,0.172803,0.126472,0.0456008,-0.0760376,-0.223612,-0.318263,-0.191876,0
0,0.0967182,0.176462,0.19129,0.172806,0.126473,0.045599,-0.0760411,-0.223617,-0.318267,-0.191879,0
0,0.0967211,0.176468,0.191295,0.172809,0.126473,0.0455972,-0.0760446,-0.223621,-0.318272,-0.191882,0
0,0.0967239,0.176474,0.1913,0.172812,0.126474,0.0455954,-0.076048,-0.223626,-0.318277,-0.191885,0
0,0.0967268,0.176479,0.191305,0.172816,0.126474,0.0455936,-0.0760515,-0.22363,-0.318282,-0.191888,0
0,0.0967296,0.176484,0.19131,0.172819,0.126475,0.0455918,-0.0760549,-0.223634,-0.318286,-0.191891,0
0,0.0967324,0.17649,0.191316,0.172822,0.126475,0.0455901,-0.0760582,-0.223639,-0.318291,-0.191894,0
0,0.0967352,0.176495,0.191321,0.172825,0.126476,0.0455883,-0.0760616,-0.223643,-0.318296,-0.191897,0
0,0.0967379,0.1765,0.191326,0.172828,0.126477,0.0455866,-0.0760649,-0.223647,-0.3183,-0.191899,0
0,0.0967406,0.176506,0.191331,0.172831,0.126477,0.0455849,-0.0760682,-0.223652,-0.318305,-0.191902,0
0,0.0967433,0.176511,0.191336,0.172834,0.126478,0.0455832,-0.0760714,-0.223656,-0.318309,-0.191905,0
0,0.096746,0.176516,0.19134,0.172837,0.126478,0.0455815,-0.0760747,-0.22366,-0.318314,-0.191908,0
0,0.0967487,0.176521,0.191345,0.17284,0.126479,0.0455798,-0.0760779,-0.223664,-0.318318,-0.191911,0
0,0.0967513,0.176526,0.19135,0.172843,0.126479,0.0455782,-0.076081,-0.223668,-0.318322,-0.191913,0
0,0.096754,0.176531,0.191355,0.172846,0.12648,0.0455765,-0.0760842,-0.223672,-0.318327,-0.191916,0
0,0.0967566,0.176536,0.19136,0.172849,0.12648,0.0455749,-0.0760873,-0.223676,-0.318331,-0.191919,0
0,0.0967592,0.176541,0.191364,0.172852,0.126481,0.0455732,-0.0760905,-0.22368,-0.318335,-0.191922,0
0,0.0967617,0.176546,0.191369,0.172855,0.126481,0.0455716,-0.0760935,-0.223684,-0.318339,-0.191924,0
0,0.0967643,0.176551,0.191374,0.172858,0.126482,0.04557,-0.0760966,-0.223688,-0.318344,-0.191927,0
0,0.0967668,0.176556,0.191378,0.172861,0.126483,0.0455685,-0.0760997,-0.223692,-0.318348,-0.19193,0
0,0.0967693,0.176561,0.191383,0.172864,0.126483,0.0455669,-0.0761027,-0.223696,-0.318352,-0.191932,0
0,0.0967718,0.176566,0.191387,0.172866,0.126484,0.0455653,-0.0761057,-0.2237,-0.318356,-0.191935,0
0,0.0967743,0.17657,0.191392,0.172869,0.126484,0.0455638,-0.0761086,-0.223704,-0.31836,-0.191938,0
0,0.0967767,0.176575,0.191396,0.172872,0.126485,0.0455622,-0.0761116,-0.223707,-0.318364,-0.19194,0
0,0.0967792,0.17658,0.191401,0.172875,0.126485,0.0455607,-0.0761145,-0.223711,-0.318368,-0.191943,0
0,0.0967816,0.176585,0.191405,0.172877,0.126486,0.0455592,-0.0761174,-0.223715,-0.318372,-0.191945,0
0,0.096784,0.176589,0.19141,0.17288,0.126486,0.0455577,-0.0761203,-0.223719,-0.318376,-0.191948,0
0,0.0967863,0.176594,0.191414,0.172883,0.126487,0.0455562,-0.0761231,-0.223722,-0.31838,-0.19195,0
0,0.0967887,0.176598,0.191418,0.172885,0.126487,0.0455547,-0.076126,-0.223726,-0.318384,-0.191953,0
0,0.096791,0.176603,0.191423,0.172888,0.126487,0.0455532,-0.0761288,-0.22373,-0.318388,-0.191955,0
0,0.0967934,0.176607,0.191427,0.172891,0.126488,0.0455518,-0.0761316,-0.223733,-0.318392,-0.191958,0
0,0.0967957,0.176612,0.191431,0.172893,0.126488,0.0455503,-0.0761344,-0.223737,-0.318396,-0.19196,0
0,0.0967979,0.176616,0.191435,0.172896,0.126489,0.0455489,-0.0761371,-0.22374,-0.318399,-0.191962,0
0,0.0968002,0.17662,0.191439,0.172898,0.126489,0.0455475,-0.0761398,-0.223744,-0.318403,-0.191965,0
0,0.0968025,0.176625,0.191443,0.172901,0.12649,0.0455461,-0.0761425,-0.223747,-0.318407,-0.191967,0
0,0.0968047,0.176629,0.191447,0.172903,0.12649,0.0455447,-0.0761452,-0.223751,-0.318411,-0.191969,0
0,0.0968069,0.176633,0.191451,0.172906,0.126491,0.0455433,-0.0761479,-0.223754,-0.318414,-0.191972,0
0,0.0968091,0.176638,0.191455,0.172908,0.126491,0.0455419,-0.0761505,-0.223758,-0.318418,-0.191974,0
0,0.0968113,0.176642,0.191459,0.172911,0.126492,0.0455405,-0.0761532,-0.223761,-0.318421,-0.191976,0
0,0.0968135,0.176646,0.191463,0.172913,0.126492,0.0455392,-0.0761558,-0.223764,-0.318425,-0.191979,0
0,0.0968156,0.17665,0.191467,0.172916,0.126492,0.0455378,-0.0761584,-0.223768,-0.318429,-0.191981,0
0,0.0968177,0.176654,0.191471,0.172918,0.126493,0.0455365,-0.0761609,-0.223771,-0.318432,-0.191983,0
0,0.0968199,0.176658,0.191475,0.17292,0.126493,0.0455351,-0.0761635,-0.223774,-0.318436,-0.191985,0
0,0.096822,0.176662,0.191479,0.172923,0.126494,0.0455338,-0.076166,-0.223777,-0.318439,-0.191988,0
0,0.096824,0.176666,0.191483,0.172925,0.126494,0.0455325,-0.0761685,-0.223781,-0.318443,-0.19199,0
0,0.0968261,0.17667,0.191486,0.172928,0.126495,0.0455312,-0.076171,-0.223784,-0.318446,-0.191992,0
0,0.0968282,0.176674,0.19149,0.17293,0.126495,0.0455299,-0.0761734,-0.223787,-0.318449,-0.191994,0
0,0.0968302,0.176678,0.191494,0.172932,0.126495,0.0455286,-0.0761759,-0.22379,-0.318453,-0.191996,0
0,0.0968322,0.176682,0.191498,0.172934,0.126496,0.0455274,-0.0761783,-0.223793,-0.318456,-0.191998,0
0,0.0968342,0.176686,0.191501,0.172937,0.126496,0.0455261,-0.0761807,-0.223796,-0.318459,-0.192,0
0,0.0968362,0.17669,0.191505,0.172939,0.126497,0.0455249,-0.0761831,-0.2238,-0.318463,-0.192002,0
0,0.0968382,0.176694,0.191508,0.172941,0.126497,0.0455236,-0.0761855,-0.223803,-0.318466,-0.192005,0
0,0.0968401,0.176697,0.191512,0.172943,0.126497,0.0455224,-0.0761878,-0.223806,-0.318469,-0.192007,0
0,0.0968421,0.176701,0.191516,0.172945,0.126498,0.0455212,-0.0761902,-0.223809,-0.318472,-0.192009,0
0,0.096844,0.176705,0.191519,0.172948,0.126498,0.04552,-0.0761925,-0.223812,-0.318476,-0.192011,0
0,0.0968459,0.176708,0.191523,0.17295,0.126499,0.0455188,-0.0761948,-0.223815,-0.318479,-0.192013,0
0,0.0968478,0.176712,0.191526,0.172952,0.126499,0.0455176,-0.0761971,-0.223818,-0.318482,-0.192015,0
0,0.0968497,0.176716,0.191529,0.172954,0.126499,0.0455164,-0.0761993,-0.22382,-0.318485,-0.192017,0
0,0.0968516,0.176719,0.191533,0.172956,0.1265,0.0455152,-0.0762016,-0.223823,-0.318488,-0.192019,0
0,0.0968534,0.176723,0.191536,0.172958,0.1265,0.0455141,-0.0762038,-0.223826,-0.318491,-0.192021,0
0,0.0968553,0.176726,0.19154,0.17296,0.126501,0.0455129,-0.076206,-0.223829,-0.318494,-0.192022,0
0,0.0968571,0.17673,0.191543,0.172962,0.126501,0.0455118,-0.0762082,-0.223832,-0.318497,-0.192024,0
0,0.0968589,0.176733,0.191546,0.172964,0.126501,0.0455106,-0.0762104,-0.223835,-0.3185,-0.192026,0
0,0.0968607,0.176737,0.19155,0.172966,0.126502,0.0455095,-0.0762126,-0.223837,-0.318503,-0.192028,0
0,0.0968625,0.17674,0.191553,0.172968,0.126502,0.0455084,-0.0762147,-0.22384,-0.318506,-0.19203,0
0,0.0968643,0.176744,0.191556,0.17297,0.126502,0.0455073,-0.0762169,-0.223843,-0.318509,-0.192032,0
0,0.096866,0.176747,0.191559,0.172972,0.126503,0.0455061,-0.076219,-0.223846,-0.318512,-0.192034,0
0,0.0968678,0.176751,0.191562,0.172974,0.126503,0.0455051,-0.0762211,-0.223848,-0.318515,-0.192036,0
0,0.0968695,0.176754,0.191566,0.172976,0.126503,0.045504,-0.0762231,-0.223851,-0.318518,-0.192037,0
0,0.0968712,0.176757,0.191569,0.172978,0.126504,0.0455029,-0.0762252,-0.223854,-0.318521,-0.192039,0
0,0.0968729,0.17676,0.191572,0.17298,0.126504,0.0455018,-0.0762273,-0.223856,-0.318523,-0.192041,0
0,0.0968746,0.176764,0.191575,0.172982,0.126504,0.0455008,-0.0762293,-0.223859,-0.318526,-0.192043,0
0,0.0968763,0.176767,0.191578,0.172984,0.126505,0.0454997,-0.0762313,-0.223862,-0.318529,-0.192045,0
0,0.096878,0.17677,0.191581,0.172986,0.126505,0.0454987,-0.0762333,-0.223864,-0.318532,-0.192046,0
0,0.0968796,0.176773,0.191584,0.172988,0.126505,0.0454976,-0.0762353,-0.223867,-0.318534,-0.192048,0
0,0.0968813,0.176776,0.191587,0.17299,0.126506,0.0454966,-0.0762373,-0.223869,-0.318537,-0.19205,0
0,0.0968829,0.17678,0.19159,0.172991,0.126506,0.0454956,-0.0762392,-0.223872,-0.31854,-0.192051,0
0,0.0968845,0.176783,0.191593,0.172993,0.126506,0.0454946,-0.0762412,-0.223874,-0.318543,-0.192053,0
0,0.0968861,0.176786,0.191596,0.172995,0.126507,0.0454935,-0.0762431,-0.223877,-0.318545,-0.192055,0
0,0.0968877,0.176789,0.191599,0.172997,0.126507,0.0454926,-0.076245,-0.223879,-0.318548,-0.192056,0
0,0.0968893,0.176792,0.191602,0.172999,0.126507,0.0454916,-0.0762469,-0.223882,-0.31855,-0.192058,0
0,0.0968908,0.176795,0.191604,0.173,0.126508,0.0454906,-0.0762488,-0.223884,-0.318553,-0.19206,0
0,0.0968924,0.176798,0.191607,0.173002,0.126508,0.0454896,-0.0762506,-0.223886,-0.318556,-0.192061,0
0,0.0968939,0.176801,0.19161,0.173004,0.126508,0.0454886,-0.0762525,-0.223889,-0.318558,-0.192063,0
0,0.0968955,0.176804,0.191613,0.173005,0.126509,0.0454877,-0.0762543,-0.223891,-0.318561,-0.192065,0
0,0.096897,0.176807,0.191616,0.173007,0.126509,0.0454867,-0.0762561,-0.223894,-0.318563,-0.192066,0
0,0.0968985,0.17681,0.191618,0.173009,0.126509,0.0454858,-0.076258,-0.223896,-0.318566,-0.192068,0
0,0.0969,0.176813,0.191621,0.173011,0.12651,0.0454848,-0.0762598,-0.223898,-0.318568,-0.192069,0
0,0.0969015,0.176815,0.191624,0.173012,0.12651,0.0454839,-0.0762615,-0.2239,-0.318571,-0.192071,0
0,0.0969029,0.176818,0.191626,0.173014,0.12651,0.045483,-0.0762633,-0.223903,-0.318573,-0.192072,0
0,0.0969044,0.176821,0.191629,0.173016,0.126511,0.0454821,-0.0762651,-0.223905,-0.318575,-0.192074,0
0,0.0969058,0.176824,0.191632,0.173017,0.126511,0.0454812,-0.0762668,-0.223907,-0.318578,-0.192075,0
0,0.0969073,0.176827,0.191634,0.173019,0.126511,0.0454802,-0.0762685,-0.223909,-0.31858,-0.192077,0
0,0.0969087,0.176829,0.191637,0.17302,0.126511,0.0454794,-0.0762702,-0.223912,-0.318583,-0.192078,0
0,0.0969101,0.176832,0.19164,0.173022,0.126512,0.0454785,-0.0762719,-0.223914,-0.318585,-0.19208,0
0,0.0969115,0.176835,0.191642,0.173024,0.126512,0.0454776,-0.0762736,-0.223916,-0.318587,-0.192081,0
0,0.0969129,0.176837,0.191645,0.173025,0.126512,0.0454767,-0.0762753,-0.223918,-0.318589,-0.192083,0
0,0.0969143,0.17684,0.191647,0.173027,0.126513,0.0454758,-0.076277,-0.22392,-0.318592,-0.192084,0
0,0.0969157,0.176843,0.19165,0.173028,0.126513,0.045475,-0.0762786,-0.223922,-0.318594,-0.192086,0
0,0.096917,0.176845,0.191652,0.17303,0.126513,0.0454741,-0.0762803,-0.223925,-0.318596,-0.192087,0
0,0.0969184,0.176848,0.191655,0.173031,0.126513,0.0454733,-0.0762819,-0.223927,-0.318599,-0.192089,0
0,0.0969197,0.176851,0.191657,0.173033,0.126514,0.0454724,-0.0762835,-0.223929,-0.318601,-0.19209,0
0,0.0969211,0.176853,0.191659,0.173034,0.126514,0.0454716,-0.0762851,-0.223931,-0.318603,-0.192091,0
0,0.0969224,0.176856,0.191662,0.173036,0.126514,0.0454708,-0.0762867,-0.223933,-0.318605,-0.192093,0
0,0.0969237,0.176858,0.191664,0.173037,0.126514,0.0454699,-0.0762882,-0.223935,-0.318607,-0.192094,0
0,0.096925,0.176861,0.191667,0.173039,0.126515,0.0454691,-0.0762898,-0.223937,-0.318609,-0.192096,0
0,0.0969263,0.176863,0.191669,0.17304,0.126515,0.0454683,-0.0762914,-0.223939,-0.318612,-0.192097,0
0,0.0969276,0.176866,0.191671,0.173042,0.126515,0.0454675,-0.0762929,-0.223941,-0.318614,-0.192098,0
0,0.0969288,0.176868,0.191674,0.173043,0.126515,0.0454667,-0.0762944,-0.223943,-0.318616,-0.1921,0
0,0.0969301,0.176871,0.191676,0.173044,0.126516,0.0454659,-0.0762959,-0.223945,-0.318618,-0.192101,0
0,0.0969313,0.176873,0.191678,0.173046,0.126516,0.0454651,-0.0762974,-0.223947,-0.31862,-0.192102,0
0,0.0969326,0.176875,0.19168,0.173047,0.126516,0.0454644,-0.0762989,-0.223949,-0.318622,-0.192104,0
0,0.0969338,0.176878,0.191683,0.173049,0.126516,0.0454636,-0.0763004,-0.223951,-0.318624,-0.192105,0
0,0.096935,0.17688,0.191685,0.17305,0.126517,0.0454628,-0.0763019,-0.223952,-0.318626,-0.192106,0
0,0.0969363,0.176882,0.191687,0.173051,0.126517,0.045462,-0.0763033,-0.223954,-0.318628,-0.192107,0
0,0.0969375,0.176885,0.191689,0.173053,0.126517,0.0454613,-0.0763048,-0.223956,-0.31863,-0.192109,0
0,0.0969387,0.176887,0.191691,0.173054,0.126517,0.0454605,-0.0763062,-0.223958,-0.318632,-0.19211,0
0,0.0969398,0.176889,0.191694,0.173055,0.126518,0.0454598,-0.0763076,-0.22396,-0.318634,-0.192111,0
0,0.096941,0.176892,0.191696,0.173057,0.126518,0.0454591,-0.0763091,-0.223962,-0.318636,-0.192112,0
0,0.0969422,0.176894,0.191698,0.173058,0.126518,0.0454583,-0.0763105,-0.223963,-0.318638,-0.192114,0
0,0.0969433,0.176896,0.1917,0.173059,0.126518,0.0454576,-0.0763119,-0.223965,-0.31864,-0.192115,0
0,0.0969445,0.176898,0.191702,0.173061,0.126519,0.0454569,-0.0763132,-0.223967,-0.318642,-0.192116,0
0,0.0969456,0.1769,0.191704,0.173062,0.126519,0.0454562,-0.0763146,-0.223969,-0.318644,-0.192117,0
0,0.0969468,0.176903,0.191706,0.173063,0.126519,0.0454554,-0.076316,-0.223971,-0.318645,-0.192118,0
0,0.0969479,0.176905,0.191708,0.173064,0.126519,0.0454547,-0.0763173,-0.223972,-0.318647,-0.19212,0
0,0.096949,0.176907,0.19171,0.173066,0.12652,0.045454,-0.0763186,-0.223974,-0.318649,-0.192121,0
0,0.0969501,0.176909,0.191712,0.173067,0.12652,0.0454533,-0.07632,-0.223976,-0.318651,-0.192122,0
0,0.0969512,0.176911,0.191714,0.173068,0.12652,0.0454527,-0.0763213,-0.223977,-0.318653,-0.192123,0
0,0.0969523,0.176913,0.191716,0.173069,0.12652,0.045452,-0.0763226,-0.223979,-0.318655,-0.192124,0
0,0.0969534,0.176915,0.191718,0.173071,0.12652,0.0454513,-0.0763239,-0.223981,-0.318656,-0.192125,0
0,0.0969544,0.176917,0.19172,0.173072,0.126521,0.0454506,-0.0763252,-0.223982,-0.318658,-0.192126,0
0,0.0969555,0.176919,0.191722,0.173073,0.126521,0.04545,-0.0763265,-0.223984,-0.31866,-0.192128,0
0,0.0969566,0.176921,0.191724,0.173074,0.126521,0.0454493,-0.0763277,-0.223986,-0.318662,-0.192129,0
0,0.0969576,0.176924,0.191726,0.173075,0.126521,0.0454486,-0.076329,-0.223987,-0.318663,-0.19213,0
0,0.0969586,0.176926,0.191728,0.173076,0.126521,0.045448,-0.0763302,-0.223989,-0.318665,-0.192131,0
0,0.0969597,0.176927,0.19173,0.173078,0.126522,0.0454473,-0.0763315,-0.22399,-0.318667,-0.192132,0
0,0.0969607,0.176929,0.191732,0.173079,0.126522,0.0454467,-0.0763327,-0.223992,-0.318668,-0.192133,0
0,0.0969617,0.176931,0.191733,0.17308,0.126522,0.045446,-0.0763339,-0.223994,-0.31867,-0.192134,0
0,0.0969627,0.176933,0.191735,0.173081,0.126522,0.0454454,-0.0763351,-0.223995,-0.318672,-0.192135,0
0,0.0969637,0.176935,0.191737,0.173082,0.126523,0.0454448,-0.0763363,-0.223997,-0.318673,-0.192136,0
0,0.0969647,0.176937,0.191739,0.173083,0.126523,0.0454442,-0.0763375,-0.223998,-0.318675,-0.192137,0
0,0.0969657,0.176939,0.191741,0.173084,0.126523,0.0454435,-0.0763387,-0.224,-0.318677,-0.192138,0
0,0.0969667,0.176941,0.191743,0.173085,0.126523,0.0454429,-0.0763399,-0.224001,-0.318678,-0.192139,0
0,0.0969677,0.176943,0.191744,0.173087,0.126523,0.0454423,-0.076341,-0.224003,-0.31868,-0.19214,0
0,0.0969686,0.176945,0.191746,0.173088,0.126523,0.0454417,-0.0763422,-0.224004,-0.318681,-0.192141,0
0,0.0969696,0.176947,0.191748,0.173089,0.126524,0.0454411,-0.0763433,-0.224006,-0.318683,-0.192142,0
0,0.0969705,0.176948,0.191749,0.17309,0.126524,0.0454405,-0.0763445,-0.224007,-0.318685,-0.192143,0
0,0.0969715,0.17695,0.191751,0.173091,0.126524,0.0454399,-0.0763456,-0.224009,-0.318686,-0.192144,0
0,0.0969724,0.176952,0.191753,0.173092,0.126524,0.0454393,-0.0763467,-0.22401,-0.318688,-0.192145,0
0,0.0969733,0.176954,0.191755,0.173093,0.126524,0.0454388,-0.0763478,-0.224012,-0.318689,-0.192146,0
0,0.0969742,0.176956,0.191756,0.173094,0.126525,0.0454382,-0.076349,-0.224013,-0.318691,-0.192147,0
0,0.0969751,0.176957,0.191758,0.173095,0.126525,0.0454376,-0.07635,-0.224014,-0.318692,-0.192148,0
0,0.096976,0.176959,0.19176,0.173096,0.126525,0.045437,-0.0763511,-0.224016,-0.318694,-0.192149,0
0,0.0969769,0.176961,0.191761,0.173097,0.126525,0.0454365,-0.0763522,-0.224017,-0.318695,-0.19215,0
0,0.0969778,0.176962,0.191763,0.173098,0.126525,0.0454359,-0.0763533,-0.224019,-0.318697,-0.192151,0
0,0.0969787,0.176964,0.191764,0.173099,0.126526,0.0454354,-0.0763543,-0.22402,-0.318698,-0.192152,0
0,0.0969796,0.176966,0.191766,0.1731,0.126526,0.0454348,-0.0763554,-0.224021,-0.3187,-0.192153,0
0,0.0969805,0.176968,0.191768,0.173101,0.126526,0.0454343,-0.0763564,-0.224023,-0.318701,-0.192154,0
0,0.0969813,0.176969,0.191769,0.173102,0.126526,0.0454337,-0.0763575,-0.224024,-0.318702,-0.192155,0
0,0.0969822,0.176971,0.191771,0.173103,0.126526,0.0454332,-0.0763585,-0.224025,-0.318704,-0.192155,0
0,0.096983,0.176972,0.191772,0.173104,0.126526,0.0454326,-0.0763595,-0.224027,-0.318705,-0.192156,0
0,0.0969839,0.176974,0.191774,0.173105,0.126527,0.0454321,-0.0763605,-0.224028,-0.318707,-0.192157,0
0,0.0969847,0.176976,0.191775,0.173106,0.126527,0.0454316,-0.0763615,-0.224029,-0.318708,-0.192158,0
0,0.0969855,0.176977,0.191777,0.173107,0.126527,0.0454311,-0.0763625,-0.22403,-0.318709,-0.192159,0
0,0.0969864,0.176979,0.191778,0.173108,0.126527,0.0454306,-0.0763635,-0.224032,-0.318711,-0.19216,0
0,0.0969872,0.17698,0.19178,0.173108,0.126527,0.04543,-0.0763645,-0.224033,-0.318712,-0.192161,0
0,0.096988,0.176982,0.191781,0.173109,0.126527,0.0454295,-0.0763655,-0.224034,-0.318713,-0.192162,0
0,0.0969888,0.176984,0.191783,0.17311,0.126528,0.045429,-0.0763665,-0.224035,-0.318715,-0.192162,0
0,0.0969896,0.176985,0.191784,0.173111,0.126528,0.0454285,-0.0763674,-0.224037,-0.318716,-0.192163,0
0,0.0969904,0.176987,0.191786,0.173112,0.126528,0.045428,-0.0763684,-0.224038,-0.318717,-0.192164,0
0,0.0969912,0.176988,0.191787,0.173113,0.126528,0.0454275,-0.0763693,-0.224039,-0.318719,-0.192165,0
0,0.096992,0.17699,0.191789,0.173114,0.126528,0.045427,-0.0763702,-0.22404,-0.31872,-0.192166,0
0,0.0969927,0.176991,0.19179,0.173115,0.126528,0.0454265,-0.0763712,-0.224042,-0.318721,-0.192167,0
0,0.0969935,0.176993,0.191791,0.173116,0.126528,0.0454261,-0.0763721,-0.224043,-0.318723,-0.192167,0
0,0.0969943,0.176994,0.191793,0.173116,0.126529,0.0454256,-0.076373,-0.224044,-0.318724,-0.192168,0
0,0.096995,0.176996,0.191794,0.173117,0.126529,0.0454251,-0.0763739,-0.224045,-0.318725,-0.192169,0
0,0.0969958,0.176997,0.191795,0.173118,0.126529,0.0454246,-0.0763748,-0.224046,-0.318726,-0.19217,0
0,0.0969965,0.176998,0.191797,0.173119,0.126529,0.0454242,-0.0763757,-0.224047,-0.318728,-0.192171,0
0,0.0969973,0.177,0.191798,0.17312,0.126529,0.0454237,-0.0763766,-0.224049,-0.318729,-0.192171,0
0,0.096998,0.177001,0.1918,0.173121,0.126529,0.0454232,-0.0763775,-0.22405,-0.31873,-0.192172,0
0,0.0969987,0.177003,0.191801,0.173121,0.12653,0.0454228,-0.0763784,-0.224051,-0.318731,-0.192173,0
0,0.0969995,0.177004,0.191802,0.173122,0.12653,0.0454223,-0.0763792,-0.224052,-0.318732,-0.192174,0
0,0.0970002,0.177005,0.191803,0.173123,0.12653,0.0454219,-0.0763801,-0.224053,-0.318734,-0.192174,0
0,0.0970009,0.177007,0.191805,0.173124,0.12653,0.0454214,-0.076381,-0.224054,-0.318735,-0.192175,0
0,0.0970016,0.177008,0.191806,0.173125,0.12653,0.045421,-0.0763818,-0.224055,-0.318736,-0.192176,0
0,0.0970023,0.17701,0.191807,0.173125,0.12653,0.0454205,-0.0763826,-0.224056,-0.318737,-0.192177,0
0,0.097003,0.177011,0.191809,0.173126,0.12653,0.0454201,-0.0763835,-0.224057,-0.318738,-0.192177,0
0,0.0970037,0.177012,0.19181,0.173127,0.126531,0.0454197,-0.0763843,-0.224058,-0.318739,-0.192178,0
0,0.0970044,0.177014,0.191811,0.173128,0.126531,0.0454192,-0.0763851,-0.22406,-0.31874,-0.192179,0
0,0.097005,0.177015,0.191812,0.173128,0.126531,0.0454188,-0.0763859,-0.224061,-0.318742,-0.192179,0
0,0.0970057,0.177016,0.191814,0.173129,0.126531,0.0454184,-0.0763868,-0.224062,-0.318743,-0.19218,0
0,0.0970064,0.177017,0.191815,0.17313,0.126531,0.045418,-0.0763876,-0.224063,-0.318744,-0.192181,0
0,0.097007,0.177019,0.191816,0.173131,0.126531,0.0454176,-0.0763884,-0.224064,-0.318745,-0.192182,0
0,0.0970077,0.17702,0.191817,0.173131,0.126531,0.0454171,-0.0763891,-0.224065,-0.318746,-0.192182,0
0,0.0970084,0.177021,0.191818,0.173132,0.126531,0.0454167,-0.0763899,-0.224066,-0.318747,-0.192183,0
0,0.097009,0.177022,0.19182,0.173133,0.126532,0.0454163,-0.0763907,-0.224067,-0.318748,-0.192184,0
0,0.0970097,0.177024,0.191821,0.173134,0.126532,0.0454159,-0.0763915,-0.224068,-0.318749,-0.192184,0
0,0.0970103,0.177025,0.191822,0.173134,0.126532,0.0454155,-0.0763922,-0.224069,-0.31875,-0.192185,0
0,0.0970109,0.177026,0.191823,0.173135,0.126532,0.0454151,-0.076393,-0.22407,-0.318751,-0.192186,0
0,0.0970116,0.177027,0.191824,0.173136,0.126532,0.0454147,-0.0763938,-0.224071,-0.318752,-0.192186,0
0,0.0970122,0.177029,0.191825,0.173136,0.126532,0.0454143,-0.0763945,-0.224072,-0.318753,-0.192187,0
0,0.0970128,0.17703,0.191826,0.173137,0.126532,0.0454139,-0.0763953,-0.224073,-0.318754,-0.192188,0
0,0.0970134,0.177031,0.191828,0.173138,0.126532,0.0454135,-0.076396,-0.224073,-0.318755,-0.192188,0
0,0.097014,0.177032,0.191829,0.173139,0.126533,0.0454132,-0.0763967,-0.224074,-0.318756,-0.192189,0
0,0.0970146,0.177033,0.19183,0.173139,0.126533,0.0454128,-0.0763975,-0.224075,-0.318757,-0.192189,0
0,0.0970152,0.177034,0.191831,0.17314,0.126533,0.0454124,-0.0763982,-0.224076,-0.318758,-0.19219,0
0,0.0970158,0.177036,0.191832,0.173141,0.126533,0.045412,-0.0763989,-0.224077,-0.318759,-0.192191,0
0,0.0970164,0.177037,0.191833,0.173141,0.126533,0.0454117,-0.0763996,-0.224078,-0.31876,-0.192191,0
0,0.097017,0.177038,0.191834,0.173142,0.126533,0.0454113,-0.0764003,-0.224079,-0.318761,-0.192192,0
0,0.0970176,0.177039,0.191835,0.173143,0.126533,0.0454109,-0.076401,-0.22408,-0.318762,-0.192193,0
0,0.0970182,0.17704,0.191836,0.173143,0.126533,0.0454106,-0.0764017,-0.224081,-0.318763,-0.192193,0
0,0.0970187,0.177041,0.191837,0.173144,0.126534,0.0454102,-0.0764024,-0.224082,-0.318764,-0.192194,0
0,0.0970193,0.177042,0.191838,0.173144,0.126534,0.0454098,-0.0764031,-0.224083,-0.318765,-0.192194,0
0,0.0970199,0.177043,0.191839,0.173145,0.126534,0.0454095,-0.0764037,-0.224083,-0.318766,-0.192195,0
0,0.0970204,0.177044,0.19184,0.173146,0.126534,0.0454091,-0.0764044,-0.224084,-0.318767,-0.192196,0
0,0.097021,0.177046,0.191841,0.173146,0.126534,0.0454088,-0.0764051,-0.224085,-0.318768,-0.192196,0
0,0.0970215,0.177047,0.191842,0.173147,0.126534,0.0454084,-0.0764057,-0.224086,-0.318769,-0.192197,0
0,0.0970221,0.177048,0.191843,0.173148,0.126534,0.0454081,-0.0764064,-0.224087,-0.31877,-0.192197,0
0,0.0970226,0.177049,0.191844,0.173148,0.126534,0.0454078,-0.0764071,-0.224088,-0.318771,-0.192198,0
0,0.0970232,0.17705,0.191845,0.173149,0.126534,0.0454074,-0.0764077,-0.224089,-0.318771,-0.192198,0
0,0.0970237,0.177051,0.191846,0.173149,0.126535,0.0454071,-0.0764083,-0.224089,-0.318772,-0.192199,0
0,0.0970242,0.177052,0.191847,0.17315,0.126535,0.0454067,-0.076409,-0.22409,-0.318773,-0.1922,0
0,0.0970248,0.177053,0.191848,0.173151,0.126535,0.0454064,-0.0764096,-0.224091,-0.318774,-0.1922,0
0,0.0970253,0.177054,0.191849,0.173151,0.126535,0.0454061,-0.0764102,-0.224092,-0.318775,-0.192201,0
0,0.0970258,0.177055,0.19185,0.173152,0.126535,0.0454058,-0.0764109,-0.224093,-0.318776,-0.192201,0
0,0.0970263,0.177056,0.191851,0.173152,0.126535,0.0454054,-0.0764115,-0.224093,-0.318777,-0.192202,0
0,0.0970268,0.177057,0.191852,0.173153,0.126535,0.0454051,-0.0764121,-0.224094,-0.318778,-0.192202,0
0,0.0970273,0.177058,0.191853,0.173153,0.126535,0.0454048,-0.0764127,-0.224095,-0.318778,-0.192203,0
0,0.0970278,0.177059,0.191854,0.173154,0.126535,0.0454045,-0.0764133,-0.224096,-0.318779,-0.192203,0
0,0.0970283,0.17706,0.191855,0.173155,0.126535,0.0454042,-0.0764139,-0.224097,-0.31878,-0.192204,0
0,0.0970288,0.177061,0.191856,0.173155,0.126536,0.0454039,-0.0764145,-0.224097,-0.318781,-0.192204,0
0,0.0970293,0.177062,0.191857,0.173156,0.126536,0.0454035,-0.0764151,-0.224098,-0.318782,-0.192205,0
