2.07506e-05,2.07506e-05,2.08338e-05,2.10499e-05,2.13889e-05,2.1817e-05,2.23003e-05,2.28086e-05,2.33159e-05,2.37997e-05,2.42405e-05,2.46207e-05,2.49245e-05,2.5137e-05,2.52446e-05,2.52345e-05,2.50943e-05,2.48128e-05,2.43791e-05,2.3783e-05,2.30154e-05,2.20677e-05,2.09324e-05,1.96029e-05,1.80737e-05,1.63405e-05,1.44002e-05,1.2251e-05,9.89245e-06,7.32528e-06,4.55167e-06,1.57504e-06,-1.60003e-06,-4.96787e-06,-8.52196e-06,-1.22551e-05,-1.61596e-05,-2.0228e-05,-2.44529e-05,-2.88279e-05,-3.33483e-05,-3.80116e-05,-4.28185e-05,-4.77746e-05,-5.28917e-05,-5.81901e-05,-6.37019e-05,-6.94754e-05,-7.55807e-05,-8.2119e-05,-8.92347e-05,-9.71347e-05,-0.000106116,-0.000116611,-0.000129256,-0.000145009,-0.000165356,-0.000192688,-0.000231059,-0.000287757,-0.000376774,-0.000526519,-0.000795881,-0.0012988,-0.00222753,-0
2.07506e-05,2.07506e-05,2.08338e-05,2.10499e-05,2.13889e-05,2.1817e-05,2.23003e-05,2.28086e-05,2.33159e-05,2.37997e-05,2.42405e-05,2.46207e-05,2.49245e-05,2.5137e-05,2.52446e-05,2.52345e-05,2.50943e-05,2.48128e-05,2.43791e-05,2.3783e-05,2.30154e-05,2.20677e-05,2.09324e-05,1.96029e-05,1.80737e-05,1.63405e-05,1.44002e-05,1.2251e-05,9.89245e-06,7.32528e-06,4.55167e-06,1.57504e-06,-1.60003e-06,-4.96787e-06,-8.52196e-06,-1.22551e-05,-1.61596e-05,-2.0228e-05,-2.44529e-05,-2.88279e-05,-3.33483e-05,-3.80116e-05,-4.28185e-05,-4.77746e-05,-5.28917e-05,-5.81901e-05,-6.37019e-05,-6.94754e-05,-7.55807e-05,-8.2119e-05,-8.92347e-05,-9.71347e-05,-0.000106116,-0.000116611,-0.000129256,-0.000145009,-0.000165356,-0.000192688,-0.000231059,-0.000287757,-0.000376774,-0.000526519,-0.000795881,-0.0012988,-0.00222753,-0.00222753
2.07386e-05,2.07386e-05,2.08045e-05,2.09882e-05,2.12722e-05,2.16292e-05,2.20322e-05,2.24558e-05,2.28771e-05,2.32756e-05,2.36328e-05,2.39317e-05,2.4157e-05,2.42941e-05,2.43297e-05,2.4251e-05,2.4046e-05,2.37035e-05,2.32128e-05,2.25642e-05,2.17484e-05,2.07573e-05,1.95836e-05,1.82207e-05,1.66634e-05,1.49074e-05,1.29497e-05,1.07885e-05,8.42311e-06,5.85414e-06,3.0834e-06,1.13825e-07,-3.05063e-06,-6.40513e-06,-9.94414e-06,-1.36617e-05,-1.75517e-05,-2.16084e-05,-2.58266e-05,-3.02025e-05,-3.47344e-05,-3.94235e-05,-4.42751e-05,-4.92998e-05,-5.45161e-05,-5.99521e-05,-6.56497e-05,-7.16688e-05,-7.80945e-05,-8.50462e-05,-9.26912e-05,-0.000101265,-0.000111099,-0.000122669,-0.00013666,-0.000154083,-0.000176449,-0.000206081,-0.000246617,-0.000303851,-0.000386936,-0.000509288,-0.000685053,-0.000903491,-0.00103315,-0.00103315
2.05556e-05,2.05556e-05,2.06398e-05,2.08173e-05,2.10738e-05,2.13868e-05,2.17347e-05,2.20963e-05,2.24519e-05,2.27832e-05,2.30732e-05,2.33059e-05,2.34666e-05,2.35413e-05,2.35169e-05,2.33811e-05,2.31219e-05,2.27285e-05,2.21903e-05,2.14977e-05,2.06417e-05,1.96142e-05,1.84081e-05,1.70171e-05,1.54359e-05,1.36603e-05,1.16873e-05,9.51502e-06,7.14274e-06,4.57087e-06,1.80096e-06,-1.16443e-06,-4.32181e-06,-7.66695e-06,-1.11951e-05,-1.49011e-05,-1.87801e-05,-2.28274e-05,-2.70396e-05,-3.14146e-05,-3.59528e-05,-4.06578e-05,-4.55378e-05,-5.06067e-05,-5.58867e-05,-6.14101e-05,-6.72235e-05,-7.3392e-05,-8.00056e-05,-8.71885e-05,-9.51111e-05,-0.000104008,-0.000114203,-0.000126146,-0.000140466,-0.000158049,-0.000180144,-0.00020851,-0.000245572,-0.000294479,-0.00035862,-0.000439297,-0.00052802,-0.000592004,-0.000527567,-0.000527567
2.02422e-05,2.02422e-05,2.0373e-05,2.05676e-05,2.08187e-05,2.11094e-05,2.14227e-05,2.17413e-05,2.20487e-05,2.23287e-05,2.25658e-05,2.27455e-05,2.28538e-05,2.28774e-05,2.28036e-05,2.26202e-05,2.23159e-05,2.18797e-05,2.13014e-05,2.05715e-05,1.96811e-05,1.86224e-05,1.73881e-05,1.5972e-05,1.43691e-05,1.25751e-05,1.0587e-05,8.40282e-06,6.02186e-06,3.44439e-06,6.7179e-07,-2.2936e-06,-5.44858e-06,-8.78928e-06,-1.23114e-05,-1.60103e-05,-1.98817e-05,-2.39218e-05,-2.81278e-05,-3.24987e-05,-3.70359e-05,-4.17441e-05,-4.66325e-05,-5.17164e-05,-5.70185e-05,-6.2572e-05,-6.8423e-05,-7.46351e-05,-8.12946e-05,-8.8518e-05,-9.64619e-05,-0.000105336,-0.000115423,-0.0001271,-0.00014087,-0.000157398,-0.00017754,-0.000202352,-0.000232986,-0.000270331,-0.000313977,-0.0003598,-0.000395399,-0.000391915,-0.000298246,-0.000298246
1.98405e-05,1.98405e-05,2.00334e-05,2.02614e-05,2.05237e-05,2.08088e-05,2.11038e-05,2.13951e-05,2.16687e-05,2.19108e-05,2.21077e-05,2.22458e-05,2.23123e-05,2.22944e-05,2.21799e-05,2.19572e-05,2.1615e-05,2.11428e-05,2.05304e-05,1.97684e-05,1.88482e-05,1.77617e-05,1.6502e-05,1.50629e-05,1.34393e-05,1.1627e-05,9.62294e-06,7.42529e-06,5.03321e-06,2.44696e-06,-3.32133e-07,-3.30178e-06,-6.45887e-06,-9.79963e-06,-1.33198e-05,-1.70151e-05,-2.08811e-05,-2.49143e-05,-2.9112e-05,-3.34732e-05,-3.79991e-05,-4.26944e-05,-4.75677e-05,-5.26331e-05,-5.79117e-05,-6.34338e-05,-6.9241e-05,-7.53897e-05,-8.19553e-05,-8.90375e-05,-9.67668e-05,-0.000105314,-0.000114898,-0.000125802,-0.000138375,-0.000153039,-0.000170264,-0.000190484,-0.000213893,-0.00023997,-0.000266542,-0.000288097,-0.000295082,-0.000267656,-0.000184324,-0.000184324
1.93888e-05,1.93888e-05,1.965e-05,1.99207e-05,2.02054e-05,2.0497e-05,2.07861e-05,2.10622e-05,2.13139e-05,2.15292e-05,2.1696e-05,2.18022e-05,2.18355e-05,2.17841e-05,2.16363e-05,2.13808e-05,2.10067e-05,2.05036e-05,1.98615e-05,1.90712e-05,1.8124e-05,1.70121e-05,1.57284e-05,1.4267e-05,1.26225e-05,1.07909e-05,8.7693e-06,6.55569e-06,4.14934e-06,1.55058e-06,-1.23918e-06,-4.21756e-06,-7.38131e-06,-1.07265e-05,-1.42486e-05,-1.79431e-05,-2.18052e-05,-2.5831e-05,-3.0017e-05,-3.43615e-05,-3.88647e-05,-4.35296e-05,-4.83628e-05,-5.33756e-05,-5.85851e-05,-6.40159e-05,-6.97018e-05,-7.56882e-05,-8.20345e-05,-8.8818e-05,-9.6137e-05,-0.000104115,-0.000112905,-0.000122687,-0.000133667,-0.000146052,-0.000159999,-0.000175503,-0.000192182,-0.00020888,-0.000223047,-0.000230184,-0.000222456,-0.000189186,-0.000122096,-0.000122096
1.8919e-05,1.8919e-05,1.9248e-05,1.95653e-05,1.9879e-05,2.01851e-05,2.04773e-05,2.07474e-05,2.09863e-05,2.11835e-05,2.13286e-05,2.14103e-05,2.14174e-05,2.13388e-05,2.11634e-05,2.08801e-05,2.04785e-05,1.99481e-05,1.92794e-05,1.84631e-05,1.74907e-05,1.63543e-05,1.5047e-05,1.35626e-05,1.18961e-05,1.00434e-05,8.00148e-06,5.76864e-06,3.34419e-06,7.28628e-07,-2.07644e-06,-5.06835e-06,-8.24352e-06,-1.15975e-05,-1.51254e-05,-1.88219e-05,-2.26814e-05,-2.66989e-05,-3.08697e-05,-3.51905e-05,-3.96595e-05,-4.42771e-05,-4.90466e-05,-5.39748e-05,-5.90734e-05,-6.43593e-05,-6.98563e-05,-7.55962e-05,-8.16206e-05,-8.79817e-05,-9.47442e-05,-0.000101985,-0.000109793,-0.000118261,-0.000127473,-0.000137471,-0.000148199,-0.000159393,-0.000170403,-0.000179916,-0.000185605,-0.000184203,-0.000170096,-0.00013785,-8.48692e-05,-8.48692e-05
1.84559e-05,1.84559e-05,1.88485e-05,1.92124e-05,1.9558e-05,1.98835e-05,2.01846e-05,2.04553e-05,2.06878e-05,2.08736e-05,2.10031e-05,2.10662e-05,2.10526e-05,2.09516e-05,2.07526e-05,2.04452e-05,2.00189e-05,1.94638e-05,1.87702e-05,1.79291e-05,1.69319e-05,1.57708e-05,1.44389e-05,1.29301e-05,1.12394e-05,9.36266e-06,7.29713e-06,5.04109e-06,2.59408e-06,-4.31386e-08,-2.86862e-06,-5.87927e-06,-9.07093e-06,-1.24385e-05,-1.59762e-05,-1.96777e-05,-2.35361e-05,-2.75449e-05,-3.16977e-05,-3.59887e-05,-4.04134e-05,-4.49688e-05,-4.96539e-05,-5.44703e-05,-5.94226e-05,-6.45194e-05,-6.97733e-05,-7.5202e-05,-8.08284e-05,-8.66806e-05,-9.27917e-05,-9.91977e-05,-0.000105933,-0.00011302,-0.000120453,-0.000128167,-0.000135979,-0.000143506,-0.000150031,-0.000154332,-0.000154711,-0.00014837,-0.000132024,-0.000102953,-6.07848e-05,-6.07848e-05
1.80183e-05,1.80183e-05,1.84683e-05,1.88763e-05,1.9254e-05,1.96009e-05,1.99144e-05,2.01897e-05,2.04205e-05,2.05994e-05,2.07177e-05,2.07664e-05,2.07358e-05,2.06157e-05,2.03962e-05,2.00669e-05,1.96178e-05,1.90392e-05,1.83213e-05,1.74554e-05,1.64328e-05,1.52459e-05,1.38877e-05,1.23521e-05,1.06342e-05,8.72997e-06,6.63669e-06,4.35285e-06,1.87826e-06,-7.85977e-07,-3.63745e-06,-6.67246e-06,-9.88612e-06,-1.32724e-05,-1.68244e-05,-2.05344e-05,-2.43941e-05,-2.83947e-05,-3.25276e-05,-3.67844e-05,-4.11571e-05,-4.56387e-05,-5.02233e-05,-5.49065e-05,-5.96858e-05,-6.45607e-05,-6.95327e-05,-7.46055e-05,-7.97849e-05,-8.50775e-05,-9.04894e-05,-9.60227e-05,-0.00010167,-0.000107405,-0.000113163,-0.000118814,-0.000124121,-0.000128671,-0.0001318,-0.000132529,-0.000129424,-0.000120567,-0.000103994,-7.84297e-05,-4.42714e-05,-4.42714e-05
1.76204e-05,1.76204e-05,1.81205e-05,1.85685e-05,1.89764e-05,1.93448e-05,1.96719e-05,1.99541e-05,2.01859e-05,2.03607e-05,2.04708e-05,2.05078e-05,2.04626e-05,2.03256e-05,2.00871e-05,1.97372e-05,1.92661e-05,1.86641e-05,1.79218e-05,1.70302e-05,1.5981e-05,1.47663e-05,1.33793e-05,1.18139e-05,1.00652e-05,8.1293e-06,6.00361e-06,3.68688e-06,1.1792e-06,-1.51787e-06,-4.40134e-06,-7.4668e-06,-1.07084e-05,-1.41191e-05,-1.76906e-05,-2.14134e-05,-2.52775e-05,-2.92717e-05,-3.33848e-05,-3.76052e-05,-4.19211e-05,-4.63211e-05,-5.07943e-05,-5.533e-05,-5.99185e-05,-6.45503e-05,-6.92168e-05,-7.39091e-05,-7.86178e-05,-8.33317e-05,-8.80354e-05,-9.2706e-05,-9.73074e-05,-0.00010178,-0.000106028,-0.000109894,-0.000113127,-0.000115336,-0.000115919,-0.000114213,-0.000108999,-9.90237e-05,-8.31309e-05,-6.07779e-05,-3.25472e-05,-3.25472e-05
1.72727e-05,1.72727e-05,1.78152e-05,1.82979e-05,1.87329e-05,1.91214e-05,1.94619e-05,1.97514e-05,1.99853e-05,2.01574e-05,2.02609e-05,2.02877e-05,2.02292e-05,2.00763e-05,1.98196e-05,1.94494e-05,1.89562e-05,1.83303e-05,1.75624e-05,1.66438e-05,1.55658e-05,1.43209e-05,1.29021e-05,1.13033e-05,9.51975e-06,7.54759e-06,5.38444e-06,3.0293e-06,4.82648e-07,-2.25345e-06,-5.17534e-06,-8.27775e-06,-1.15538e-05,-1.49952e-05,-1.85919e-05,-2.23329e-05,-2.62057e-05,-3.01968e-05,-3.4292e-05,-3.84762e-05,-4.27339e-05,-4.7049e-05,-5.14053e-05,-5.57863e-05,-6.0175e-05,-6.45542e-05,-6.89057e-05,-7.32102e-05,-7.74459e-05,-8.15877e-05,-8.56045e-05,-8.94566e-05,-9.30896e-05,-9.64274e-05,-9.93597e-05,-0.000101726,-0.000103293,-0.000103733,-0.000102617,-9.91433e-05,-9.26893e-05,-8.23753e-05,-6.75139e-05,-4.7915e-05,-2.4127e-05,-2.4127e-05
1.69826e-05,1.69826e-05,1.75598e-05,1.80714e-05,1.85296e-05,1.89355e-05,1.92879e-05,1.95841e-05,1.98199e-05,1.99896e-05,2.00868e-05,2.01037e-05,2.00323e-05,1.98636e-05,1.95886e-05,1.91978e-05,1.86817e-05,1.80308e-05,1.72359e-05,1.62881e-05,1.51791e-05,1.3901e-05,1.24469e-05,1.08109e-05,8.988e-06,6.9747e-06,4.76873e-06,2.36938e-06,-2.22434e-07,-3.00408e-06,-5.97116e-06,-9.11745e-06,-1.24349e-05,-1.59138e-05,-1.95424e-05,-2.33077e-05,-2.71949e-05,-3.11878e-05,-3.52691e-05,-3.94202e-05,-4.36214e-05,-4.78525e-05,-5.20919e-05,-5.63174e-05,-6.05059e-05,-6.46329e-05,-6.86725e-05,-7.25966e-05,-7.63742e-05,-7.997e-05,-8.33429e-05,-8.64426e-05,-8.92059e-05,-9.15504e-05,-9.33654e-05,-9.44994e-05,-9.47439e-05,-9.38191e-05,-9.13556e-05,-8.68719e-05,-7.97971e-05,-6.95858e-05,-5.58461e-05,-3.85532e-05,-1.81573e-05,-1.81573e-05
1.67553e-05,1.67553e-05,1.73597e-05,1.78944e-05,1.83712e-05,1.87911e-05,1.91529e-05,1.94542e-05,1.96907e-05,1.98574e-05,1.99477e-05,1.99544e-05,1.98695e-05,1.96846e-05,1.93905e-05,1.89781e-05,1.84378e-05,1.77603e-05,1.69365e-05,1.59573e-05,1.48143e-05,1.34999e-05,1.20069e-05,1.03295e-05,8.46275e-06,6.40323e-06,4.1489e-06,1.69935e-06,-9.44038e-07,-3.77801e-06,-6.79735e-06,-9.99484e-06,-1.33612e-05,-1.6885e-05,-2.0553e-05,-2.43498e-05,-2.82583e-05,-3.22595e-05,-3.63329e-05,-4.04564e-05,-4.46064e-05,-4.87582e-05,-5.28856e-05,-5.69612e-05,-6.09562e-05,-6.48402e-05,-6.85808e-05,-7.21436e-05,-7.54907e-05,-7.85805e-05,-8.13659e-05,-8.3792e-05,-8.57932e-05,-8.72888e-05,-8.81757e-05,-8.83196e-05,-8.75386e-05,-8.56484e-05,-8.22651e-05,-7.71072e-05,-6.97693e-05,-5.98868e-05,-4.72366e-05,-3.1862e-05,-1.41086e-05,-1.41086e-05
1.65946e-05,1.65946e-05,1.72191e-05,1.77709e-05,1.82614e-05,1.86913e-05,1.90595e-05,1.93634e-05,1.95989e-05,1.97608e-05,1.9843e-05,1.98384e-05,1.97391e-05,1.95368e-05,1.92225e-05,1.8787e-05,1.82211e-05,1.75152e-05,1.66601e-05,1.5647e-05,1.44673e-05,1.31132e-05,1.15776e-05,9.85453e-06,7.93927e-06,5.82838e-06,3.52004e-06,1.0142e-06,-1.6873e-06,-4.58056e-06,-7.6595e-06,-1.09158e-05,-1.43389e-05,-1.79158e-05,-2.16313e-05,-2.54678e-05,-2.94058e-05,-3.34233e-05,-3.74969e-05,-4.16007e-05,-4.57076e-05,-4.97887e-05,-5.38134e-05,-5.77497e-05,-6.1564e-05,-6.5221e-05,-6.86837e-05,-7.19126e-05,-7.48659e-05,-7.74983e-05,-7.97603e-05,-8.15966e-05,-8.29438e-05,-8.37277e-05,-8.3859e-05,-8.32288e-05,-8.17088e-05,-7.90262e-05,-7.50496e-05,-6.95148e-05,-6.21442e-05,-5.26997e-05,-4.10572e-05,-2.72817e-05,-1.16277e-05,-1.16277e-05
1.65027e-05,1.65027e-05,1.71406e-05,1.77036e-05,1.82029e-05,1.86386e-05,1.90097e-05,1.93132e-05,1.95452e-05,1.97004e-05,1.97728e-05,1.97552e-05,1.96401e-05,1.94189e-05,1.90828e-05,1.86227e-05,1.80293e-05,1.72929e-05,1.64045e-05,1.53549e-05,1.41354e-05,1.27383e-05,1.11564e-05,9.38355e-06,7.41511e-06,5.24771e-06,2.87976e-06,3.11501e-07,-2.45472e-06,-5.41434e-06,-8.56041e-06,-1.18835e-05,-1.53716e-05,-1.90102e-05,-2.2782e-05,-2.66674e-05,-3.06442e-05,-3.46877e-05,-3.87711e-05,-4.28656e-05,-4.69402e-05,-5.09622e-05,-5.48971e-05,-5.8709e-05,-6.23602e-05,-6.58118e-05,-6.9023e-05,-7.19515e-05,-7.45531e-05,-7.67814e-05,-7.8587e-05,-7.99169e-05,-8.0713e-05,-8.09098e-05,-8.04321e-05,-7.91907e-05,-7.70418e-05,-7.3872e-05,-6.95217e-05,-6.38095e-05,-5.65479e-05,-4.75842e-05,-3.68522e-05,-2.44181e-05,-1.04631e-05,-1.04631e-05
1.64814e-05,1.64814e-05,1.71264e-05,1.76949e-05,1.81978e-05,1.8635e-05,1.90051e-05,1.9305e-05,1.95306e-05,1.96768e-05,1.97371e-05,1.97048e-05,1.95719e-05,1.93302e-05,1.89707e-05,1.84843e-05,1.78614e-05,1.70927e-05,1.61685e-05,1.50799e-05,1.38179e-05,1.23746e-05,1.07427e-05,8.91607e-06,6.88993e-06,4.66103e-06,2.22792e-06,-4.08812e-07,-3.24636e-06,-6.27948e-06,-9.50033e-06,-1.28984e-05,-1.64602e-05,-2.01695e-05,-2.40073e-05,-2.79515e-05,-3.19774e-05,-3.60577e-05,-4.01625e-05,-4.42597e-05,-4.8315e-05,-5.22922e-05,-5.61533e-05,-5.98591e-05,-6.33686e-05,-6.664e-05,-6.96301e-05,-7.22951e-05,-7.45901e-05,-7.64689e-05,-7.78846e-05,-7.87881e-05,-7.91279e-05,-7.88486e-05,-7.78895e-05,-7.61697e-05,-7.35924e-05,-7.00772e-05,-6.55051e-05,-5.97473e-05,-5.26777e-05,-4.41999e-05,-3.42817e-05,-2.29817e-05,-1.04253e-05,-1.04253e-05
1.65317e-05,1.65317e-05,1.71777e-05,1.77463e-05,1.82478e-05,1.86821e-05,1.90472e-05,1.93401e-05,1.95563e-05,1.96907e-05,1.97367e-05,1.96875e-05,1.9535e-05,1.92709e-05,1.88863e-05,1.83717e-05,1.77177e-05,1.69146e-05,1.59527e-05,1.48226e-05,1.35155e-05,1.2023e-05,1.03377e-05,8.45347e-06,6.36534e-06,4.07011e-06,1.5665e-06,-1.14464e-06,-4.06004e-06,-7.17378e-06,-1.04771e-05,-1.39584e-05,-1.76029e-05,-2.13925e-05,-2.53063e-05,-2.932e-05,-3.34064e-05,-3.75356e-05,-4.16745e-05,-4.57882e-05,-4.98391e-05,-5.37879e-05,-5.75936e-05,-6.12139e-05,-6.46056e-05,-6.77246e-05,-7.05265e-05,-7.29666e-05,-7.50005e-05,-7.65841e-05,-7.76733e-05,-7.82247e-05,-7.81938e-05,-7.7535e-05,-7.62075e-05,-7.41255e-05,-7.12522e-05,-6.75155e-05,-6.28331e-05,-5.71172e-05,-5.02852e-05,-4.22785e-05,-3.30842e-05,-2.27516e-05,-1.13645e-05,-1.13645e-05
1.66542e-05,1.66542e-05,1.72956e-05,1.78589e-05,1.83542e-05,1.8781e-05,1.91372e-05,1.94195e-05,1.96233e-05,1.97431e-05,1.97724e-05,1.97041e-05,1.95301e-05,1.9242e-05,1.88305e-05,1.82862e-05,1.75993e-05,1.676e-05,1.57584e-05,1.45849e-05,1.32302e-05,1.16858e-05,9.94417e-06,7.99877e-06,5.84466e-06,3.47859e-06,8.99362e-07,-1.89191e-06,-4.89152e-06,-8.09292e-06,-1.14865e-05,-1.50595e-05,-1.87956e-05,-2.26754e-05,-2.66758e-05,-3.07703e-05,-3.49294e-05,-3.91203e-05,-4.33074e-05,-4.74526e-05,-5.15155e-05,-5.5454e-05,-5.92243e-05,-6.27818e-05,-6.60812e-05,-6.90771e-05,-7.17243e-05,-7.39785e-05,-7.57963e-05,-7.71363e-05,-7.79585e-05,-7.82252e-05,-7.79001e-05,-7.69556e-05,-7.53307e-05,-7.30035e-05,-6.99314e-05,-6.60662e-05,-6.13535e-05,-5.57368e-05,-4.91645e-05,-4.16035e-05,-3.30529e-05,-2.35527e-05,-1.31572e-05,-1.31572e-05
1.68493e-05,1.68493e-05,1.74806e-05,1.80334e-05,1.85178e-05,1.89329e-05,1.92763e-05,1.95445e-05,1.97327e-05,1.98352e-05,1.98455e-05,1.9756e-05,1.95587e-05,1.92447e-05,1.88049e-05,1.82294e-05,1.75083e-05,1.66314e-05,1.55885e-05,1.43697e-05,1.29655e-05,1.13669e-05,9.56617e-06,7.55653e-06,5.33282e-06,2.89174e-06,2.32126e-07,-2.6447e-06,-5.73464e-06,-9.03055e-06,-1.2522e-05,-1.61951e-05,-2.00322e-05,-2.40122e-05,-2.811e-05,-3.22972e-05,-3.65417e-05,-4.08081e-05,-4.50581e-05,-4.9251e-05,-5.33435e-05,-5.72908e-05,-6.1047e-05,-6.45653e-05,-6.7799e-05,-7.07016e-05,-7.32279e-05,-7.53342e-05,-7.69791e-05,-7.81239e-05,-7.8733e-05,-7.8775e-05,-7.82257e-05,-7.70519e-05,-7.523e-05,-7.27348e-05,-6.95396e-05,-6.56151e-05,-6.09286e-05,-5.54469e-05,-4.91413e-05,-4.19964e-05,-3.40188e-05,-2.52415e-05,-1.5698e-05,-1.5698e-05
1.71169e-05,1.71169e-05,1.77329e-05,1.82704e-05,1.87392e-05,1.91383e-05,1.94652e-05,1.97159e-05,1.98856e-05,1.99683e-05,1.99572e-05,1.98446e-05,1.96223e-05,1.92812e-05,1.88118e-05,1.8204e-05,1.74475e-05,1.65319e-05,1.54465e-05,1.41811e-05,1.27257e-05,1.10712e-05,9.20911e-06,7.13257e-06,4.83613e-06,2.31633e-06,-4.28007e-07,-3.39542e-06,-6.58149e-06,-9.9785e-06,-1.35752e-05,-1.73567e-05,-2.1304e-05,-2.53943e-05,-2.96008e-05,-3.38928e-05,-3.82358e-05,-4.25921e-05,-4.69206e-05,-5.11779e-05,-5.53183e-05,-5.92946e-05,-6.30587e-05,-6.6562e-05,-6.97567e-05,-7.25957e-05,-7.50341e-05,-7.70293e-05,-7.85418e-05,-7.95359e-05,-7.99799e-05,-7.98447e-05,-7.91292e-05,-7.78055e-05,-7.58489e-05,-7.32472e-05,-6.99872e-05,-6.60544e-05,-6.14331e-05,-5.61077e-05,-5.00663e-05,-4.33065e-05,-3.58403e-05,-2.76961e-05,-1.8894e-05,-1.8894e-05
1.74569e-05,1.74569e-05,1.80526e-05,1.857e-05,1.90188e-05,1.9398e-05,1.97046e-05,1.99347e-05,2.0083e-05,2.01435e-05,2.01091e-05,1.99718e-05,1.97231e-05,1.93537e-05,1.88537e-05,1.82128e-05,1.74203e-05,1.64653e-05,1.53367e-05,1.40239e-05,1.25163e-05,1.08044e-05,8.87942e-06,6.73391e-06,4.36216e-06,1.76047e-06,-1.07241e-06,-4.13496e-06,-7.42249e-06,-1.09268e-05,-1.46359e-05,-1.85339e-05,-2.26005e-05,-2.68113e-05,-3.11376e-05,-3.55466e-05,-4.00017e-05,-4.44624e-05,-4.88854e-05,-5.32246e-05,-5.74317e-05,-6.14575e-05,-6.52516e-05,-6.87644e-05,-7.19466e-05,-7.47513e-05,-7.71336e-05,-7.90523e-05,-8.04701e-05,-8.13544e-05,-8.16787e-05,-8.14266e-05,-8.05992e-05,-7.91695e-05,-7.71273e-05,-7.44674e-05,-7.11867e-05,-6.72826e-05,-6.27524e-05,-5.75939e-05,-5.18084e-05,-4.54031e-05,-3.83948e-05,-3.08099e-05,-2.26607e-05,-2.26607e-05
1.78689e-05,1.78689e-05,1.84392e-05,1.89319e-05,1.93566e-05,1.97119e-05,1.9995e-05,2.02015e-05,2.0326e-05,2.03622e-05,2.03027e-05,2.01393e-05,1.98632e-05,1.94648e-05,1.89337e-05,1.82594e-05,1.74306e-05,1.6436e-05,1.5264e-05,1.39035e-05,1.23433e-05,1.05734e-05,8.58444e-06,6.36852e-06,3.91953e-06,1.23345e-06,-1.69117e-06,-4.85281e-06,-8.24658e-06,-1.18639e-05,-1.56921e-05,-1.97142e-05,-2.39088e-05,-2.825e-05,-3.27073e-05,-3.72457e-05,-4.18263e-05,-4.64064e-05,-5.094e-05,-5.53785e-05,-5.96715e-05,-6.37672e-05,-6.76138e-05,-7.116e-05,-7.43559e-05,-7.71542e-05,-7.95107e-05,-8.13853e-05,-8.27429e-05,-8.35531e-05,-8.37899e-05,-8.3477e-05,-8.25793e-05,-8.10879e-05,-7.9001e-05,-7.63208e-05,-7.30527e-05,-6.92034e-05,-6.47803e-05,-5.97922e-05,-5.42503e-05,-4.81702e-05,-4.15733e-05,-3.44867e-05,-2.69191e-05,-2.69191e-05
1.83521e-05,1.83521e-05,1.88922e-05,1.93556e-05,1.97521e-05,2.00801e-05,2.03365e-05,2.05167e-05,2.06153e-05,2.06253e-05,2.05394e-05,2.0349e-05,2.00449e-05,1.96171e-05,1.9055e-05,1.83473e-05,1.74826e-05,1.64487e-05,1.52338e-05,1.38259e-05,1.22134e-05,1.03854e-05,8.3322e-06,6.04519e-06,3.51778e-06,7.45533e-07,-2.27326e-06,-5.53719e-06,-9.04129e-06,-1.27766e-05,-1.67299e-05,-2.08834e-05,-2.52144e-05,-2.96955e-05,-3.42945e-05,-3.89744e-05,-4.3694e-05,-4.84082e-05,-5.30685e-05,-5.76239e-05,-6.20215e-05,-6.62077e-05,-7.01287e-05,-7.37319e-05,-7.69666e-05,-7.97854e-05,-8.21445e-05,-8.40052e-05,-8.53342e-05,-8.61053e-05,-8.63044e-05,-8.59546e-05,-8.50213e-05,-8.3503e-05,-8.14039e-05,-7.87327e-05,-7.55014e-05,-7.17243e-05,-6.74173e-05,-6.25975e-05,-5.72849e-05,-5.15022e-05,-4.52765e-05,-3.86373e-05,-3.15938e-05,-3.15938e-05
1.89053e-05,1.89053e-05,1.94103e-05,1.98402e-05,2.02047e-05,2.0502e-05,2.07289e-05,2.08806e-05,2.09513e-05,2.09339e-05,2.08206e-05,2.06026e-05,2.02703e-05,1.98133e-05,1.92205e-05,1.84803e-05,1.75805e-05,1.65084e-05,1.52516e-05,1.37974e-05,1.21334e-05,1.02483e-05,8.13125e-06,5.7733e-06,3.16714e-06,3.07848e-07,-2.80668e-06,-6.17526e-06,-9.79291e-06,-1.36505e-05,-1.77342e-05,-2.20254e-05,-2.65005e-05,-3.11305e-05,-3.58814e-05,-4.07145e-05,-4.55861e-05,-5.04488e-05,-5.52516e-05,-5.99411e-05,-6.44622e-05,-6.87588e-05,-7.27755e-05,-7.64584e-05,-7.9756e-05,-8.26206e-05,-8.50089e-05,-8.68831e-05,-8.82109e-05,-8.89646e-05,-8.91692e-05,-8.88114e-05,-8.78718e-05,-8.63544e-05,-8.42684e-05,-8.16278e-05,-7.84503e-05,-7.47562e-05,-7.05681e-05,-6.59109e-05,-6.08117e-05,-5.53007e-05,-4.9411e-05,-4.31769e-05,-3.66111e-05,-3.66111e-05
1.95268e-05,1.95268e-05,1.9992e-05,2.03841e-05,2.0713e-05,2.09767e-05,2.11716e-05,2.12928e-05,2.13341e-05,2.12883e-05,2.11472e-05,2.09015e-05,2.05414e-05,2.00559e-05,1.94335e-05,1.86619e-05,1.77285e-05,1.662e-05,1.5323e-05,1.38242e-05,1.21106e-05,1.01698e-05,7.99047e-06,5.56265e-06,2.87838e-06,-6.7858e-08,-3.27868e-06,-6.75322e-06,-1.04866e-05,-1.44696e-05,-1.8688e-05,-2.31226e-05,-2.77484e-05,-3.25355e-05,-3.74479e-05,-4.2445e-05,-4.74811e-05,-5.25061e-05,-5.74669e-05,-6.23072e-05,-6.69696e-05,-7.1396e-05,-7.55291e-05,-7.93134e-05,-8.26966e-05,-8.56307e-05,-8.80727e-05,-8.99861e-05,-9.13407e-05,-9.2114e-05,-9.23429e-05,-9.19974e-05,-9.10741e-05,-8.9579e-05,-8.75251e-05,-8.49304e-05,-8.18172e-05,-7.82112e-05,-7.41408e-05,-6.96374e-05,-6.47351e-05,-5.94716e-05,-5.38872e-05,-4.8023e-05,-4.18975e-05,-4.18975e-05
2.02143e-05,2.02143e-05,2.0635e-05,2.09855e-05,2.12754e-05,2.15027e-05,2.16635e-05,2.17526e-05,2.17636e-05,2.16888e-05,2.15198e-05,2.12469e-05,2.08597e-05,2.03469e-05,1.96965e-05,1.88955e-05,1.79306e-05,1.6788e-05,1.54534e-05,1.39127e-05,1.2152e-05,1.01582e-05,7.91881e-06,5.4232e-06,2.66256e-06,-3.69408e-07,-3.67592e-06,-7.25655e-06,-1.11067e-05,-1.52171e-05,-1.95734e-05,-2.41555e-05,-2.89379e-05,-3.3889e-05,-3.89715e-05,-4.41427e-05,-4.93547e-05,-5.45551e-05,-5.96882e-05,-6.46952e-05,-6.95162e-05,-7.40908e-05,-7.83597e-05,-8.22659e-05,-8.5756e-05,-8.87814e-05,-9.12994e-05,-9.32741e-05,-9.46774e-05,-9.54906e-05,-9.57642e-05,-9.54551e-05,-9.45671e-05,-9.31107e-05,-9.11021e-05,-8.8563e-05,-8.55197e-05,-8.20024e-05,-7.80446e-05,-7.36839e-05,-6.89616e-05,-6.39231e-05,-5.86172e-05,-5.30934e-05,-4.73785e-05,-4.73785e-05
2.09647e-05,2.09647e-05,2.13364e-05,2.16414e-05,2.18894e-05,2.20779e-05,2.22028e-05,2.22587e-05,2.22387e-05,2.21349e-05,2.19384e-05,2.16392e-05,2.12263e-05,2.06881e-05,2.00118e-05,1.91839e-05,1.81904e-05,1.70167e-05,1.56478e-05,1.40687e-05,1.22645e-05,1.0221e-05,7.92508e-06,5.3649e-06,2.53078e-06,-5.84436e-07,-3.98471e-06,-7.67022e-06,-1.16368e-05,-1.58752e-05,-2.03709e-05,-2.51036e-05,-3.00467e-05,-3.51676e-05,-4.04274e-05,-4.57814e-05,-5.11797e-05,-5.65674e-05,-6.18862e-05,-6.70747e-05,-7.20703e-05,-7.68104e-05,-8.12333e-05,-8.52804e-05,-8.8897e-05,-9.20336e-05,-9.46473e-05,-9.67023e-05,-9.81711e-05,-9.90536e-05,-9.93838e-05,-9.91256e-05,-9.82866e-05,-9.688e-05,-9.49251e-05,-9.24466e-05,-8.94741e-05,-8.6042e-05,-8.21889e-05,-7.79582e-05,-7.33985e-05,-6.8564e-05,-6.3513e-05,-5.83054e-05,-5.29776e-05,-5.29776e-05
2.17742e-05,2.17742e-05,2.20926e-05,2.23487e-05,2.25519e-05,2.26995e-05,2.27873e-05,2.28091e-05,2.2758e-05,2.26256e-05,2.24026e-05,2.20784e-05,2.16419e-05,2.10805e-05,2.0381e-05,1.95294e-05,1.85108e-05,1.73099e-05,1.59107e-05,1.42974e-05,1.24542e-05,1.03657e-05,8.0177e-06,5.39738e-06,2.49397e-06,-7.00645e-07,-4.19131e-06,-7.97894e-06,-1.20599e-05,-1.64253e-05,-2.10605e-05,-2.5945e-05,-3.10514e-05,-3.6346e-05,-4.17887e-05,-4.73328e-05,-5.29261e-05,-5.85115e-05,-6.40279e-05,-6.94113e-05,-7.45964e-05,-7.95177e-05,-8.41115e-05,-8.83169e-05,-9.20778e-05,-9.53437e-05,-9.80708e-05,-0.000100223,-0.000101771,-0.00010275,-0.000103143,-0.000102946,-0.000102164,-0.000100814,-9.89166e-05,-9.64992e-05,-9.35947e-05,-9.0241e-05,-8.64818e-05,-8.23668e-05,-7.79524e-05,-7.33021e-05,-6.84854e-05,-6.35738e-05,-5.86153e-05,-5.86153e-05
2.26381e-05,2.26381e-05,2.2899e-05,2.31029e-05,2.3259e-05,2.33642e-05,2.34137e-05,2.34013e-05,2.33194e-05,2.31592e-05,2.2911e-05,2.25639e-05,2.21059e-05,2.15243e-05,2.08051e-05,1.99335e-05,1.8894e-05,1.76704e-05,1.62459e-05,1.46036e-05,1.27267e-05,1.05988e-05,8.20448e-06,5.52968e-06,2.56257e-06,-7.06097e-07,-4.28217e-06,-8.16746e-06,-1.2359e-05,-1.68484e-05,-2.16213e-05,-2.66568e-05,-3.19271e-05,-3.73976e-05,-4.30267e-05,-4.8766e-05,-5.45614e-05,-6.03531e-05,-6.60773e-05,-7.16672e-05,-7.70547e-05,-8.21714e-05,-8.6951e-05,-9.13305e-05,-9.52517e-05,-9.86628e-05,-0.000101519,-0.000103785,-0.000105432,-0.000106503,-0.000106974,-0.000106845,-0.000106127,-0.000104836,-0.000102996,-0.000100636,-9.77926e-05,-9.45075e-05,-9.08293e-05,-8.68144e-05,-8.25276e-05,-7.8043e-05,-7.34423e-05,-6.88104e-05,-6.42082e-05,-6.42082e-05
2.35507e-05,2.35507e-05,2.37504e-05,2.38992e-05,2.40062e-05,2.40677e-05,2.40785e-05,2.40318e-05,2.39198e-05,2.37331e-05,2.34616e-05,2.30939e-05,2.26175e-05,2.2019e-05,2.12839e-05,2.03967e-05,1.93411e-05,1.81e-05,1.66559e-05,1.49908e-05,1.30867e-05,1.09261e-05,8.49227e-06,5.77002e-06,2.74623e-06,-5.89531e-07,-4.24429e-06,-8.22092e-06,-1.25173e-05,-1.71257e-05,-2.20321e-05,-2.72156e-05,-3.26481e-05,-3.82941e-05,-4.41109e-05,-5.00485e-05,-5.60505e-05,-6.20548e-05,-6.79949e-05,-7.38009e-05,-7.94017e-05,-8.4726e-05,-8.97044e-05,-9.42715e-05,-9.83668e-05,-0.000101937,-0.000104936,-0.000107329,-0.000109087,-0.000110253,-0.000110807,-0.000110751,-0.000110098,-0.000108864,-0.000107077,-0.000104768,-0.000101976,-9.87463e-05,-9.51341e-05,-9.12023e-05,-8.70254e-05,-8.26889e-05,-7.82883e-05,-7.3923e-05,-6.96683e-05,-6.96683e-05
2.45052e-05,2.45052e-05,2.46402e-05,2.47316e-05,2.47878e-05,2.48048e-05,2.47768e-05,2.46965e-05,2.45554e-05,2.4344e-05,2.40515e-05,2.36659e-05,2.31744e-05,2.2563e-05,2.18163e-05,2.09184e-05,1.98522e-05,1.85997e-05,1.71423e-05,1.54613e-05,1.35375e-05,1.1352e-05,8.88679e-06,6.12542e-06,3.0535e-06,-3.40711e-07,-4.06556e-06,-8.12518e-06,-1.25185e-05,-1.72386e-05,-2.22719e-05,-2.75979e-05,-3.31882e-05,-3.90068e-05,-4.50098e-05,-5.11458e-05,-5.73563e-05,-6.3577e-05,-6.97383e-05,-7.57676e-05,-8.15902e-05,-8.71317e-05,-9.23197e-05,-9.70856e-05,-0.000101366,-0.000105107,-0.000108259,-0.000110787,-0.000112662,-0.000113929,-0.000114568,-0.000114586,-0.000113994,-0.000112813,-0.000111071,-0.000108801,-0.000106047,-0.000102858,-9.92946e-05,-9.54279e-05,-9.13428e-05,-8.71378e-05,-8.29231e-05,-7.88143e-05,-7.49023e-05,-7.49023e-05
2.54937e-05,2.54937e-05,2.55611e-05,2.55932e-05,2.55977e-05,2.55698e-05,2.55033e-05,2.53902e-05,2.52217e-05,2.49877e-05,2.46767e-05,2.42766e-05,2.37737e-05,2.31535e-05,2.24003e-05,2.14971e-05,2.04261e-05,1.91687e-05,1.77052e-05,1.6016e-05,1.40809e-05,1.18796e-05,9.39228e-06,6.60144e-06,3.49147e-06,4.91875e-08,-3.73516e-06,-7.8673e-06,-1.23474e-05,-1.71694e-05,-2.23204e-05,-2.77803e-05,-3.35211e-05,-3.95062e-05,-4.56909e-05,-5.20223e-05,-5.84402e-05,-6.48777e-05,-7.12627e-05,-7.75192e-05,-8.35694e-05,-8.93352e-05,-9.47406e-05,-9.9714e-05,-0.000104189,-0.000108108,-0.000111422,-0.000114091,-0.000116088,-0.000117455,-0.000118179,-0.000118266,-0.000117729,-0.000116591,-0.000114882,-0.000112638,-0.000109905,-0.000106738,-0.000103204,-9.93836e-05,-9.53719e-05,-9.12822e-05,-8.72412e-05,-8.33815e-05,-7.98106e-05,-7.98106e-05
2.6507e-05,2.6507e-05,2.65048e-05,2.64763e-05,2.64285e-05,2.6356e-05,2.62517e-05,2.61073e-05,2.59132e-05,2.56589e-05,2.53325e-05,2.49212e-05,2.44111e-05,2.37869e-05,2.30323e-05,2.21296e-05,2.10604e-05,1.98051e-05,1.83431e-05,1.6654e-05,1.47176e-05,1.25104e-05,1.00114e-05,7.20178e-06,4.06534e-06,5.87142e-07,-3.24391e-06,-7.43587e-06,-1.19903e-05,-1.69016e-05,-2.21581e-05,-2.77406e-05,-3.36213e-05,-3.97634e-05,-4.61215e-05,-5.26418e-05,-5.92622e-05,-6.59135e-05,-7.25209e-05,-7.90054e-05,-8.52854e-05,-9.12791e-05,-9.6907e-05,-0.000102093,-0.000106769,-0.000110872,-0.000114352,-0.000117167,-0.000119288,-0.000120752,-0.000121554,-0.000121702,-0.00012121,-0.000120103,-0.000118411,-0.000116174,-0.000113443,-0.000110278,-0.000106752,-0.000102956,-9.89988e-05,-9.50089e-05,-9.11306e-05,-8.7515e-05,-8.42873e-05,-8.42873e-05
2.75344e-05,2.75344e-05,2.74608e-05,2.73706e-05,2.72701e-05,2.71531e-05,2.70119e-05,2.68376e-05,2.662e-05,2.63482e-05,2.60098e-05,2.55916e-05,2.50792e-05,2.44568e-05,2.37075e-05,2.28132e-05,2.17545e-05,2.05109e-05,1.90609e-05,1.73819e-05,1.54499e-05,1.32447e-05,1.07447e-05,7.92777e-06,4.77811e-06,1.27766e-06,-2.58451e-06,-6.82136e-06,-1.14357e-05,-1.64211e-05,-2.17677e-05,-2.74577e-05,-3.34644e-05,-3.97503e-05,-4.62696e-05,-5.29682e-05,-5.97822e-05,-6.66401e-05,-7.34646e-05,-8.01736e-05,-8.66819e-05,-9.29035e-05,-9.8755e-05,-0.000104157,-0.000109035,-0.000113326,-0.000116973,-0.000119935,-0.000122179,-0.000123733,-0.000124604,-0.000124801,-0.00012434,-0.000123245,-0.000121551,-0.000119301,-0.000116548,-0.000113359,-0.000109818,-0.000106025,-0.000102103,-9.81979e-05,-9.44728e-05,-9.10985e-05,-8.82187e-05,-8.82187e-05
2.85647e-05,2.85647e-05,2.84185e-05,2.82661e-05,2.8113e-05,2.79522e-05,2.77753e-05,2.75727e-05,2.73339e-05,2.70471e-05,2.66998e-05,2.62783e-05,2.57677e-05,2.51519e-05,2.44135e-05,2.35337e-05,2.24927e-05,2.12691e-05,1.98404e-05,1.81833e-05,1.62737e-05,1.40884e-05,1.16039e-05,8.79776e-06,5.64967e-06,2.1406e-06,-1.74601e-06,-6.01606e-06,-1.06756e-05,-1.57164e-05,-2.11339e-05,-2.69128e-05,-3.30283e-05,-3.94409e-05,-4.61042e-05,-5.29664e-05,-5.99607e-05,-6.70131e-05,-7.40442e-05,-8.09702e-05,-8.77007e-05,-9.41457e-05,-0.000100218,-0.000105833,-0.000110914,-0.00011539,-0.000119204,-0.000122309,-0.000124672,-0.000126306,-0.000127234,-0.000127464,-0.000127014,-0.000125911,-0.000124191,-0.000121901,-0.0001191,-0.000115862,-0.000112278,-0.000108464,-0.000104557,-0.000100722,-9.71413e-05,-9.40076e-05,-9.14835e-05,-9.14835e-05
2.95861e-05,2.95861e-05,2.9367e-05,2.91527e-05,2.89478e-05,2.87445e-05,2.85334e-05,2.83045e-05,2.80466e-05,2.77476e-05,2.73945e-05,2.69733e-05,2.64687e-05,2.58643e-05,2.51423e-05,2.42835e-05,2.32675e-05,2.20722e-05,2.06746e-05,1.90504e-05,1.71746e-05,1.50223e-05,1.25685e-05,9.78911e-06,6.66154e-06,3.16535e-06,-7.16427e-07,-4.99482e-06,-9.67605e-06,-1.47585e-05,-2.0235e-05,-2.60891e-05,-3.22948e-05,-3.88131e-05,-4.55959e-05,-5.26034e-05,-5.97602e-05,-6.69896e-05,-7.42105e-05,-8.13413e-05,-8.82831e-05,-9.49415e-05,-0.000101226,-0.000107049,-0.000112327,-0.000116983,-0.000120958,-0.000124202,-0.000126676,-0.000128374,-0.000129341,-0.000129585,-0.000129124,-0.000127987,-0.000126213,-0.000123854,-0.000120973,-0.000117655,-0.000114001,-0.000110139,-0.000106226,-0.000102445,-9.90015e-05,-9.61096e-05,-9.39517e-05,-9.39517e-05
3.05862e-05,3.05862e-05,3.02952e-05,3.00201e-05,2.97648e-05,2.95204e-05,2.92771e-05,2.9024e-05,2.87494e-05,2.84409e-05,2.80851e-05,2.76677e-05,2.71732e-05,2.65849e-05,2.58848e-05,2.50533e-05,2.40695e-05,2.29111e-05,2.15541e-05,1.99737e-05,1.81441e-05,1.60387e-05,1.36314e-05,1.08963e-05,7.80903e-06,4.34728e-06,4.92275e-07,-3.77e-06,-8.44801e-06,-1.35433e-05,-1.90502e-05,-2.49535e-05,-3.12283e-05,-3.78378e-05,-4.47338e-05,-5.18555e-05,-5.9148e-05,-6.65301e-05,-7.39128e-05,-8.12352e-05,-8.83718e-05,-9.52264e-05,-0.000101708,-0.00010773,-0.000113194,-0.000118021,-0.000122146,-0.000125518,-0.000128093,-0.000129838,-0.000130822,-0.000131055,-0.000130555,-0.000129354,-0.000127494,-0.00012503,-0.000122036,-0.000118602,-0.000114845,-0.000110908,-0.000106965,-0.000103223,-9.99102e-05,-9.72627e-05,-9.54839e-05,-9.54839e-05
3.15525e-05,3.15525e-05,3.11913e-05,3.08573e-05,3.05536e-05,3.02704e-05,2.99969e-05,2.97218e-05,2.94331e-05,2.91177e-05,2.87622e-05,2.8352e-05,2.78715e-05,2.73037e-05,2.66306e-05,2.58324e-05,2.48879e-05,2.37744e-05,2.24677e-05,2.09421e-05,1.9171e-05,1.7127e-05,1.47825e-05,1.21101e-05,9.08362e-06,5.67898e-06,1.87518e-06,-2.34436e-06,-6.99071e-06,-1.20682e-05,-1.75731e-05,-2.34928e-05,-2.98038e-05,-3.64717e-05,-4.34501e-05,-5.06815e-05,-5.81007e-05,-6.56273e-05,-7.31692e-05,-8.06204e-05,-8.79142e-05,-9.49371e-05,-0.000101587,-0.000107803,-0.000113437,-0.000118415,-0.000122674,-0.000126162,-0.000128821,-0.000130591,-0.000131567,-0.000131759,-0.000131188,-0.000129889,-0.000127904,-0.000125296,-0.000122147,-0.000118559,-0.000114663,-0.000110619,-0.000106623,-0.000102903,-9.97143e-05,-9.73157e-05,-9.59308e-05,-9.59308e-05
3.24723e-05,3.24723e-05,3.20437e-05,3.16536e-05,3.13041e-05,3.09844e-05,3.06833e-05,3.03887e-05,3.00881e-05,2.97685e-05,2.94161e-05,2.90161e-05,2.8553e-05,2.80098e-05,2.73683e-05,2.66089e-05,2.57102e-05,2.46494e-05,2.3402e-05,2.19419e-05,2.02418e-05,1.82735e-05,1.60082e-05,1.34172e-05,1.04728e-05,7.14893e-06,3.42241e-06,-7.2582e-07,-5.30949e-06,-1.03357e-05,-1.58034e-05,-2.17025e-05,-2.80121e-05,-3.46999e-05,-4.17215e-05,-4.90207e-05,-5.65296e-05,-6.41679e-05,-7.18442e-05,-7.94591e-05,-8.69168e-05,-9.41073e-05,-0.000100917,-0.00010722,-0.000112976,-0.000118076,-0.000122439,-0.000126035,-0.000128762,-0.000130528,-0.000131462,-0.000131577,-0.000130898,-0.000129461,-0.000127308,-0.00012451,-0.00012116,-0.000117373,-0.000113298,-0.000109116,-0.000105038,-0.00010132,-9.82517e-05,-9.60999e-05,-9.51345e-05,-9.51345e-05
3.33328e-05,3.33328e-05,3.28408e-05,3.23982e-05,3.2006e-05,3.16529e-05,3.13267e-05,3.1015e-05,3.07051e-05,3.03835e-05,3.00366e-05,2.96495e-05,2.92067e-05,2.86915e-05,2.80858e-05,2.737e-05,2.65231e-05,2.5522e-05,2.43422e-05,2.29576e-05,2.13403e-05,1.94616e-05,1.72917e-05,1.48009e-05,1.196e-05,8.74107e-06,5.11892e-06,1.07204e-06,-3.41598e-06,-8.35509e-06,-1.37473e-05,-1.95854e-05,-2.58512e-05,-3.25153e-05,-3.95354e-05,-4.68567e-05,-5.44115e-05,-6.21195e-05,-6.98891e-05,-7.762e-05,-8.52066e-05,-9.2536e-05,-9.94923e-05,-0.000105962,-0.000111855,-0.000117069,-0.000121515,-0.000125101,-0.000127822,-0.000129541,-0.00013039,-0.000130385,-0.000129554,-0.000127943,-0.000125568,-0.000122526,-0.000118921,-0.000114885,-0.000110584,-0.000106231,-0.000102043,-9.82962e-05,-9.53121e-05,-9.34402e-05,-9.29423e-05,-9.29423e-05
3.41216e-05,3.41216e-05,3.35713e-05,3.30806e-05,3.26497e-05,3.22663e-05,3.19179e-05,3.15917e-05,3.12745e-05,3.09532e-05,3.06137e-05,3.02416e-05,2.98216e-05,2.93371e-05,2.87704e-05,2.81023e-05,2.73119e-05,2.63766e-05,2.52719e-05,2.39717e-05,2.24482e-05,2.06721e-05,1.86131e-05,1.62407e-05,1.35243e-05,1.04346e-05,6.94425e-06,3.0296e-06,-1.32849e-06,-6.14287e-06,-1.14187e-05,-1.7152e-05,-2.33279e-05,-2.99198e-05,-3.68884e-05,-4.41808e-05,-5.17307e-05,-5.94583e-05,-6.72718e-05,-7.50692e-05,-8.27401e-05,-9.01681e-05,-9.72338e-05,-0.00010382,-0.000109817,-0.000115122,-0.000119638,-0.000123287,-0.000126028,-0.000127679,-0.000128401,-0.000128212,-0.000127137,-0.000125212,-0.00012254,-0.000119191,-0.000115272,-0.000110927,-0.000106336,-0.000101714,-9.7364e-05,-9.36125e-05,-9.07962e-05,-8.9249e-05,-8.92277e-05,-8.92277e-05
3.48273e-05,3.48273e-05,3.42249e-05,3.36913e-05,3.32259e-05,3.2816e-05,3.24484e-05,3.211e-05,3.17877e-05,3.14682e-05,3.11378e-05,3.07823e-05,3.03866e-05,2.99347e-05,2.94094e-05,2.87919e-05,2.80618e-05,2.71971e-05,2.61736e-05,2.49655e-05,2.35452e-05,2.18835e-05,1.99497e-05,1.77126e-05,1.51408e-05,1.22038e-05,8.87244e-06,5.12094e-06,9.27649e-07,-3.72321e-06,-8.84002e-06,-1.44222e-05,-2.04584e-05,-2.69257e-05,-3.37879e-05,-4.09948e-05,-4.84823e-05,-5.61719e-05,-6.39721e-05,-7.17796e-05,-7.94814e-05,-8.69573e-05,-9.40834e-05,-0.000100736,-0.000106796,-0.000112152,-0.000116701,-0.00012036,-0.000123069,-0.000124666,-0.000125204,-0.000124784,-0.000123431,-0.000121195,-0.000118155,-0.00011441,-0.000110085,-0.000105349,-0.000100412,-9.55327e-05,-9.10322e-05,-8.72651e-05,-8.45979e-05,-8.33714e-05,-8.38445e-05,-8.38445e-05
3.54392e-05,3.54392e-05,3.47919e-05,3.42214e-05,3.37266e-05,3.3294e-05,3.29102e-05,3.25621e-05,3.22364e-05,3.19201e-05,3.15998e-05,3.12617e-05,3.08912e-05,3.04729e-05,2.99902e-05,2.9425e-05,2.87577e-05,2.79668e-05,2.7029e-05,2.59191e-05,2.46098e-05,2.30722e-05,2.1276e-05,1.91895e-05,1.67808e-05,1.40185e-05,1.08721e-05,7.31382e-06,3.31983e-06,-1.12849e-06,-6.04273e-06,-1.14258e-05,-1.72703e-05,-2.35571e-05,-3.02535e-05,-3.73131e-05,-4.46745e-05,-5.22613e-05,-5.9983e-05,-6.77362e-05,-7.5406e-05,-8.28692e-05,-8.99972e-05,-9.66601e-05,-0.00010273,-0.000108087,-0.00011262,-0.000116233,-0.000118849,-0.000120394,-0.000120687,-0.000119979,-0.000118288,-0.000115667,-0.0001122,-0.000108,-0.000103214,-9.80375e-05,-9.27116e-05,-8.75333e-05,-8.28521e-05,-7.90531e-05,-7.65278e-05,-7.56303e-05,-7.66255e-05,-7.66255e-05
3.59481e-05,3.59481e-05,3.52643e-05,3.46637e-05,3.41447e-05,3.36936e-05,3.32968e-05,3.29411e-05,3.26136e-05,3.23015e-05,3.19918e-05,3.16712e-05,3.13258e-05,3.0941e-05,3.05009e-05,2.99883e-05,2.93845e-05,2.86691e-05,2.78197e-05,2.68118e-05,2.56191e-05,2.42134e-05,2.25647e-05,2.06416e-05,1.84122e-05,1.58442e-05,1.29066e-05,9.56987e-06,5.80824e-06,1.60055e-06,-3.06787e-06,-8.20347e-06,-1.38028e-05,-1.98506e-05,-2.63188e-05,-3.31648e-05,-4.03307e-05,-4.77432e-05,-5.53138e-05,-6.29396e-05,-7.05052e-05,-7.7885e-05,-8.49462e-05,-9.1553e-05,-9.75702e-05,-0.000102868,-0.000107327,-0.000110842,-0.000113325,-0.000114709,-0.000114733,-0.000113682,-0.000111585,-0.000108505,-0.000104536,-9.98078e-05,-9.44923e-05,-8.88112e-05,-8.30412e-05,-7.75156e-05,-7.2619e-05,-6.87692e-05,-6.63835e-05,-6.58311e-05,-6.73841e-05,-6.73841e-05
3.63466e-05,3.63466e-05,3.56353e-05,3.5012e-05,3.44747e-05,3.40095e-05,3.36028e-05,3.32418e-05,3.29136e-05,3.26061e-05,3.23068e-05,3.20031e-05,3.16818e-05,3.13293e-05,3.09305e-05,3.04694e-05,2.99284e-05,2.92881e-05,2.85275e-05,2.76233e-05,2.65503e-05,2.52813e-05,2.37871e-05,2.20372e-05,1.99999e-05,1.7643e-05,1.49348e-05,1.1845e-05,8.34615e-06,4.41494e-06,3.39303e-08,-4.80671e-06,-1.01074e-05,-1.58572e-05,-2.20325e-05,-2.85952e-05,-3.54918e-05,-4.26528e-05,-4.99924e-05,-5.74097e-05,-6.47896e-05,-7.2005e-05,-7.892e-05,-8.53934e-05,-9.12831e-05,-9.64507e-05,-0.000100767,-0.000104117,-0.000106407,-0.00010757,-0.000107267,-0.000105797,-0.000103212,-9.95867e-05,-9.50275e-05,-8.96835e-05,-8.37526e-05,-7.7488e-05,-7.12033e-05,-6.52718e-05,-6.01176e-05,-5.61941e-05,-5.39467e-05,-5.37607e-05,-5.5915e-05,-5.5915e-05
3.66292e-05,3.66292e-05,3.59004e-05,3.52622e-05,3.47127e-05,3.42379e-05,3.38246e-05,3.346e-05,3.31322e-05,3.28293e-05,3.25396e-05,3.22513e-05,3.19522e-05,3.16296e-05,3.12695e-05,3.08572e-05,3.03763e-05,2.9809e-05,2.91354e-05,2.83339e-05,2.73807e-05,2.625e-05,2.49141e-05,2.33435e-05,2.15073e-05,1.9374e-05,1.69118e-05,1.40902e-05,1.08806e-05,7.25807e-06,3.20281e-06,-1.29802e-06,-6.24851e-06,-1.16421e-05,-1.74596e-05,-2.36679e-05,-3.02184e-05,-3.70461e-05,-4.40691e-05,-5.11894e-05,-5.82931e-05,-6.52531e-05,-7.19314e-05,-7.81824e-05,-8.38575e-05,-8.88101e-05,-9.2901e-05,-9.60051e-05,-9.80191e-05,-9.8875e-05,-9.82311e-05,-9.624e-05,-9.30697e-05,-8.8798e-05,-8.3545e-05,-7.74804e-05,-7.08305e-05,-6.38842e-05,-5.69964e-05,-5.05851e-05,-4.51194e-05,-4.10925e-05,-3.89806e-05,-3.91862e-05,-4.19936e-05,-4.19936e-05
3.67927e-05,3.67927e-05,3.60569e-05,3.54121e-05,3.48567e-05,3.4377e-05,3.39601e-05,3.35938e-05,3.32668e-05,3.2968e-05,3.26866e-05,3.24115e-05,3.21318e-05,3.18355e-05,3.15103e-05,3.11425e-05,3.07174e-05,3.02184e-05,2.96277e-05,2.89251e-05,2.80889e-05,2.70948e-05,2.5917e-05,2.45275e-05,2.28969e-05,2.09948e-05,1.87902e-05,1.62527e-05,1.33535e-05,1.00666e-05,6.37049e-06,2.24978e-06,-2.30286e-06,-7.28482e-06,-1.26816e-05,-1.84651e-05,-2.45919e-05,-3.10021e-05,-3.76187e-05,-4.43473e-05,-5.1077e-05,-5.76815e-05,-6.40218e-05,-6.99493e-05,-7.53099e-05,-7.99489e-05,-8.37171e-05,-8.64763e-05,-8.81058e-05,-8.85027e-05,-8.75616e-05,-8.49339e-05,-8.107e-05,-7.60376e-05,-6.99697e-05,-6.3059e-05,-5.55641e-05,-4.78144e-05,-4.02121e-05,-3.32267e-05,-2.73787e-05,-2.32076e-05,-2.12244e-05,-2.18503e-05,-2.53728e-05,-2.53728e-05
3.68364e-05,3.68364e-05,3.61044e-05,3.54617e-05,3.49069e-05,3.44269e-05,3.40093e-05,3.36429e-05,3.3317e-05,3.30214e-05,3.27462e-05,3.24815e-05,3.22173e-05,3.19429e-05,3.16473e-05,3.13183e-05,3.09426e-05,3.05055e-05,2.9991e-05,2.93809e-05,2.86553e-05,2.77925e-05,2.67684e-05,2.55573e-05,2.41317e-05,2.24628e-05,2.05213e-05,1.82776e-05,1.57032e-05,1.27721e-05,9.4617e-06,5.75486e-06,1.6416e-06,-2.87898e-06,-7.79666e-06,-1.30882e-05,-1.87155e-05,-2.46244e-05,-3.0743e-05,-3.69818e-05,-4.32337e-05,-4.93748e-05,-5.52664e-05,-6.07581e-05,-6.56914e-05,-6.99046e-05,-7.32389e-05,-7.55444e-05,-7.66877e-05,-7.65587e-05,-7.50797e-05,-7.18075e-05,-6.71452e-05,-6.12224e-05,-5.41973e-05,-4.62905e-05,-3.77968e-05,-2.90922e-05,-2.06338e-05,-1.29517e-05,-6.62718e-06,-2.2547e-06,-3.8649e-07,-1.46455e-06,-5.77791e-06,-5.77791e-06
3.67622e-05,3.67622e-05,3.60452e-05,3.54132e-05,3.48655e-05,3.43897e-05,3.39743e-05,3.36091e-05,3.32842e-05,3.29904e-05,3.2719e-05,3.2461e-05,3.22077e-05,3.19497e-05,3.16773e-05,3.13798e-05,3.10457e-05,3.0662e-05,3.02146e-05,2.96877e-05,2.90635e-05,2.83226e-05,2.74436e-05,2.64032e-05,2.51764e-05,2.37368e-05,2.2057e-05,2.01093e-05,1.78664e-05,1.53029e-05,1.23963e-05,9.12836e-06,5.48743e-06,1.46986e-06,-2.91778e-06,-7.65674e-06,-1.27141e-05,-1.80412e-05,-2.35721e-05,-2.92226e-05,-3.48903e-05,-4.04549e-05,-4.57795e-05,-5.07133e-05,-5.50948e-05,-5.87565e-05,-6.15309e-05,-6.32571e-05,-6.37902e-05,-6.30126e-05,-6.08571e-05,-5.69061e-05,-5.12695e-05,-4.42964e-05,-3.6145e-05,-2.70611e-05,-1.738e-05,-7.5307e-06,1.96508e-06,1.05049e-05,1.74334e-05,2.20885e-05,2.38669e-05,2.23009e-05,1.71021e-05,1.71021e-05
3.6575e-05,3.6575e-05,3.5884e-05,3.52712e-05,3.47369e-05,3.42696e-05,3.38592e-05,3.34961e-05,3.31718e-05,3.28781e-05,3.26074e-05,3.23521e-05,3.21044e-05,3.18564e-05,3.15997e-05,3.13253e-05,3.10233e-05,3.06826e-05,3.02912e-05,2.98354e-05,2.93001e-05,2.86683e-05,2.79215e-05,2.70393e-05,2.59995e-05,2.47786e-05,2.33519e-05,2.16943e-05,1.97806e-05,1.7587e-05,1.50919e-05,1.22772e-05,9.1306e-06,5.64666e-06,1.82925e-06,-2.3066e-06,-6.73258e-06,-1.14053e-05,-1.62645e-05,-2.12318e-05,-2.62103e-05,-3.10842e-05,-3.57195e-05,-3.99665e-05,-4.36621e-05,-4.66344e-05,-4.8708e-05,-4.97114e-05,-4.94849e-05,-4.78902e-05,-4.4814e-05,-4.01385e-05,-3.34231e-05,-2.5232e-05,-1.57578e-05,-5.27958e-06,5.82164e-06,1.70554e-05,2.78232e-05,3.74346e-05,4.51414e-05,5.01954e-05,5.19266e-05,4.98329e-05,4.36275e-05,4.36275e-05
3.62822e-05,3.62822e-05,3.56278e-05,3.50425e-05,3.45276e-05,3.40731e-05,3.36698e-05,3.33096e-05,3.29852e-05,3.26896e-05,3.24162e-05,3.21588e-05,3.19108e-05,3.16657e-05,3.14165e-05,3.11557e-05,3.0875e-05,3.05655e-05,3.02169e-05,2.98181e-05,2.93563e-05,2.88175e-05,2.81859e-05,2.74444e-05,2.65742e-05,2.55549e-05,2.43653e-05,2.29834e-05,2.13871e-05,1.95549e-05,1.74674e-05,1.51078e-05,1.24642e-05,9.53079e-06,6.30982e-06,2.81379e-06,-9.32661e-07,-4.89064e-06,-9.00517e-06,-1.32036e-05,-1.73946e-05,-2.14673e-05,-2.52919e-05,-2.87209e-05,-3.1591e-05,-3.3727e-05,-3.49473e-05,-3.50701e-05,-3.39224e-05,-3.13513e-05,-2.72398e-05,-2.1543e-05,-1.36792e-05,-4.0559e-06,6.97721e-06,1.91131e-05,3.19226e-05,4.48455e-05,5.71919e-05,6.81619e-05,7.68886e-05,8.25096e-05,8.42633e-05,8.15977e-05,7.42263e-05,7.42263e-05
3.58941e-05,3.58941e-05,3.52866e-05,3.47364e-05,3.42465e-05,3.38083e-05,3.34142e-05,3.30573e-05,3.27316e-05,3.24316e-05,3.21519e-05,3.18873e-05,3.16328e-05,3.1383e-05,3.11323e-05,3.08748e-05,3.06038e-05,3.03122e-05,2.99918e-05,2.96338e-05,2.92279e-05,2.87629e-05,2.82261e-05,2.76036e-05,2.68802e-05,2.60392e-05,2.50633e-05,2.39342e-05,2.26335e-05,2.11432e-05,1.94468e-05,1.75303e-05,1.53833e-05,1.30011e-05,1.03858e-05,7.54868e-06,4.51222e-06,1.31192e-06,-2.00151e-06,-5.36039e-06,-8.67858e-06,-1.18505e-05,-1.47507e-05,-1.72347e-05,-1.91401e-05,-2.029e-05,-2.04971e-05,-1.95703e-05,-1.7323e-05,-1.35838e-05,-8.20915e-06,-1.09102e-06,7.87984e-06,1.91502e-05,3.20181e-05,4.61288e-05,6.10038e-05,7.60051e-05,9.03335e-05,0.000103052,0.000113138,0.000119572,0.000121461,0.000118176,0.000109424,0.000109424
3.54239e-05,3.54239e-05,3.48723e-05,3.43642e-05,3.39042e-05,3.34855e-05,3.31019e-05,3.27483e-05,3.242e-05,3.21128e-05,3.18226e-05,3.15457e-05,3.1278e-05,3.10155e-05,3.07541e-05,3.04891e-05,3.02155e-05,2.99278e-05,2.962e-05,2.92852e-05,2.89158e-05,2.85031e-05,2.80376e-05,2.75088e-05,2.69049e-05,2.62135e-05,2.5421e-05,2.45136e-05,2.34772e-05,2.2298e-05,2.09635e-05,1.94634e-05,1.77904e-05,1.5942e-05,1.3922e-05,1.17421e-05,9.42431e-06,7.00231e-06,4.52408e-06,2.05364e-06,-3.27172e-07,-2.51729e-06,-4.39553e-06,-5.82049e-06,-6.63137e-06,-6.65007e-06,-5.68478e-06,-3.53556e-06,-2.2699e-09,5.10464e-06,1.19494e-05,2.06494e-05,3.12301e-05,4.41976e-05,5.92438e-05,7.57095e-05,9.30921e-05,0.00011067,0.000127516,0.000142517,0.000154444,0.000162057,0.000164266,0.000160313,0.000149885,0.000149885
3.48871e-05,3.48871e-05,3.43995e-05,3.39393e-05,3.35132e-05,3.31163e-05,3.27441e-05,3.23932e-05,3.20604e-05,3.1743e-05,3.14381e-05,3.11433e-05,3.08557e-05,3.05726e-05,3.0291e-05,3.00076e-05,2.97188e-05,2.94209e-05,2.91093e-05,2.87795e-05,2.84258e-05,2.80425e-05,2.76228e-05,2.71594e-05,2.66443e-05,2.60689e-05,2.5424e-05,2.47002e-05,2.3888e-05,2.29788e-05,2.19646e-05,2.08397e-05,1.96012e-05,1.82504e-05,1.67942e-05,1.52467e-05,1.36309e-05,1.19811e-05,1.03443e-05,8.78263e-06,7.37542e-06,6.22053e-06,5.43594e-06,5.16047e-06,5.55365e-06,6.79464e-06,9.07959e-06,1.26171e-05,1.76215e-05,2.43022e-05,3.28506e-05,4.34211e-05,5.61124e-05,7.09822e-05,8.8444e-05,0.000107693,0.000128125,0.000148919,0.000168993,0.000187019,0.000201484,0.000210831,0.000213665,0.000209006,0.000196483,0.000196483
3.43019e-05,3.43019e-05,3.38847e-05,3.34769e-05,3.30876e-05,3.27138e-05,3.23531e-05,3.20037e-05,3.16642e-05,3.13331e-05,3.10091e-05,3.06908e-05,3.03766e-05,3.00649e-05,2.97538e-05,2.94413e-05,2.91251e-05,2.88026e-05,2.84712e-05,2.81278e-05,2.77691e-05,2.73914e-05,2.69908e-05,2.65631e-05,2.61035e-05,2.56074e-05,2.50697e-05,2.44856e-05,2.38506e-05,2.3161e-05,2.24144e-05,2.16102e-05,2.0751e-05,1.98429e-05,1.88976e-05,1.7933e-05,1.69756e-05,1.60618e-05,1.52402e-05,1.45734e-05,1.41402e-05,1.40374e-05,1.43817e-05,1.53108e-05,1.69841e-05,1.95826e-05,2.33074e-05,2.83767e-05,3.50197e-05,4.34685e-05,5.39449e-05,6.66412e-05,8.16948e-05,9.91446e-05,0.000119146,0.000141742,0.000165895,0.000190718,0.00021497,0.000237053,0.000255078,0.000267019,0.000270996,0.000265637,0.000250413,0.000250413
3.36886e-05,3.36886e-05,3.33463e-05,3.29938e-05,3.26426e-05,3.22921e-05,3.1942e-05,3.15923e-05,3.12432e-05,3.08948e-05,3.0547e-05,3.01997e-05,2.98523e-05,2.95044e-05,2.91549e-05,2.8803e-05,2.84475e-05,2.80869e-05,2.772e-05,2.73451e-05,2.69608e-05,2.65654e-05,2.61573e-05,2.57348e-05,2.52966e-05,2.48413e-05,2.43678e-05,2.38758e-05,2.33656e-05,2.28386e-05,2.22978e-05,2.17487e-05,2.11996e-05,2.06625e-05,2.01548e-05,1.97001e-05,1.93298e-05,1.90848e-05,1.90172e-05,1.91928e-05,1.96924e-05,2.06144e-05,2.20765e-05,2.42178e-05,2.71997e-05,3.12068e-05,3.64469e-05,4.31491e-05,5.15599e-05,6.19371e-05,7.45381e-05,8.96031e-05,0.000107329,0.000127831,0.000151093,0.000177321,0.000205978,0.000235841,0.000265521,0.000293109,0.000316209,0.000332109,0.000338138,0.000332204,0.000313391,0.000313391
3.30696e-05,3.30696e-05,3.28045e-05,3.2508e-05,3.21946e-05,3.18661e-05,3.15245e-05,3.11717e-05,3.08096e-05,3.04398e-05,3.00634e-05,2.96815e-05,2.92947e-05,2.89033e-05,2.85073e-05,2.81066e-05,2.77008e-05,2.72896e-05,2.68727e-05,2.64497e-05,2.60204e-05,2.55849e-05,2.51434e-05,2.46968e-05,2.4246e-05,2.37929e-05,2.33401e-05,2.28909e-05,2.24503e-05,2.20245e-05,2.16222e-05,2.12543e-05,2.09353e-05,2.06837e-05,2.05235e-05,2.04846e-05,2.06049e-05,2.09314e-05,2.1522e-05,2.24478e-05,2.37943e-05,2.56643e-05,2.81797e-05,3.14834e-05,3.57418e-05,4.11459e-05,4.79126e-05,5.62845e-05,6.65286e-05,7.89319e-05,9.37942e-05,0.000111414,0.000132067,0.00015597,0.000183228,0.000213765,0.000247606,0.000283724,0.000320447,0.000355548,0.000385992,0.000408063,0.000417794,0.000411742,0.000388035,0.000388035
3.24692e-05,3.24692e-05,3.22805e-05,3.20383e-05,3.17604e-05,3.14511e-05,3.11146e-05,3.0755e-05,3.03757e-05,2.99798e-05,2.95699e-05,2.91481e-05,2.87159e-05,2.82744e-05,2.78244e-05,2.73664e-05,2.69008e-05,2.64278e-05,2.59479e-05,2.54617e-05,2.49699e-05,2.44739e-05,2.39753e-05,2.34768e-05,2.29814e-05,2.24936e-05,2.20188e-05,2.15639e-05,2.11376e-05,2.07507e-05,2.04165e-05,2.01516e-05,1.99764e-05,1.99158e-05,2.00003e-05,2.0267e-05,2.07607e-05,2.1536e-05,2.2658e-05,2.42047e-05,2.62689e-05,2.89601e-05,3.2407e-05,3.676e-05,4.21932e-05,4.89072e-05,5.71311e-05,6.71241e-05,7.91767e-05,9.36099e-05,0.000110772,0.00013103,0.000154756,0.000182296,0.000213924,0.00024976,0.000289634,0.00033325,0.000379015,0.000424357,0.000465527,0.000497415,0.000513941,0.000509105,0.000478696,0.000478696
3.19133e-05,3.19133e-05,3.17967e-05,3.16043e-05,3.1357e-05,3.10621e-05,3.07259e-05,3.03545e-05,2.9953e-05,2.95261e-05,2.90775e-05,2.86105e-05,2.81273e-05,2.76298e-05,2.71194e-05,2.65969e-05,2.60632e-05,2.55191e-05,2.49653e-05,2.44029e-05,2.38334e-05,2.3259e-05,2.26822e-05,2.2107e-05,2.1538e-05,2.09815e-05,2.04452e-05,1.99387e-05,1.94738e-05,1.9065e-05,1.873e-05,1.84899e-05,1.83704e-05,1.84023e-05,1.86224e-05,1.90746e-05,1.98112e-05,2.08942e-05,2.23966e-05,2.44049e-05,2.70201e-05,3.03605e-05,3.45641e-05,3.97906e-05,4.6225e-05,5.40802e-05,6.36004e-05,7.50645e-05,8.87896e-05,0.000105134,0.000124498,0.000147328,0.000174104,0.000205331,0.000241502,0.000283033,0.00033013,0.000382571,0.000439551,0.00049865,0.000555477,0.000603206,0.000632472,0.000632484,0.000593437,0.000593437
3.14288e-05,3.14288e-05,3.13756e-05,3.1225e-05,3.10013e-05,3.0714e-05,3.03717e-05,2.99823e-05,2.95527e-05,2.90891e-05,2.85965e-05,2.80791e-05,2.75399e-05,2.69813e-05,2.6405e-05,2.58122e-05,2.52039e-05,2.4581e-05,2.39444e-05,2.32955e-05,2.26358e-05,2.1968e-05,2.12953e-05,2.06221e-05,1.99543e-05,1.92992e-05,1.86661e-05,1.80667e-05,1.7515e-05,1.70283e-05,1.66276e-05,1.63378e-05,1.6189e-05,1.62167e-05,1.64635e-05,1.69792e-05,1.78227e-05,1.90632e-05,2.07817e-05,2.30727e-05,2.60462e-05,2.98298e-05,3.45716e-05,4.04425e-05,4.76396e-05,5.63901e-05,6.69551e-05,7.96348e-05,9.47745e-05,0.000112771,0.000134079,0.000159224,0.000188804,0.000223497,0.000264058,0.000311284,0.000365936,0.000428542,0.000498996,0.000575812,0.000655052,0.000728352,0.00078186,0.000796269,0.00074904,0.00074904
3.10424e-05,3.10424e-05,3.10387e-05,3.09189e-05,3.07094e-05,3.0421e-05,3.00644e-05,2.96493e-05,2.91847e-05,2.86781e-05,2.8136e-05,2.75631e-05,2.69633e-05,2.63393e-05,2.56929e-05,2.50254e-05,2.43377e-05,2.36304e-05,2.29044e-05,2.21609e-05,2.14015e-05,2.06286e-05,1.98456e-05,1.90572e-05,1.82696e-05,1.74908e-05,1.67311e-05,1.60031e-05,1.53225e-05,1.47084e-05,1.41841e-05,1.37772e-05,1.3521e-05,1.34549e-05,1.36255e-05,1.40876e-05,1.49056e-05,1.61548e-05,1.79227e-05,2.03113e-05,2.34387e-05,2.74412e-05,3.24767e-05,3.87267e-05,4.64006e-05,5.57394e-05,6.70212e-05,8.05669e-05,9.67487e-05,0.000115999,0.000138826,0.000165825,0.000197708,0.000235323,0.000279693,0.000332043,0.000393812,0.000466594,0.00055188,0.000650344,0.000759958,0.000873411,0.000972796,0.00102584,0.000983353,0.000983353
3.07773e-05,3.07773e-05,3.08045e-05,3.07028e-05,3.04963e-05,3.01965e-05,2.98156e-05,2.93657e-05,2.88578e-05,2.83013e-05,2.77036e-05,2.70704e-05,2.6406e-05,2.57131e-05,2.49936e-05,2.42483e-05,2.34779e-05,2.26827e-05,2.1863e-05,2.10195e-05,2.01535e-05,1.92669e-05,1.83628e-05,1.74458e-05,1.6522e-05,1.55994e-05,1.46885e-05,1.38025e-05,1.29578e-05,1.21744e-05,1.14768e-05,1.08944e-05,1.04626e-05,1.0223e-05,1.02253e-05,1.05277e-05,1.11985e-05,1.23172e-05,1.39768e-05,1.62845e-05,1.93649e-05,2.33615e-05,2.84397e-05,3.47901e-05,4.26319e-05,5.2218e-05,6.38399e-05,7.78359e-05,9.45995e-05,0.000114593,0.000138363,0.000166567,0.000200005,0.000239667,0.000286808,0.000343043,0.000410491,0.000491945,0.000591007,0.000711948,0.000858538,0.0010301,0.00121262,0.001362,0.00138191,0.00138191
3.06452e-05,3.06452e-05,3.06861e-05,3.05915e-05,3.03767e-05,3.00531e-05,2.96357e-05,2.91399e-05,2.85793e-05,2.79649e-05,2.73055e-05,2.66073e-05,2.58747e-05,2.51104e-05,2.43158e-05,2.34912e-05,2.26367e-05,2.17517e-05,2.0836e-05,1.98894e-05,1.89124e-05,1.79064e-05,1.68738e-05,1.58184e-05,1.47459e-05,1.36639e-05,1.25825e-05,1.15148e-05,1.04772e-05,9.48992e-06,8.57783e-06,7.77099e-06,7.10555e-06,6.62455e-06,6.37904e-06,6.42915e-06,6.8454e-06,7.71013e-06,9.11913e-06,1.11835e-05,1.40315e-05,1.78112e-05,2.26932e-05,2.88735e-05,3.65777e-05,4.60655e-05,5.76369e-05,7.16398e-05,8.848e-05,0.000108636,0.000132676,0.000161291,0.000195332,0.000235874,0.000284318,0.000342547,0.000413186,0.000500028,0.00060872,0.000747767,0.000929643,0.00117056,0.00148331,0.00184606,0.00212132,0.00212132
3.06211e-05,3.06211e-05,3.06834e-05,3.05937e-05,3.03595e-05,2.9997e-05,2.9528e-05,2.89727e-05,2.83481e-05,2.76672e-05,2.69397e-05,2.61722e-05,2.53687e-05,2.45314e-05,2.3661e-05,2.27571e-05,2.18186e-05,2.0844e-05,1.98319e-05,1.87813e-05,1.76915e-05,1.65629e-05,1.53968e-05,1.41963e-05,1.29659e-05,1.17126e-05,1.04455e-05,9.17714e-06,7.9231e-06,6.70319e-06,5.54184e-06,4.46884e-06,3.52019e-06,2.73902e-06,2.1766e-06,1.89351e-06,1.96096e-06,2.46219e-06,3.49412e-06,5.16915e-06,7.61719e-06,1.0988e-05,1.54538e-05,2.12124e-05,2.84912e-05,3.75512e-05,4.86933e-05,6.22657e-05,7.86735e-05,9.83926e-05,0.000121989,0.000150148,0.000183714,0.00022376,0.000271692,0.000329431,0.00039974,0.00048682,0.000597457,0.000743214,0.000944501,0.00123767,0.0016868,0.00240408,0.00354085,0.00354085
3.06211e-05,3.06211e-05,3.06834e-05,3.05937e-05,3.03595e-05,2.9997e-05,2.9528e-05,2.89727e-05,2.83481e-05,2.76672e-05,2.69397e-05,2.61722e-05,2.53687e-05,2.45314e-05,2.3661e-05,2.27571e-05,2.18186e-05,2.0844e-05,1.98319e-05,1.87813e-05,1.76915e-05,1.65629e-05,1.53968e-05,1.41963e-05,1.29659e-05,1.17126e-05,1.04455e-05,9.17714e-06,7.9231e-06,6.70319e-06,5.54184e-06,4.46884e-06,3.52019e-06,2.73902e-06,2.1766e-06,1.89351e-06,1.96096e-06,2.46219e-06,3.49412e-06,5.16915e-06,7.61719e-06,1.0988e-05,1.54538e-05,2.12124e-05,2.84912e-05,3.75512e-05,4.86933e-05,6.22657e-05,7.86735e-05,9.83926e-05,0.000121989,0.000150148,0.000183714,0.00022376,0.000271692,0.000329431,0.00039974,0.00048682,0.000597457,0.000743214,0.000944501,0.00123767,0.0016868,0.00240408,0.00354085,0
