2.4926e-05,2.4926e-05,2.50183e-05,2.52404e-05,2.55848e-05,2.60176e-05,2.65045e-05,2.70152e-05,2.75234e-05,2.80062e-05,2.84439e-05,2.88185e-05,2.91139e-05,2.93149e-05,2.94074e-05,2.93783e-05,2.9215e-05,2.89057e-05,2.84392e-05,2.78053e-05,2.69944e-05,2.59979e-05,2.48083e-05,2.34191e-05,2.18249e-05,2.00219e-05,1.80074e-05,1.57804e-05,1.3341e-05,1.06912e-05,7.8343e-06,4.77497e-06,1.5193e-06,-1.92542e-06,-5.55088e-06,-9.34798e-06,-1.33071e-05,-1.74184e-05,-2.16724e-05,-2.60601e-05,-3.05742e-05,-3.52091e-05,-3.99625e-05,-4.48361e-05,-4.98374e-05,-5.49815e-05,-6.02945e-05,-6.58168e-05,-7.16092e-05,-7.77607e-05,-8.44006e-05,-9.17162e-05,-9.99788e-05,-0.000109586,-0.000121124,-0.00013548,-0.000154025,-0.000178959,-0.000214005,-0.000265891,-0.000347832,-0.000487905,-0.000748123,-0.00125416,-0.00219767,-0
2.4926e-05,2.4926e-05,2.50183e-05,2.52404e-05,2.55848e-05,2.60176e-05,2.65045e-05,2.70152e-05,2.75234e-05,2.80062e-05,2.84439e-05,2.88185e-05,2.91139e-05,2.93149e-05,2.94074e-05,2.93783e-05,2.9215e-05,2.89057e-05,2.84392e-05,2.78053e-05,2.69944e-05,2.59979e-05,2.48083e-05,2.34191e-05,2.18249e-05,2.00219e-05,1.80074e-05,1.57804e-05,1.3341e-05,1.06912e-05,7.8343e-06,4.77497e-06,1.5193e-06,-1.92542e-06,-5.55088e-06,-9.34798e-06,-1.33071e-05,-1.74184e-05,-2.16724e-05,-2.60601e-05,-3.05742e-05,-3.52091e-05,-3.99625e-05,-4.48361e-05,-4.98374e-05,-5.49815e-05,-6.02945e-05,-6.58168e-05,-7.16092e-05,-7.77607e-05,-8.44006e-05,-9.17162e-05,-9.99788e-05,-0.000109586,-0.000121124,-0.00013548,-0.000154025,-0.000178959,-0.000214005,-0.000265891,-0.000347832,-0.000487905,-0.000748123,-0.00125416,-0.00219767,-0.00219767
2.49204e-05,2.49204e-05,2.49915e-05,2.51792e-05,2.54672e-05,2.58276e-05,2.6233e-05,2.66577e-05,2.70786e-05,2.74748e-05,2.78275e-05,2.81195e-05,2.83349e-05,2.84591e-05,2.84782e-05,2.83791e-05,2.81497e-05,2.77781e-05,2.72538e-05,2.65664e-05,2.57069e-05,2.46669e-05,2.34391e-05,2.20171e-05,2.03961e-05,1.8572e-05,1.65426e-05,1.43066e-05,1.18642e-05,9.2172e-06,6.36853e-06,3.32249e-06,8.45513e-08,-3.33878e-06,-6.94017e-06,-1.07117e-05,-1.46453e-05,-1.87328e-05,-2.29669e-05,-2.73412e-05,-3.18512e-05,-3.64952e-05,-4.1275e-05,-4.61978e-05,-5.12773e-05,-5.65367e-05,-6.20115e-05,-6.77541e-05,-7.384e-05,-8.03768e-05,-8.75167e-05,-9.54754e-05,-0.00010456,-0.000115211,-0.000128068,-0.000144076,-0.000164652,-0.000191981,-0.000229501,-0.000282706,-0.00036027,-0.000474654,-0.000638014,-0.000839119,-0.00102189,-0.00102189
2.47378e-05,2.47378e-05,2.48263e-05,2.50069e-05,2.52662e-05,2.55817e-05,2.5931e-05,2.62929e-05,2.66472e-05,2.69752e-05,2.72596e-05,2.74843e-05,2.76342e-05,2.76948e-05,2.76529e-05,2.74957e-05,2.72111e-05,2.67878e-05,2.62151e-05,2.54832e-05,2.45831e-05,2.35066e-05,2.22465e-05,2.07969e-05,1.91528e-05,1.73104e-05,1.52673e-05,1.30225e-05,1.05761e-05,7.92956e-06,5.08578e-06,2.04868e-06,-1.17668e-06,-4.58438e-06,-8.16777e-06,-1.19198e-05,-1.58335e-05,-1.99019e-05,-2.41192e-05,-2.84808e-05,-3.29845e-05,-3.76307e-05,-4.24243e-05,-4.73758e-05,-5.25027e-05,-5.78326e-05,-6.34059e-05,-6.92805e-05,-7.55375e-05,-8.22896e-05,-8.96932e-05,-9.7965e-05,-0.000107406,-0.000118436,-0.000131645,-0.000147866,-0.000168282,-0.000194561,-0.000229009,-0.000274619,-0.000334596,-0.000410176,-0.000493716,-0.000550688,-0.000544756,-0.000544756
2.4423e-05,2.4423e-05,2.45582e-05,2.47555e-05,2.5009e-05,2.53016e-05,2.56158e-05,2.59341e-05,2.62395e-05,2.65156e-05,2.67467e-05,2.69178e-05,2.70147e-05,2.70236e-05,2.69316e-05,2.67264e-05,2.63961e-05,2.59296e-05,2.53165e-05,2.4547e-05,2.36124e-05,2.25045e-05,2.12164e-05,1.97422e-05,1.80769e-05,1.62169e-05,1.41599e-05,1.19047e-05,9.45152e-06,6.80176e-06,3.95811e-06,9.2437e-07,-2.29466e-06,-5.69334e-06,-9.26547e-06,-1.30045e-05,-1.69039e-05,-2.09577e-05,-2.51606e-05,-2.95093e-05,-3.40023e-05,-3.86415e-05,-4.3433e-05,-4.83883e-05,-5.35264e-05,-5.88757e-05,-6.44767e-05,-7.03864e-05,-7.66829e-05,-8.34728e-05,-9.09001e-05,-9.91596e-05,-0.000108514,-0.000119317,-0.000132044,-0.000147326,-0.000165983,-0.000189031,-0.0002176,-0.000252586,-0.000293696,-0.000337153,-0.000370959,-0.000366949,-0.000323463,-0.000323463
2.40191e-05,2.40191e-05,2.42171e-05,2.44478e-05,2.47124e-05,2.49991e-05,2.52947e-05,2.55853e-05,2.58568e-05,2.60948e-05,2.62854e-05,2.64148e-05,2.64696e-05,2.64369e-05,2.63043e-05,2.60596e-05,2.56914e-05,2.51888e-05,2.45415e-05,2.37399e-05,2.27753e-05,2.16398e-05,2.03265e-05,1.88293e-05,1.71436e-05,1.52658e-05,1.31934e-05,1.09255e-05,8.46212e-06,5.80484e-06,2.95628e-06,-7.97532e-08,-3.2985e-06,-6.69437e-06,-1.02612e-05,-1.39926e-05,-1.78821e-05,-2.19237e-05,-2.61126e-05,-3.04452e-05,-3.49202e-05,-3.95393e-05,-4.43082e-05,-4.92378e-05,-5.43456e-05,-5.96574e-05,-6.521e-05,-7.1054e-05,-7.72577e-05,-8.39121e-05,-9.11376e-05,-9.90922e-05,-0.000107982,-0.000118071,-0.000129695,-0.000143262,-0.000159236,-0.000178068,-0.000200005,-0.00022466,-0.00025013,-0.000271402,-0.000278062,-0.000252788,-0.000206245,-0.000206245
2.35655e-05,2.35655e-05,2.38321e-05,2.41058e-05,2.43928e-05,2.4686e-05,2.49757e-05,2.52512e-05,2.55008e-05,2.57121e-05,2.58728e-05,2.59704e-05,2.59923e-05,2.59263e-05,2.57606e-05,2.54833e-05,2.50834e-05,2.45501e-05,2.38733e-05,2.30436e-05,2.20522e-05,2.08913e-05,1.95539e-05,1.80343e-05,1.63276e-05,1.44304e-05,1.23403e-05,1.00563e-05,7.57865e-06,4.90898e-06,2.05005e-06,-9.94168e-07,-4.21872e-06,-7.61779e-06,-1.1185e-05,-1.49134e-05,-1.87964e-05,-2.28275e-05,-2.70011e-05,-3.13129e-05,-3.57606e-05,-4.03446e-05,-4.50686e-05,-4.9941e-05,-5.49756e-05,-6.01931e-05,-6.56232e-05,-7.1306e-05,-7.72952e-05,-8.3661e-05,-9.04936e-05,-9.79078e-05,-0.000106046,-0.000115083,-0.000125219,-0.000136665,-0.000149603,-0.000164081,-0.000179814,-0.000195808,-0.000209726,-0.000217012,-0.000210145,-0.000179651,-0.000137797,-0.000137797
2.30942e-05,2.30942e-05,2.3429e-05,2.37495e-05,2.40658e-05,2.43737e-05,2.46666e-05,2.49364e-05,2.51733e-05,2.5367e-05,2.55063e-05,2.55798e-05,2.55761e-05,2.54835e-05,2.52906e-05,2.49861e-05,2.4559e-05,2.3999e-05,2.32958e-05,2.24402e-05,2.14236e-05,2.0238e-05,1.88767e-05,1.73337e-05,1.56044e-05,1.36852e-05,1.15739e-05,9.26968e-06,6.77288e-06,4.08531e-06,1.21005e-06,-1.8486e-06,-5.08528e-06,-8.49364e-06,-1.20666e-05,-1.57968e-05,-1.96764e-05,-2.3698e-05,-2.78546e-05,-3.21405e-05,-3.65514e-05,-4.10852e-05,-4.57424e-05,-5.05274e-05,-5.54485e-05,-6.05196e-05,-6.57607e-05,-7.11995e-05,-7.68724e-05,-8.28266e-05,-8.91208e-05,-9.58266e-05,-0.000103028,-0.000110818,-0.000119287,-0.000128497,-0.000138435,-0.000148908,-0.000159373,-0.000168659,-0.000174574,-0.000173526,-0.000160571,-0.000130805,-9.48124e-05,-9.48124e-05
2.263e-05,2.263e-05,2.30288e-05,2.33962e-05,2.37446e-05,2.40722e-05,2.43744e-05,2.46451e-05,2.48762e-05,2.50589e-05,2.51832e-05,2.52388e-05,2.5215e-05,2.51007e-05,2.4885e-05,2.4557e-05,2.41059e-05,2.35214e-05,2.27937e-05,2.19133e-05,2.08717e-05,1.96611e-05,1.82745e-05,1.67061e-05,1.49513e-05,1.30066e-05,1.08698e-05,8.54033e-06,6.01873e-06,3.30714e-06,4.09041e-07,-2.67076e-06,-5.92623e-06,-9.35026e-06,-1.29349e-05,-1.66715e-05,-2.0551e-05,-2.45644e-05,-2.87028e-05,-3.29583e-05,-3.73238e-05,-4.17938e-05,-4.63648e-05,-5.10358e-05,-5.5809e-05,-6.06897e-05,-6.56876e-05,-7.08168e-05,-7.60964e-05,-8.15508e-05,-8.72095e-05,-9.3106e-05,-9.9275e-05,-0.000105745,-0.000112527,-0.000119582,-0.000126781,-0.000133813,-0.000140058,-0.000144397,-0.000145005,-0.000139248,-0.000124028,-9.69141e-05,-6.62665e-05,-6.62665e-05
2.21918e-05,2.21918e-05,2.26483e-05,2.30601e-05,2.34408e-05,2.37902e-05,2.41052e-05,2.4381e-05,2.4611e-05,2.47874e-05,2.49014e-05,2.49433e-05,2.49033e-05,2.47708e-05,2.45352e-05,2.4186e-05,2.37126e-05,2.3105e-05,2.23531e-05,2.14478e-05,2.03804e-05,1.91431e-05,1.7729e-05,1.61323e-05,1.43483e-05,1.23736e-05,1.02062e-05,7.84572e-06,5.29303e-06,2.55067e-06,-3.77334e-07,-3.48548e-06,-6.76689e-06,-1.02134e-05,-1.38159e-05,-1.75642e-05,-2.14475e-05,-2.54549e-05,-2.9575e-05,-3.3797e-05,-3.81105e-05,-4.2506e-05,-4.69753e-05,-5.15115e-05,-5.61097e-05,-6.07668e-05,-6.54816e-05,-7.02552e-05,-7.50904e-05,-7.99915e-05,-8.4963e-05,-9.00079e-05,-9.5123e-05,-0.000100292,-0.000105472,-0.000110568,-0.000115392,-0.000119599,-0.000122592,-0.000123405,-0.000120611,-0.000112367,-9.67731e-05,-7.26866e-05,-4.6513e-05,-4.6513e-05
2.17937e-05,2.17937e-05,2.23003e-05,2.27523e-05,2.31637e-05,2.35349e-05,2.38641e-05,2.41473e-05,2.43789e-05,2.4552e-05,2.46585e-05,2.46897e-05,2.46359e-05,2.44872e-05,2.42335e-05,2.38643e-05,2.33693e-05,2.27385e-05,2.19621e-05,2.10307e-05,1.99357e-05,1.86693e-05,1.72246e-05,1.55957e-05,1.37779e-05,1.17681e-05,9.56439e-06,7.16651e-06,4.57584e-06,1.7954e-06,-1.1701e-06,-4.31433e-06,-7.62937e-06,-1.11058e-05,-1.4733e-05,-1.8499e-05,-2.23911e-05,-2.63957e-05,-3.04989e-05,-3.46864e-05,-3.89442e-05,-4.32583e-05,-4.76153e-05,-5.20025e-05,-5.64076e-05,-6.08191e-05,-6.52259e-05,-6.96171e-05,-7.39816e-05,-7.8307e-05,-8.25784e-05,-8.67759e-05,-9.08707e-05,-9.48179e-05,-9.85445e-05,-0.000101929,-0.000104768,-0.000106729,-0.000107286,-0.000105654,-0.000100762,-9.13472e-05,-7.62649e-05,-5.50204e-05,-3.24833e-05,-3.24833e-05
2.14456e-05,2.14456e-05,2.19948e-05,2.24817e-05,2.29205e-05,2.33123e-05,2.36554e-05,2.39466e-05,2.4181e-05,2.43522e-05,2.44529e-05,2.44746e-05,2.44084e-05,2.42446e-05,2.39732e-05,2.35842e-05,2.30674e-05,2.24126e-05,2.16102e-05,2.06508e-05,1.95258e-05,1.82272e-05,1.6748e-05,1.50824e-05,1.32259e-05,1.11752e-05,8.92879e-06,6.48666e-06,3.85062e-06,1.02431e-06,-1.9868e-06,-5.17538e-06,-8.53232e-06,-1.20468e-05,-1.57063e-05,-1.94971e-05,-2.34039e-05,-2.74106e-05,-3.15001e-05,-3.56547e-05,-3.98562e-05,-4.40861e-05,-4.83259e-05,-5.25566e-05,-5.67592e-05,-6.09146e-05,-6.50026e-05,-6.90024e-05,-7.28914e-05,-7.66447e-05,-8.02333e-05,-8.36222e-05,-8.67671e-05,-8.96079e-05,-9.20591e-05,-9.39935e-05,-9.52173e-05,-9.54355e-05,-9.42105e-05,-9.09268e-05,-8.48021e-05,-7.49834e-05,-6.07847e-05,-4.20273e-05,-2.24227e-05,-2.24227e-05
2.11549e-05,2.11549e-05,2.17388e-05,2.22549e-05,2.27173e-05,2.31268e-05,2.34824e-05,2.37809e-05,2.40179e-05,2.41875e-05,2.42827e-05,2.42954e-05,2.4217e-05,2.4038e-05,2.37489e-05,2.33395e-05,2.27997e-05,2.21195e-05,2.12891e-05,2.02992e-05,1.9141e-05,1.78064e-05,1.62886e-05,1.45815e-05,1.26806e-05,1.0583e-05,8.28711e-06,5.79342e-06,3.10421e-06,2.23794e-07,-2.84148e-06,-6.08319e-06,-9.49088e-06,-1.30521e-05,-1.67525e-05,-2.0576e-05,-2.45049e-05,-2.85202e-05,-3.26014e-05,-3.67272e-05,-4.08752e-05,-4.50225e-05,-4.91452e-05,-5.32189e-05,-5.72183e-05,-6.11172e-05,-6.48884e-05,-6.85027e-05,-7.19292e-05,-7.5134e-05,-7.80792e-05,-8.07213e-05,-8.30084e-05,-8.48755e-05,-8.62364e-05,-8.69718e-05,-8.691e-05,-8.58034e-05,-8.33016e-05,-7.89366e-05,-7.21451e-05,-6.23545e-05,-4.91555e-05,-3.25129e-05,-1.52782e-05,-1.52782e-05
2.09265e-05,2.09265e-05,2.15377e-05,2.2077e-05,2.25583e-05,2.29823e-05,2.33478e-05,2.3652e-05,2.38904e-05,2.40576e-05,2.41466e-05,2.41498e-05,2.40586e-05,2.38638e-05,2.35559e-05,2.31248e-05,2.25605e-05,2.18529e-05,2.09922e-05,1.99688e-05,1.87739e-05,1.73995e-05,1.58383e-05,1.40845e-05,1.21335e-05,9.98243e-06,7.63009e-06,5.07724e-06,2.32674e-06,-6.16376e-07,-3.7448e-06,-7.0489e-06,-1.05168e-05,-1.41342e-05,-1.78848e-05,-2.17502e-05,-2.57099e-05,-2.97418e-05,-3.38222e-05,-3.7926e-05,-4.20268e-05,-4.6097e-05,-5.01081e-05,-5.40304e-05,-5.78331e-05,-6.14845e-05,-6.4951e-05,-6.8198e-05,-7.11883e-05,-7.38828e-05,-7.62387e-05,-7.82093e-05,-7.97412e-05,-8.07711e-05,-8.12201e-05,-8.09835e-05,-7.99179e-05,-7.78237e-05,-7.44285e-05,-6.93845e-05,-6.22902e-05,-5.27622e-05,-4.05554e-05,-2.56919e-05,-1.03861e-05,-1.03861e-05
2.07638e-05,2.07638e-05,2.13951e-05,2.19516e-05,2.24469e-05,2.28814e-05,2.32537e-05,2.35611e-05,2.37991e-05,2.39622e-05,2.40438e-05,2.40362e-05,2.3931e-05,2.37191e-05,2.33909e-05,2.29365e-05,2.23457e-05,2.16084e-05,2.07145e-05,1.96545e-05,1.84193e-05,1.70007e-05,1.53914e-05,1.35855e-05,1.15785e-05,9.36739e-06,6.95138e-06,4.33158e-06,1.51142e-06,-1.50327e-06,-4.70416e-06,-8.08036e-06,-1.16184e-05,-1.53022e-05,-1.91132e-05,-2.30305e-05,-2.7031e-05,-3.10895e-05,-3.51787e-05,-3.92698e-05,-4.33326e-05,-4.73351e-05,-5.12445e-05,-5.50264e-05,-5.86455e-05,-6.20653e-05,-6.52481e-05,-6.81547e-05,-7.07449e-05,-7.29767e-05,-7.48061e-05,-7.61866e-05,-7.70679e-05,-7.73928e-05,-7.70934e-05,-7.60834e-05,-7.42481e-05,-7.14321e-05,-6.74305e-05,-6.19881e-05,-5.48216e-05,-4.5674e-05,-3.43966e-05,-2.10271e-05,-7.307e-06,-7.307e-06
2.0669e-05,2.0669e-05,2.13136e-05,2.18815e-05,2.23857e-05,2.28263e-05,2.32019e-05,2.35094e-05,2.37444e-05,2.39013e-05,2.39735e-05,2.39534e-05,2.38326e-05,2.36019e-05,2.32517e-05,2.2772e-05,2.21524e-05,2.13828e-05,2.0453e-05,1.9353e-05,1.80738e-05,1.66068e-05,1.49446e-05,1.30813e-05,1.10121e-05,8.73436e-06,6.24739e-06,3.55274e-06,6.54402e-07,-2.44096e-06,-5.72395e-06,-9.18233e-06,-1.2801e-05,-1.65619e-05,-2.04444e-05,-2.44249e-05,-2.84775e-05,-3.25737e-05,-3.66831e-05,-4.07733e-05,-4.48099e-05,-4.87575e-05,-5.2579e-05,-5.62361e-05,-5.96898e-05,-6.28999e-05,-6.58257e-05,-6.84257e-05,-7.06579e-05,-7.24801e-05,-7.38495e-05,-7.47226e-05,-7.50545e-05,-7.47968e-05,-7.38945e-05,-7.228e-05,-6.98658e-05,-6.65357e-05,-6.21391e-05,-5.6492e-05,-4.93963e-05,-4.06789e-05,-3.02474e-05,-1.81365e-05,-5.73458e-06,-5.73458e-06
2.06435e-05,2.06435e-05,2.12951e-05,2.18685e-05,2.23765e-05,2.28188e-05,2.31937e-05,2.3498e-05,2.37271e-05,2.38752e-05,2.39358e-05,2.39011e-05,2.37626e-05,2.35111e-05,2.31369e-05,2.26297e-05,2.19792e-05,2.11748e-05,2.0206e-05,1.90629e-05,1.77359e-05,1.62163e-05,1.44966e-05,1.25704e-05,1.04332e-05,8.08227e-06,5.51711e-06,2.73966e-06,-2.45438e-07,-3.43071e-06,-6.80565e-06,-1.03566e-05,-1.40668e-05,-1.79163e-05,-2.18819e-05,-2.59377e-05,-3.00548e-05,-3.42016e-05,-3.83443e-05,-4.24471e-05,-4.64722e-05,-5.03802e-05,-5.41308e-05,-5.76823e-05,-6.09926e-05,-6.40191e-05,-6.67191e-05,-6.905e-05,-7.097e-05,-7.2438e-05,-7.34141e-05,-7.38598e-05,-7.37369e-05,-7.3007e-05,-7.16281e-05,-6.95506e-05,-6.67111e-05,-6.30267e-05,-5.83896e-05,-5.26701e-05,-4.57308e-05,-3.74547e-05,-2.77819e-05,-1.67374e-05,-5.44441e-06,-5.44441e-06
2.06882e-05,2.06882e-05,2.13407e-05,2.1914e-05,2.24207e-05,2.28601e-05,2.32303e-05,2.35278e-05,2.37477e-05,2.38844e-05,2.39308e-05,2.38792e-05,2.37209e-05,2.34466e-05,2.30462e-05,2.25095e-05,2.18257e-05,2.0984e-05,1.99736e-05,1.87842e-05,1.7406e-05,1.58299e-05,1.4048e-05,1.20539e-05,9.84294e-06,7.41236e-06,4.76187e-06,1.89379e-06,-1.18666e-06,-4.47114e-06,-7.94803e-06,-1.16023e-05,-1.54153e-05,-1.93652e-05,-2.34264e-05,-2.75704e-05,-3.17654e-05,-3.59767e-05,-4.01675e-05,-4.42983e-05,-4.83281e-05,-5.22144e-05,-5.59136e-05,-5.93813e-05,-6.25733e-05,-6.5445e-05,-6.79529e-05,-7.00546e-05,-7.17092e-05,-7.28783e-05,-7.3526e-05,-7.36192e-05,-7.31277e-05,-7.20228e-05,-7.02752e-05,-6.78514e-05,-6.4709e-05,-6.07919e-05,-5.60263e-05,-5.03233e-05,-4.35888e-05,-3.57435e-05,-2.67467e-05,-1.66124e-05,-6.26363e-06,-6.26363e-06
2.08037e-05,2.08037e-05,2.14512e-05,2.20191e-05,2.25194e-05,2.29514e-05,2.33127e-05,2.35996e-05,2.38072e-05,2.39294e-05,2.39591e-05,2.38882e-05,2.3708e-05,2.34088e-05,2.29804e-05,2.24121e-05,2.16929e-05,2.08116e-05,1.97571e-05,1.85186e-05,1.70859e-05,1.54495e-05,1.36013e-05,1.15346e-05,9.24434e-06,6.72796e-06,3.98525e-06,1.01885e-06,-2.16542e-06,-5.55838e-06,-9.14727e-06,-1.29156e-05,-1.68431e-05,-2.09056e-05,-2.50754e-05,-2.93212e-05,-3.36085e-05,-3.78995e-05,-4.2154e-05,-4.63297e-05,-5.03823e-05,-5.42663e-05,-5.79355e-05,-6.13433e-05,-6.44436e-05,-6.71912e-05,-6.95422e-05,-7.1455e-05,-7.28908e-05,-7.38144e-05,-7.41946e-05,-7.40044e-05,-7.32212e-05,-7.18258e-05,-6.98002e-05,-6.71254e-05,-6.37764e-05,-5.97186e-05,-5.49049e-05,-4.92767e-05,-4.27712e-05,-3.5335e-05,-2.69388e-05,-1.75878e-05,-8.05272e-06,-8.05272e-06
2.09901e-05,2.09901e-05,2.16271e-05,2.21842e-05,2.26732e-05,2.30933e-05,2.34417e-05,2.37144e-05,2.39064e-05,2.40112e-05,2.40216e-05,2.39292e-05,2.3725e-05,2.3399e-05,2.29407e-05,2.2339e-05,2.15826e-05,2.06598e-05,1.9559e-05,1.82689e-05,1.67789e-05,1.50791e-05,1.31607e-05,1.10169e-05,8.64238e-06,6.03441e-06,3.19288e-06,1.20762e-07,-3.1756e-06,-6.68619e-06,-1.03971e-05,-1.42904e-05,-1.83441e-05,-2.25318e-05,-2.68237e-05,-3.11855e-05,-3.558e-05,-3.99665e-05,-4.43017e-05,-4.85402e-05,-5.26348e-05,-5.65373e-05,-6.01992e-05,-6.35721e-05,-6.66088e-05,-6.92634e-05,-7.14928e-05,-7.32566e-05,-7.45186e-05,-7.52473e-05,-7.54163e-05,-7.50048e-05,-7.39975e-05,-7.23838e-05,-7.01562e-05,-6.73072e-05,-6.38267e-05,-5.96971e-05,-5.48918e-05,-4.93752e-05,-4.31074e-05,-3.6053e-05,-2.81907e-05,-1.95195e-05,-1.06942e-05,-1.06942e-05
2.12475e-05,2.12475e-05,2.18686e-05,2.24097e-05,2.28827e-05,2.32864e-05,2.36179e-05,2.38729e-05,2.40461e-05,2.41308e-05,2.41194e-05,2.40034e-05,2.37733e-05,2.34189e-05,2.29292e-05,2.22927e-05,2.14976e-05,2.05317e-05,1.93829e-05,1.80393e-05,1.64896e-05,1.47235e-05,1.27318e-05,1.0507e-05,8.04368e-06,5.3388e-06,2.39233e-06,-7.92535e-07,-4.20893e-06,-7.84606e-06,-1.16889e-05,-1.5718e-05,-1.99096e-05,-2.42355e-05,-2.86629e-05,-3.31555e-05,-3.76728e-05,-4.21714e-05,-4.66048e-05,-5.09248e-05,-5.50814e-05,-5.90241e-05,-6.27022e-05,-6.60659e-05,-6.90672e-05,-7.16602e-05,-7.38025e-05,-7.54558e-05,-7.65867e-05,-7.71674e-05,-7.71764e-05,-7.65988e-05,-7.54261e-05,-7.36554e-05,-7.12878e-05,-6.83263e-05,-6.4772e-05,-6.06214e-05,-5.58636e-05,-5.04803e-05,-4.44488e-05,-3.77471e-05,-3.03602e-05,-2.2284e-05,-1.40852e-05,-1.40852e-05
2.15756e-05,2.15756e-05,2.21754e-05,2.26956e-05,2.31479e-05,2.35311e-05,2.38418e-05,2.40758e-05,2.42272e-05,2.42893e-05,2.4254e-05,2.41125e-05,2.3855e-05,2.34708e-05,2.29486e-05,2.22762e-05,2.14414e-05,2.04313e-05,1.92332e-05,1.78347e-05,1.62237e-05,1.43893e-05,1.23216e-05,1.00126e-05,7.45643e-06,4.64994e-06,1.59294e-06,-1.71118e-06,-5.25511e-06,-9.02729e-06,-1.30116e-05,-1.71872e-05,-2.15285e-05,-2.60052e-05,-3.05821e-05,-3.52202e-05,-3.98763e-05,-4.45038e-05,-4.90536e-05,-5.34744e-05,-5.77136e-05,-6.17185e-05,-6.54367e-05,-6.88171e-05,-7.1811e-05,-7.43731e-05,-7.64619e-05,-7.80413e-05,-7.90806e-05,-7.95562e-05,-7.94511e-05,-7.87557e-05,-7.74678e-05,-7.55912e-05,-7.31345e-05,-7.01089e-05,-6.65249e-05,-6.23899e-05,-5.77052e-05,-5.24662e-05,-4.66632e-05,-4.02849e-05,-3.33225e-05,-2.57716e-05,-1.81325e-05,-1.81325e-05
2.1974e-05,2.1974e-05,2.25472e-05,2.30415e-05,2.34688e-05,2.38273e-05,2.41138e-05,2.43236e-05,2.44506e-05,2.44877e-05,2.44267e-05,2.42582e-05,2.39721e-05,2.35572e-05,2.30017e-05,2.2293e-05,2.14179e-05,2.03632e-05,1.91154e-05,1.76612e-05,1.59878e-05,1.40836e-05,1.19379e-05,9.54228e-06,6.89019e-06,3.9781e-06,8.05707e-07,-2.62351e-06,-6.30187e-06,-1.02171e-05,-1.4352e-05,-1.86844e-05,-2.31869e-05,-2.7827e-05,-3.25672e-05,-3.73658e-05,-4.21766e-05,-4.69503e-05,-5.16347e-05,-5.61757e-05,-6.05185e-05,-6.46078e-05,-6.83898e-05,-7.18124e-05,-7.48265e-05,-7.73871e-05,-7.94543e-05,-8.09939e-05,-8.19782e-05,-8.23873e-05,-8.22085e-05,-8.14374e-05,-8.00768e-05,-7.81366e-05,-7.56314e-05,-7.25792e-05,-6.89983e-05,-6.49043e-05,-6.03086e-05,-5.5217e-05,-4.96306e-05,-4.35475e-05,-3.69652e-05,-2.98822e-05,-2.27491e-05,-2.27491e-05
2.24417e-05,2.24417e-05,2.29831e-05,2.34468e-05,2.38447e-05,2.41748e-05,2.44338e-05,2.46165e-05,2.47168e-05,2.4727e-05,2.46388e-05,2.44423e-05,2.41268e-05,2.36808e-05,2.30919e-05,2.23467e-05,2.14317e-05,2.03325e-05,1.9035e-05,1.75251e-05,1.57892e-05,1.38146e-05,1.159e-05,9.10606e-06,6.35572e-06,3.33493e-06,4.31302e-08,-3.51621e-06,-7.33512e-06,-1.14007e-05,-1.56947e-05,-2.01937e-05,-2.48683e-05,-2.9684e-05,-3.46011e-05,-3.95748e-05,-4.45564e-05,-4.94933e-05,-5.43307e-05,-5.90116e-05,-6.34785e-05,-6.76744e-05,-7.15436e-05,-7.50332e-05,-7.8094e-05,-8.06814e-05,-8.27567e-05,-8.4288e-05,-8.52505e-05,-8.56274e-05,-8.54104e-05,-8.45992e-05,-8.32014e-05,-8.12318e-05,-7.87102e-05,-7.566e-05,-7.21054e-05,-6.80692e-05,-6.35705e-05,-5.86239e-05,-5.32398e-05,-4.74251e-05,-4.11846e-05,-3.45219e-05,-2.78516e-05,-2.78516e-05
2.29774e-05,2.29774e-05,2.34819e-05,2.39104e-05,2.42747e-05,2.4573e-05,2.48013e-05,2.49545e-05,2.5026e-05,2.5008e-05,2.48915e-05,2.46663e-05,2.43213e-05,2.38443e-05,2.32224e-05,2.24415e-05,2.14872e-05,2.03445e-05,1.89983e-05,1.74336e-05,1.56357e-05,1.35911e-05,1.12875e-05,8.71468e-06,5.86481e-06,2.73325e-06,-6.80945e-07,-4.37443e-06,-8.33904e-06,-1.25613e-05,-1.70221e-05,-2.16966e-05,-2.65537e-05,-3.15568e-05,-3.66637e-05,-4.18269e-05,-4.69948e-05,-5.21119e-05,-5.71202e-05,-6.19601e-05,-6.65716e-05,-7.08956e-05,-7.48749e-05,-7.84555e-05,-8.15881e-05,-8.42287e-05,-8.63399e-05,-8.78916e-05,-8.88618e-05,-8.92369e-05,-8.9012e-05,-8.81908e-05,-8.67849e-05,-8.48131e-05,-8.22996e-05,-7.92721e-05,-7.57597e-05,-7.17908e-05,-6.73913e-05,-6.25833e-05,-5.73857e-05,-5.18141e-05,-4.58818e-05,-3.96e-05,-3.33582e-05,-3.33582e-05
2.35792e-05,2.35792e-05,2.40416e-05,2.44304e-05,2.47575e-05,2.50206e-05,2.52156e-05,2.53373e-05,2.53784e-05,2.53311e-05,2.51857e-05,2.49317e-05,2.45575e-05,2.40502e-05,2.33963e-05,2.2581e-05,2.1589e-05,2.04045e-05,1.90114e-05,1.73936e-05,1.55354e-05,1.34222e-05,1.10407e-05,8.37951e-06,5.43004e-06,2.18685e-06,-1.3515e-06,-5.18194e-06,-9.2962e-06,-1.36804e-05,-1.83145e-05,-2.31725e-05,-2.82215e-05,-3.34229e-05,-3.87318e-05,-4.40982e-05,-4.94674e-05,-5.47809e-05,-5.99777e-05,-6.49954e-05,-6.97713e-05,-7.42441e-05,-7.83552e-05,-8.20498e-05,-8.52779e-05,-8.79963e-05,-9.01686e-05,-9.17667e-05,-9.27707e-05,-9.317e-05,-9.2963e-05,-9.21565e-05,-9.07658e-05,-8.88128e-05,-8.63253e-05,-8.33346e-05,-7.98739e-05,-7.59763e-05,-7.16734e-05,-6.69945e-05,-6.19665e-05,-5.66145e-05,-5.09614e-05,-4.50278e-05,-3.91873e-05,-3.91873e-05
2.42446e-05,2.42446e-05,2.46598e-05,2.50047e-05,2.52909e-05,2.55159e-05,2.56754e-05,2.57637e-05,2.57735e-05,2.56961e-05,2.55218e-05,2.52395e-05,2.48369e-05,2.43008e-05,2.36165e-05,2.27689e-05,2.17416e-05,2.05178e-05,1.90805e-05,1.74123e-05,1.54966e-05,1.33173e-05,1.08601e-05,8.11239e-06,5.06456e-06,1.71029e-06,-1.95258e-06,-5.92133e-06,-1.01878e-05,-1.47377e-05,-1.95504e-05,-2.45985e-05,-2.98476e-05,-3.52569e-05,-4.07792e-05,-4.63615e-05,-5.19462e-05,-5.74716e-05,-6.28736e-05,-6.80867e-05,-7.30459e-05,-7.76875e-05,-8.19512e-05,-8.5781e-05,-8.91268e-05,-9.19455e-05,-9.42018e-05,-9.5869e-05,-9.69296e-05,-9.73754e-05,-9.72075e-05,-9.64357e-05,-9.50779e-05,-9.31592e-05,-9.07099e-05,-8.77645e-05,-8.43595e-05,-8.05322e-05,-7.63197e-05,-7.1758e-05,-6.68824e-05,-6.17279e-05,-5.63286e-05,-5.07163e-05,-4.52562e-05,-4.52562e-05
2.497e-05,2.497e-05,2.53333e-05,2.56302e-05,2.58722e-05,2.60565e-05,2.61787e-05,2.62324e-05,2.621e-05,2.61026e-05,2.58999e-05,2.55902e-05,2.51608e-05,2.45976e-05,2.38855e-05,2.30082e-05,2.19487e-05,2.06892e-05,1.92112e-05,1.74966e-05,1.55271e-05,1.32856e-05,1.07562e-05,7.92527e-06,4.78186e-06,1.3186e-06,-2.46748e-06,-6.57425e-06,-1.09937e-05,-1.57116e-05,-2.07064e-05,-2.59497e-05,-3.14056e-05,-3.70311e-05,-4.27766e-05,-4.85862e-05,-5.43993e-05,-6.01509e-05,-6.57737e-05,-7.11992e-05,-7.63594e-05,-8.11883e-05,-8.56239e-05,-8.96088e-05,-9.30924e-05,-9.60317e-05,-9.83923e-05,-0.000100149,-0.000101285,-0.000101796,-0.000101684,-0.000100962,-9.96506e-05,-9.77763e-05,-9.53723e-05,-9.24756e-05,-8.91258e-05,-8.5364e-05,-8.12326e-05,-7.67744e-05,-7.20337e-05,-6.70562e-05,-6.18884e-05,-5.65753e-05,-5.14798e-05,-5.14798e-05
2.57512e-05,2.57512e-05,2.60579e-05,2.63031e-05,2.6498e-05,2.66396e-05,2.67228e-05,2.67411e-05,2.66865e-05,2.65494e-05,2.63191e-05,2.59836e-05,2.55294e-05,2.49417e-05,2.42048e-05,2.33015e-05,2.22138e-05,2.09227e-05,1.94088e-05,1.76525e-05,1.56344e-05,1.33357e-05,1.07393e-05,7.82996e-06,4.5954e-06,1.02706e-06,-2.87909e-06,-7.12165e-06,-1.16931e-05,-1.6579e-05,-2.17575e-05,-2.71991e-05,-3.28665e-05,-3.87148e-05,-4.46916e-05,-5.07384e-05,-5.67912e-05,-6.27819e-05,-6.86397e-05,-7.42929e-05,-7.96705e-05,-8.4704e-05,-8.93291e-05,-9.34872e-05,-9.71268e-05,-0.000100205,-0.000102687,-0.00010455,-0.000105779,-0.000106369,-0.000106326,-0.000105665,-0.000104408,-0.000102584,-0.000100228,-9.73788e-05,-9.40794e-05,-9.03748e-05,-8.63124e-05,-8.19426e-05,-7.73191e-05,-7.24994e-05,-6.75439e-05,-6.2512e-05,-5.77703e-05,-5.77703e-05
2.65829e-05,2.65829e-05,2.68288e-05,2.70188e-05,2.71641e-05,2.72611e-05,2.73044e-05,2.72869e-05,2.72002e-05,2.70344e-05,2.67781e-05,2.64188e-05,2.59423e-05,2.53334e-05,2.45754e-05,2.36502e-05,2.2539e-05,2.12217e-05,1.96776e-05,1.78857e-05,1.58252e-05,1.34759e-05,1.0819e-05,7.83778e-06,4.51837e-06,8.50789e-07,-3.17019e-06,-7.54415e-06,-1.22641e-05,-1.73159e-05,-2.26774e-05,-2.83183e-05,-3.41998e-05,-4.0275e-05,-4.64892e-05,-5.2781e-05,-5.90831e-05,-6.5324e-05,-7.14293e-05,-7.73239e-05,-8.29335e-05,-8.81869e-05,-9.30174e-05,-9.73648e-05,-0.000101176,-0.000104409,-0.000107028,-0.000109011,-0.000110345,-0.000111026,-0.000111062,-0.000110469,-0.00010927,-0.000107497,-0.000105187,-0.000102381,-9.91236e-05,-9.54647e-05,-9.14572e-05,-8.71594e-05,-8.26353e-05,-7.79556e-05,-7.31955e-05,-6.84305e-05,-6.40355e-05,-6.40355e-05
2.74588e-05,2.74588e-05,2.76399e-05,2.77719e-05,2.78655e-05,2.79166e-05,2.79193e-05,2.78661e-05,2.77481e-05,2.75548e-05,2.72745e-05,2.68938e-05,2.63983e-05,2.57718e-05,2.4997e-05,2.4055e-05,2.29258e-05,2.15883e-05,2.00206e-05,1.82003e-05,1.61051e-05,1.37132e-05,1.10041e-05,7.95924e-06,4.56323e-06,8.04417e-07,-3.32386e-06,-7.82237e-06,-1.2685e-05,-1.7898e-05,-2.34391e-05,-2.92773e-05,-3.53727e-05,-4.16765e-05,-4.81318e-05,-5.4674e-05,-6.12326e-05,-6.77325e-05,-7.40957e-05,-8.02433e-05,-8.60976e-05,-9.15844e-05,-9.66342e-05,-0.000101185,-0.000105182,-0.000108582,-0.000111351,-0.000113466,-0.000114913,-0.000115693,-0.000115813,-0.00011529,-0.000114151,-0.000112427,-0.000110157,-0.000107384,-0.000104157,-0.00010053,-9.65613e-05,-9.23179e-05,-8.78755e-05,-8.33189e-05,-7.87397e-05,-7.42306e-05,-7.0179e-05,-7.0179e-05
2.83715e-05,2.83715e-05,2.84844e-05,2.85559e-05,2.85961e-05,2.86004e-05,2.85625e-05,2.84741e-05,2.83259e-05,2.81069e-05,2.78048e-05,2.74059e-05,2.68949e-05,2.62551e-05,2.54684e-05,2.45151e-05,2.33741e-05,2.20234e-05,2.04398e-05,1.85994e-05,1.64784e-05,1.40533e-05,1.13018e-05,8.20363e-06,4.74137e-06,9.01645e-07,-3.32389e-06,-7.93743e-06,-1.2934e-05,-1.83004e-05,-2.40146e-05,-3.00453e-05,-3.63515e-05,-4.28826e-05,-4.95794e-05,-5.63746e-05,-6.31942e-05,-6.99594e-05,-7.65884e-05,-8.29983e-05,-8.91078e-05,-9.4839e-05,-0.00010012,-0.000104885,-0.00010908,-0.000112658,-0.000115586,-0.00011784,-0.000119408,-0.00012029,-0.000120496,-0.000120043,-0.000118959,-0.000117277,-0.000115038,-0.000112287,-0.000109076,-0.000105463,-0.000101515,-9.73072e-05,-9.29287e-05,-8.84794e-05,-8.40687e-05,-7.98071e-05,-7.60991e-05,-7.60991e-05
2.93125e-05,2.93125e-05,2.93545e-05,2.93635e-05,2.93493e-05,2.93065e-05,2.92281e-05,2.91055e-05,2.89287e-05,2.86861e-05,2.8365e-05,2.79511e-05,2.74286e-05,2.67801e-05,2.59869e-05,2.50283e-05,2.38826e-05,2.25264e-05,2.09354e-05,1.90843e-05,1.69476e-05,1.45003e-05,1.1718e-05,8.57863e-06,5.06268e-06,1.15478e-06,-3.15528e-06,-7.87141e-06,-1.299e-05,-1.84988e-05,-2.43764e-05,-3.05912e-05,-3.71013e-05,-4.38549e-05,-5.07905e-05,-5.78378e-05,-6.49197e-05,-7.19535e-05,-7.88532e-05,-8.5532e-05,-9.19043e-05,-9.78886e-05,-0.000103409,-0.000108399,-0.000112799,-0.000116564,-0.000119657,-0.000122055,-0.000123747,-0.000124733,-0.000125022,-0.000124634,-0.000123598,-0.000121948,-0.000119726,-0.00011698,-0.000113767,-0.00011015,-0.000106202,-0.000102011,-9.7679e-05,-9.33222e-05,-8.90691e-05,-8.50497e-05,-8.16883e-05,-8.16883e-05
3.02724e-05,3.02724e-05,3.02412e-05,3.01865e-05,3.01173e-05,3.00276e-05,2.99096e-05,2.9754e-05,2.95504e-05,2.92867e-05,2.89496e-05,2.85244e-05,2.79946e-05,2.73425e-05,2.65484e-05,2.55913e-05,2.44482e-05,2.30949e-05,2.15058e-05,1.96543e-05,1.75134e-05,1.50561e-05,1.22564e-05,9.08989e-06,5.53503e-06,1.57425e-06,-2.8048e-06,-7.60797e-06,-1.28334e-05,-1.84701e-05,-2.44974e-05,-3.08839e-05,-3.75874e-05,-4.45547e-05,-5.17222e-05,-5.90171e-05,-6.63588e-05,-7.36609e-05,-8.0833e-05,-8.77839e-05,-9.44238e-05,-0.000100667,-0.000106434,-0.000111654,-0.000116266,-0.000120221,-0.000123484,-0.000126028,-0.000127844,-0.00012893,-0.000129297,-0.000128966,-0.000127966,-0.000126333,-0.000124112,-0.000121353,-0.000118116,-0.000114472,-0.000110504,-0.000106309,-0.000102005,-9.77266e-05,-9.36223e-05,-8.9842e-05,-8.68331e-05,-8.68331e-05
3.12407e-05,3.12407e-05,3.11351e-05,3.10161e-05,3.0892e-05,3.07559e-05,3.05994e-05,3.04126e-05,3.01843e-05,2.99022e-05,2.95524e-05,2.91196e-05,2.85871e-05,2.79365e-05,2.71477e-05,2.61988e-05,2.50662e-05,2.37246e-05,2.21475e-05,2.03068e-05,1.81741e-05,1.57206e-05,1.29183e-05,9.74062e-06,6.16386e-06,2.16804e-06,-2.26154e-06,-7.13297e-06,-1.24464e-05,-1.81925e-05,-2.43519e-05,-3.08936e-05,-3.77753e-05,-4.49429e-05,-5.23312e-05,-5.98647e-05,-6.74596e-05,-7.50255e-05,-8.24679e-05,-8.96907e-05,-9.65994e-05,-0.000103104,-0.00010912,-0.000114573,-0.0001194,-0.000123548,-0.00012698,-0.00012967,-0.000131605,-0.000132785,-0.000133222,-0.000132935,-0.000131956,-0.000130322,-0.00012808,-0.000125285,-0.000122001,-0.000118306,-0.000114293,-0.000110073,-0.000105779,-0.000101566,-9.76032e-05,-9.40611e-05,-9.14134e-05,-9.14134e-05
3.22061e-05,3.22061e-05,3.20257e-05,3.18426e-05,3.16642e-05,3.14829e-05,3.12894e-05,3.10733e-05,3.08229e-05,3.05252e-05,3.01659e-05,2.97296e-05,2.91989e-05,2.85551e-05,2.77776e-05,2.6844e-05,2.573e-05,2.44095e-05,2.28549e-05,2.10369e-05,1.89257e-05,1.64908e-05,1.37022e-05,1.05312e-05,6.9517e-06,2.94122e-06,-1.51753e-06,-6.43515e-06,-1.18141e-05,-1.76472e-05,-2.39165e-05,-3.05922e-05,-3.76322e-05,-4.49819e-05,-5.25747e-05,-6.03329e-05,-6.81696e-05,-7.59904e-05,-8.36963e-05,-9.11865e-05,-9.83614e-05,-0.000105126,-0.00011139,-0.000117077,-0.000122118,-0.000126458,-0.000130057,-0.000132886,-0.000134934,-0.000136198,-0.00013669,-0.000136432,-0.000135454,-0.000133797,-0.00013151,-0.000128652,-0.000125294,-0.000121521,-0.000117438,-0.00011317,-0.000108868,-0.000104707,-0.00010088,-9.75776e-05,-9.53022e-05,-9.53022e-05
3.31566e-05,3.31566e-05,3.2902e-05,3.26557e-05,3.24245e-05,3.21996e-05,3.19711e-05,3.17279e-05,3.14578e-05,3.11474e-05,3.07822e-05,3.03461e-05,2.98218e-05,2.91901e-05,2.843e-05,2.75187e-05,2.64315e-05,2.51415e-05,2.36201e-05,2.18373e-05,1.97615e-05,1.73609e-05,1.46036e-05,1.14587e-05,7.89756e-06,3.89519e-06,-5.68468e-07,-5.50682e-06,-1.0925e-05,-1.68183e-05,-2.31709e-05,-2.99545e-05,-3.71277e-05,-4.46359e-05,-5.24115e-05,-6.0375e-05,-6.84365e-05,-7.64979e-05,-8.44557e-05,-9.22041e-05,-9.96381e-05,-0.000106657,-0.000113166,-0.000119082,-0.000124333,-0.00012886,-0.000132619,-0.00013558,-0.000137728,-0.000139063,-0.000139593,-0.000139342,-0.000138342,-0.000136636,-0.000134275,-0.000131324,-0.000127861,-0.00012398,-0.000119799,-0.000115459,-0.000111131,-0.000107011,-0.000103314,-0.000100255,-9.83654e-05,-9.83654e-05
3.40798e-05,3.40798e-05,3.37526e-05,3.3445e-05,3.31628e-05,3.28964e-05,3.26352e-05,3.23673e-05,3.20803e-05,3.17602e-05,3.13923e-05,3.09603e-05,3.04466e-05,2.98319e-05,2.90951e-05,2.82131e-05,2.71606e-05,2.59104e-05,2.44332e-05,2.2698e-05,2.06722e-05,1.83223e-05,1.56148e-05,1.25165e-05,8.99665e-06,5.02733e-06,5.85646e-07,-4.34483e-06,-9.77228e-06,-1.56949e-05,-2.20993e-05,-2.89594e-05,-3.62351e-05,-4.38723e-05,-5.18031e-05,-5.99465e-05,-6.82099e-05,-7.64918e-05,-8.46842e-05,-9.26762e-05,-0.000100357,-0.00010762,-0.000114365,-0.000120502,-0.000125955,-0.00013066,-0.000134568,-0.000137649,-0.000139884,-0.000141269,-0.000141817,-0.000141549,-0.000140498,-0.000138711,-0.000136244,-0.000133165,-0.000129562,-0.000125541,-0.000121231,-0.000116794,-0.00011242,-0.000108329,-0.00010476,-0.000101949,-0.000100462,-0.000100462
3.4963e-05,3.4963e-05,3.45659e-05,3.41997e-05,3.38691e-05,3.35638e-05,3.32724e-05,3.29825e-05,3.26811e-05,3.23542e-05,3.19867e-05,3.15622e-05,3.10633e-05,3.04703e-05,2.97623e-05,2.89159e-05,2.79058e-05,2.67044e-05,2.52821e-05,2.36069e-05,2.16455e-05,1.93631e-05,1.67243e-05,1.36944e-05,1.024e-05,6.33045e-06,1.93997e-06,-2.95112e-06,-8.35433e-06,-1.42711e-05,-2.06913e-05,-2.75912e-05,-3.49329e-05,-4.26635e-05,-5.07154e-05,-5.90064e-05,-6.74422e-05,-7.59179e-05,-8.43213e-05,-9.25363e-05,-0.000100446,-0.000107937,-0.000114904,-0.00012125,-0.000126892,-0.000131762,-0.000135806,-0.000138989,-0.000141291,-0.000142706,-0.000143244,-0.000142929,-0.000141795,-0.000139891,-0.000137278,-0.000134034,-0.000130252,-0.000126053,-0.000121583,-0.000117021,-0.00011258,-0.000108507,-0.000105064,-0.000102509,-0.000101442,-0.000101442
3.57934e-05,3.57934e-05,3.53304e-05,3.4909e-05,3.45334e-05,3.41922e-05,3.38733e-05,3.3564e-05,3.3251e-05,3.29199e-05,3.25556e-05,3.21419e-05,3.16611e-05,3.10941e-05,3.04196e-05,2.96148e-05,2.86541e-05,2.751e-05,2.61525e-05,2.45495e-05,2.26666e-05,2.04681e-05,1.79175e-05,1.49779e-05,1.16139e-05,7.79233e-06,3.48421e-06,-1.33346e-06,-6.67575e-06,-1.25478e-05,-1.89429e-05,-2.58408e-05,-3.32062e-05,-4.09882e-05,-4.912e-05,-5.75196e-05,-6.60909e-05,-7.47266e-05,-8.33102e-05,-9.17206e-05,-9.9835e-05,-0.000107533,-0.000114703,-0.000121239,-0.000127053,-0.00013207,-0.000136231,-0.000139495,-0.00014184,-0.000143257,-0.000143755,-0.000143357,-0.000142102,-0.00014004,-0.000137239,-0.000133783,-0.00012978,-0.000125362,-0.000120695,-0.000115978,-0.000111451,-0.000107383,-0.000104065,-0.000101775,-0.000101149,-0.000101149
3.65589e-05,3.65589e-05,3.60348e-05,3.55628e-05,3.51459e-05,3.47721e-05,3.44288e-05,3.41029e-05,3.37806e-05,3.34478e-05,3.30892e-05,3.26888e-05,3.22293e-05,3.16915e-05,3.10549e-05,3.02965e-05,2.93915e-05,2.83122e-05,2.70288e-05,2.55089e-05,2.37179e-05,2.16195e-05,1.91757e-05,1.63485e-05,1.31003e-05,9.39546e-06,5.20211e-06,4.93829e-07,-4.74822e-06,-1.05332e-05,-1.68583e-05,-2.37073e-05,-3.10483e-05,-3.88331e-05,-4.69969e-05,-5.54582e-05,-6.41206e-05,-7.28742e-05,-8.15996e-05,-9.01702e-05,-9.84575e-05,-0.000106334,-0.00011368,-0.000120384,-0.000126347,-0.000131488,-0.000135741,-0.000139061,-0.000141419,-0.000142806,-0.000143227,-0.000142707,-0.000141286,-0.000139019,-0.000135979,-0.000132263,-0.000127989,-0.000123307,-0.000118402,-0.000113498,-0.00010886,-0.000104787,-0.000101592,-9.9578e-05,-9.94168e-05,-9.94168e-05
3.72477e-05,3.72477e-05,3.66686e-05,3.61511e-05,3.56974e-05,3.52948e-05,3.49302e-05,3.45903e-05,3.42611e-05,3.39286e-05,3.35778e-05,3.31928e-05,3.27567e-05,3.22509e-05,3.16552e-05,3.09474e-05,3.0103e-05,2.90948e-05,2.78934e-05,2.64666e-05,2.47798e-05,2.27962e-05,2.04772e-05,1.77836e-05,1.4676e-05,1.11168e-05,7.07118e-06,2.50941e-06,-2.59118e-06,-8.24393e-06,-1.44506e-05,-2.11992e-05,-2.84622e-05,-3.61951e-05,-4.43357e-05,-5.28043e-05,-6.15048e-05,-7.03261e-05,-7.91459e-05,-8.78333e-05,-9.62536e-05,-0.000104273,-0.000111762,-0.000118601,-0.000124684,-0.00012992,-0.000134237,-0.000137581,-0.000139919,-0.000141237,-0.00014154,-0.000140851,-0.000139213,-0.000136686,-0.000133353,-0.000129319,-0.000124719,-0.000119721,-0.000114533,-0.000109406,-0.000104632,-0.000100539,-9.74682e-05,-9.57421e-05,-9.60727e-05,-9.60727e-05
3.7849e-05,3.7849e-05,3.72221e-05,3.6665e-05,3.61794e-05,3.57521e-05,3.53695e-05,3.50181e-05,3.46843e-05,3.43538e-05,3.40122e-05,3.36439e-05,3.32327e-05,3.27606e-05,3.2208e-05,3.15535e-05,3.07733e-05,2.98412e-05,2.87283e-05,2.74028e-05,2.58306e-05,2.39749e-05,2.1797e-05,1.92566e-05,1.63135e-05,1.29278e-05,9.06251e-06,4.68459e-06,-2.32383e-07,-5.70607e-06,-1.1743e-05,-1.83361e-05,-2.54627e-05,-3.30828e-05,-4.11382e-05,-4.95519e-05,-5.82291e-05,-6.70588e-05,-7.59165e-05,-8.46677e-05,-9.31721e-05,-0.000101289,-0.00010888,-0.000115817,-0.000121983,-0.000127279,-0.000131623,-0.000134954,-0.000137231,-0.000138437,-0.000138572,-0.000137662,-0.00013575,-0.000132902,-0.000129211,-0.000124794,-0.000119805,-0.000114432,-0.00010891,-0.000103518,-9.858e-05,-9.44529e-05,-9.15056e-05,-9.00815e-05,-9.09338e-05,-9.09338e-05
3.83534e-05,3.83534e-05,3.76868e-05,3.70969e-05,3.65849e-05,3.6137e-05,3.57397e-05,3.53794e-05,3.50426e-05,3.47155e-05,3.43839e-05,3.40331e-05,3.36473e-05,3.32094e-05,3.27009e-05,3.21012e-05,3.13874e-05,3.05345e-05,2.95144e-05,2.82965e-05,2.68473e-05,2.51305e-05,2.31075e-05,2.0738e-05,1.79808e-05,1.47949e-05,1.11409e-05,6.98323e-06,2.29178e-06,-2.95539e-06,-8.76968e-06,-1.51494e-05,-2.20773e-05,-2.95189e-05,-3.74206e-05,-4.57097e-05,-5.42939e-05,-6.30634e-05,-7.18927e-05,-8.06447e-05,-8.91741e-05,-9.73329e-05,-0.000104975,-0.000111963,-0.000118168,-0.000123481,-0.00012781,-0.000131083,-0.000133254,-0.000134296,-0.00013421,-0.000133017,-0.000130765,-0.000127527,-0.000123404,-0.000118532,-0.000113081,-0.000107266,-0.000101351,-9.5646e-05,-9.05094e-05,-8.63308e-05,-8.35066e-05,-8.23998e-05,-8.38079e-05,-8.38079e-05
3.87531e-05,3.87531e-05,3.80557e-05,3.74403e-05,3.69076e-05,3.64437e-05,3.6035e-05,3.56682e-05,3.53299e-05,3.50069e-05,3.46857e-05,3.43522e-05,3.39915e-05,3.35874e-05,3.31225e-05,3.25774e-05,3.19305e-05,3.11579e-05,3.02331e-05,2.91266e-05,2.78061e-05,2.62362e-05,2.43793e-05,2.21952e-05,1.96425e-05,1.66795e-05,1.32654e-05,9.36205e-06,4.93636e-06,-3.77268e-08,-5.57646e-06,-1.16836e-05,-1.83481e-05,-2.55413e-05,-3.32158e-05,-4.13037e-05,-4.97171e-05,-5.83485e-05,-6.70732e-05,-7.57522e-05,-8.42366e-05,-9.2372e-05,-0.000100004,-0.000106985,-0.000113176,-0.000118455,-0.000122717,-0.000125882,-0.000127891,-0.000128713,-0.000128342,-0.000126798,-0.000124132,-0.000120425,-0.000115788,-0.000110375,-0.000104379,-9.80445e-05,-9.16659e-05,-8.55917e-05,-8.02165e-05,-7.59647e-05,-7.32616e-05,-7.2489e-05,-7.44915e-05,-7.44915e-05
3.90421e-05,3.90421e-05,3.83237e-05,3.76906e-05,3.71432e-05,3.66679e-05,3.62511e-05,3.58799e-05,3.55414e-05,3.52229e-05,3.49117e-05,3.45946e-05,3.42576e-05,3.38857e-05,3.34627e-05,3.29705e-05,3.2389e-05,3.16959e-05,3.08663e-05,2.98723e-05,2.86832e-05,2.72652e-05,2.55817e-05,2.35937e-05,2.12602e-05,1.85394e-05,1.53896e-05,1.17712e-05,7.64826e-06,2.99124e-06,-2.22073e-06,-7.99694e-06,-1.43324e-05,-2.12054e-05,-2.85749e-05,-3.63797e-05,-4.45373e-05,-5.29442e-05,-6.14779e-05,-6.99995e-05,-7.83573e-05,-8.63917e-05,-9.3941e-05,-0.000100846,-0.000106958,-0.000112141,-0.000116278,-0.000119274,-0.00012106,-0.000121596,-0.000120869,-0.000118898,-0.000115735,-0.000111467,-0.000106221,-0.00010017,-9.35327e-05,-8.65857e-05,-7.96618e-05,-7.31502e-05,-6.74867e-05,-6.3134e-05,-6.05472e-05,-6.01267e-05,-6.27686e-05,-6.27686e-05
3.92166e-05,3.92166e-05,3.84874e-05,3.78447e-05,3.72891e-05,3.68071e-05,3.63855e-05,3.60118e-05,3.56738e-05,3.53598e-05,3.50577e-05,3.47552e-05,3.44396e-05,3.40972e-05,3.37129e-05,3.32702e-05,3.27509e-05,3.21342e-05,3.13972e-05,3.05139e-05,2.94556e-05,2.81906e-05,2.6684e-05,2.48984e-05,2.2794e-05,2.03296e-05,1.74635e-05,1.41553e-05,1.03672e-05,6.06672e-06,1.22893e-06,-4.16066e-06,-1.01033e-05,-1.6584e-05,-2.35694e-05,-3.10055e-05,-3.88166e-05,-4.69051e-05,-5.51524e-05,-6.34212e-05,-7.1559e-05,-7.94025e-05,-8.67829e-05,-9.35321e-05,-9.94883e-05,-0.000104502,-0.000108443,-0.000111201,-0.000112694,-0.000112869,-0.000111706,-0.00010922,-0.000105465,-0.000100535,-9.45715e-05,-8.77686e-05,-8.03766e-05,-7.27082e-05,-6.51397e-05,-5.81069e-05,-5.20928e-05,-4.76023e-05,-4.5123e-05,-4.50735e-05,-4.84077e-05,-4.84077e-05
3.92752e-05,3.92752e-05,3.85458e-05,3.79019e-05,3.73445e-05,3.68604e-05,3.64371e-05,3.60627e-05,3.57259e-05,3.54157e-05,3.51211e-05,3.48309e-05,3.45335e-05,3.42166e-05,3.38665e-05,3.34686e-05,3.30061e-05,3.24605e-05,3.18108e-05,3.10335e-05,3.01021e-05,2.89872e-05,2.76564e-05,2.60744e-05,2.42034e-05,2.20036e-05,1.94343e-05,1.6455e-05,1.30272e-05,9.11619e-06,4.69389e-06,-2.58759e-07,-5.74878e-06,-1.17682e-05,-1.82913e-05,-2.52722e-05,-3.26431e-05,-4.03138e-05,-4.81714e-05,-5.60824e-05,-6.38954e-05,-7.14451e-05,-7.85575e-05,-8.50556e-05,-9.07662e-05,-9.5526e-05,-9.9188e-05,-0.000101627,-0.000102745,-0.000102474,-0.000100786,-9.76879e-05,-9.32335e-05,-8.75247e-05,-8.07186e-05,-7.30328e-05,-6.47517e-05,-5.62305e-05,-4.78954e-05,-4.02369e-05,-3.3792e-05,-2.91141e-05,-2.67269e-05,-2.70678e-05,-3.11578e-05,-3.11578e-05
3.92188e-05,3.92188e-05,3.85e-05,3.78635e-05,3.73107e-05,3.68292e-05,3.64071e-05,3.60335e-05,3.5698e-05,3.53906e-05,3.51014e-05,3.48204e-05,3.45372e-05,3.42408e-05,3.39194e-05,3.35597e-05,3.31471e-05,3.26651e-05,3.20951e-05,3.14158e-05,3.06036e-05,2.96319e-05,2.84711e-05,2.70886e-05,2.54493e-05,2.35156e-05,2.12487e-05,1.86091e-05,1.55585e-05,1.20614e-05,8.08747e-06,3.614e-06,-1.37106e-06,-6.86617e-06,-1.28532e-05,-1.92948e-05,-2.6132e-05,-3.3283e-05,-4.06426e-05,-4.80831e-05,-5.54565e-05,-6.25975e-05,-6.93289e-05,-7.54668e-05,-8.08271e-05,-8.52328e-05,-8.85202e-05,-9.05465e-05,-9.11955e-05,-9.03841e-05,-8.80679e-05,-8.42475e-05,-7.89733e-05,-7.23533e-05,-6.45598e-05,-5.58368e-05,-4.65063e-05,-3.69726e-05,-2.77198e-05,-1.93025e-05,-1.23218e-05,-7.38832e-06,-5.06817e-06,-5.81914e-06,-1.07433e-05,-1.07433e-05
3.90511e-05,3.90511e-05,3.83537e-05,3.77329e-05,3.71911e-05,3.67165e-05,3.62985e-05,3.5927e-05,3.55927e-05,3.52867e-05,3.50003e-05,3.47247e-05,3.44509e-05,3.41693e-05,3.38697e-05,3.35405e-05,3.31691e-05,3.27412e-05,3.22405e-05,3.16487e-05,3.09447e-05,3.01052e-05,2.91037e-05,2.79109e-05,2.64951e-05,2.48217e-05,2.28545e-05,2.05564e-05,1.78904e-05,1.48212e-05,1.13177e-05,7.35476e-06,2.91654e-06,-2.00099e-06,-7.38675e-06,-1.32116e-05,-1.94258e-05,-2.5957e-05,-3.2709e-05,-3.95619e-05,-4.63732e-05,-5.29804e-05,-5.92055e-05,-6.48597e-05,-6.97498e-05,-7.36855e-05,-7.6487e-05,-7.79922e-05,-7.8065e-05,-7.66029e-05,-7.35442e-05,-6.88772e-05,-6.26467e-05,-5.4964e-05,-4.60158e-05,-3.60736e-05,-2.55012e-05,-1.47585e-05,-4.39776e-06,4.95017e-06,1.26061e-05,1.78897e-05,2.01826e-05,1.90023e-05,1.31447e-05,1.31447e-05
3.87783e-05,3.87783e-05,3.81127e-05,3.75159e-05,3.6991e-05,3.65276e-05,3.61161e-05,3.57477e-05,3.54142e-05,3.51079e-05,3.48213e-05,3.45469e-05,3.42771e-05,3.40037e-05,3.3718e-05,3.34104e-05,3.30702e-05,3.26851e-05,3.22415e-05,3.17237e-05,3.11138e-05,3.03915e-05,2.9534e-05,2.85158e-05,2.73088e-05,2.58823e-05,2.42038e-05,2.22391e-05,1.99539e-05,1.73146e-05,1.42908e-05,1.08564e-05,6.99316e-06,2.69292e-06,-2.03911e-06,-7.18134e-06,-1.26929e-05,-1.85111e-05,-2.45498e-05,-3.06983e-05,-3.68218e-05,-4.27634e-05,-4.83468e-05,-5.33809e-05,-5.76659e-05,-6.09999e-05,-6.31874e-05,-6.40467e-05,-6.34202e-05,-6.11825e-05,-5.72514e-05,-5.15974e-05,-4.42556e-05,-3.53367e-05,-2.50393e-05,-1.36625e-05,-1.61468e-06,1.0581e-05,2.2292e-05,3.27951e-05,4.13146e-05,4.70807e-05,4.94078e-05,4.77802e-05,4.08602e-05,4.08602e-05
3.84093e-05,3.84093e-05,3.77855e-05,3.72202e-05,3.6718e-05,3.62696e-05,3.58668e-05,3.55021e-05,3.51687e-05,3.486e-05,3.45698e-05,3.42921e-05,3.40203e-05,3.37479e-05,3.34678e-05,3.31719e-05,3.28515e-05,3.24966e-05,3.2096e-05,3.16366e-05,3.11036e-05,3.04803e-05,2.97473e-05,2.88834e-05,2.78644e-05,2.66642e-05,2.52543e-05,2.36049e-05,2.16853e-05,1.94651e-05,1.69157e-05,1.40122e-05,1.07354e-05,7.07507e-06,3.032e-06,-1.37831e-06,-6.12282e-06,-1.11482e-05,-1.63782e-05,-2.17125e-05,-2.70259e-05,-3.21688e-05,-3.69695e-05,-4.1238e-05,-4.47705e-05,-4.73561e-05,-4.87848e-05,-4.88561e-05,-4.73894e-05,-4.42341e-05,-3.92828e-05,-3.24832e-05,-2.38545e-05,-1.35005e-05,-1.6272e-06,1.14412e-05,2.52492e-05,3.92032e-05,5.25766e-05,6.45327e-05,7.41727e-05,8.06095e-05,8.3065e-05,8.09747e-05,7.28197e-05,7.28197e-05
3.79555e-05,3.79555e-05,3.73826e-05,3.68559e-05,3.63814e-05,3.59514e-05,3.55591e-05,3.51985e-05,3.4864e-05,3.45505e-05,3.42532e-05,3.39671e-05,3.36872e-05,3.34082e-05,3.31246e-05,3.283e-05,3.25174e-05,3.2179e-05,3.18057e-05,3.13874e-05,3.09121e-05,3.03665e-05,2.9735e-05,2.90004e-05,2.81431e-05,2.71416e-05,2.59724e-05,2.46104e-05,2.30297e-05,2.12042e-05,1.91088e-05,1.67212e-05,1.40237e-05,1.10055e-05,7.66538e-06,4.01465e-06,8.02339e-08,-4.09243e-06,-8.43662e-06,-1.28622e-05,-1.7254e-05,-2.14719e-05,-2.53513e-05,-2.87056e-05,-3.13306e-05,-3.30094e-05,-3.35201e-05,-3.26446e-05,-3.01789e-05,-2.59455e-05,-1.98073e-05,-1.16836e-05,-1.56815e-06,1.04494e-05,2.41634e-05,3.92299e-05,5.51474e-05,7.12454e-05,8.6687e-05,0.000100495,0.000111612,0.00011899,0.000121718,0.000119156,0.000109528,0.000109528
3.74308e-05,3.74308e-05,3.69169e-05,3.64349e-05,3.59925e-05,3.55835e-05,3.5203e-05,3.48463e-05,3.45094e-05,3.41885e-05,3.38801e-05,3.35805e-05,3.3286e-05,3.29927e-05,3.26963e-05,3.23922e-05,3.20749e-05,3.17386e-05,3.13764e-05,3.09806e-05,3.05422e-05,3.00509e-05,2.9495e-05,2.88613e-05,2.81347e-05,2.72985e-05,2.63346e-05,2.52232e-05,2.39438e-05,2.24756e-05,2.07986e-05,1.88945e-05,1.67489e-05,1.43527e-05,1.17051e-05,8.81563e-06,5.70743e-06,2.42014e-06,-9.87199e-07,-4.43355e-06,-7.81382e-06,-1.09976e-05,-1.38289e-05,-1.61274e-05,-1.7691e-05,-1.83003e-05,-1.77246e-05,-1.57302e-05,-1.2091e-05,-6.60081e-06,9.10677e-07,1.05596e-05,2.23861e-05,3.63276e-05,5.21904e-05,6.96211e-05,8.80776e-05,0.000106809,0.000124851,0.000141054,0.000154148,0.000162862,0.000166086,0.000163054,0.000151615,0.000151615
3.68512e-05,3.68512e-05,3.64031e-05,3.59709e-05,3.55638e-05,3.51779e-05,3.48097e-05,3.44563e-05,3.41152e-05,3.3784e-05,3.34605e-05,3.31422e-05,3.28266e-05,3.25112e-05,3.21928e-05,3.18682e-05,3.15337e-05,3.11849e-05,3.08171e-05,3.04248e-05,3.00015e-05,2.954e-05,2.90321e-05,2.84682e-05,2.78379e-05,2.71292e-05,2.63293e-05,2.5424e-05,2.43989e-05,2.32391e-05,2.19304e-05,2.04604e-05,1.88192e-05,1.7002e-05,1.50104e-05,1.28549e-05,1.05577e-05,8.1554e-06,5.70201e-06,3.27159e-06,9.60855e-07,-1.10889e-06,-2.79056e-06,-3.91127e-06,-4.27349e-06,-3.65797e-06,-1.82845e-06,1.46135e-06,6.4583e-06,1.33973e-05,2.2485e-05,3.388e-05,4.76666e-05,6.38251e-05,8.21921e-05,0.000102421,0.000123943,0.00014593,0.000167276,0.000186617,0.000202404,0.000213044,0.000217117,0.000213641,0.000199895,0.000199895
3.6235e-05,3.6235e-05,3.5858e-05,3.5479e-05,3.51095e-05,3.47475e-05,3.43915e-05,3.40403e-05,3.36928e-05,3.33481e-05,3.30051e-05,3.26628e-05,3.23198e-05,3.19745e-05,3.16252e-05,3.12697e-05,3.09056e-05,3.05302e-05,3.01403e-05,2.97325e-05,2.93025e-05,2.88459e-05,2.83574e-05,2.78312e-05,2.72607e-05,2.66387e-05,2.59574e-05,2.52083e-05,2.43829e-05,2.34728e-05,2.24705e-05,2.13697e-05,2.01673e-05,1.88638e-05,1.74656e-05,1.59869e-05,1.44517e-05,1.28969e-05,1.13746e-05,9.95501e-06,8.72918e-06,7.81147e-06,7.34137e-06,7.48466e-06,8.43347e-06,1.0405e-05,1.36386e-05,1.83905e-05,2.4926e-05,3.35082e-05,4.4383e-05,5.77575e-05,7.3773e-05,9.24688e-05,0.000113739,0.000137273,0.000162499,0.000188528,0.000214108,0.000237618,0.000257136,0.000270601,0.000276102,0.000272264,0.000255454,0.000255454
3.56023e-05,3.56023e-05,3.52996e-05,3.49758e-05,3.46446e-05,3.43064e-05,3.39615e-05,3.36104e-05,3.32538e-05,3.2892e-05,3.25253e-05,3.21538e-05,3.17771e-05,3.13947e-05,3.10058e-05,3.06094e-05,3.02042e-05,2.97886e-05,2.9361e-05,2.89194e-05,2.84617e-05,2.79856e-05,2.74884e-05,2.69675e-05,2.642e-05,2.58426e-05,2.52323e-05,2.4586e-05,2.3901e-05,2.31752e-05,2.24078e-05,2.15997e-05,2.07547e-05,1.98803e-05,1.89894e-05,1.81019e-05,1.72466e-05,1.64635e-05,1.58062e-05,1.53449e-05,1.51685e-05,1.53879e-05,1.61378e-05,1.75787e-05,1.98985e-05,2.33124e-05,2.80616e-05,3.44103e-05,4.26408e-05,5.30437e-05,6.59055e-05,8.14887e-05,0.000100004,0.000121573,0.000146174,0.000173581,0.000203265,0.000234316,0.000265352,0.000294464,0.000319242,0.000336943,0.000344853,0.00034087,0.00031979,0.00031979
3.4975e-05,3.4975e-05,3.47476e-05,3.44787e-05,3.4185e-05,3.38689e-05,3.35329e-05,3.31793e-05,3.28102e-05,3.24275e-05,3.20326e-05,3.16266e-05,3.12102e-05,3.07839e-05,3.03475e-05,2.99011e-05,2.94441e-05,2.8976e-05,2.84962e-05,2.80041e-05,2.74989e-05,2.69803e-05,2.64477e-05,2.5901e-05,2.53403e-05,2.47661e-05,2.41793e-05,2.35815e-05,2.29754e-05,2.23649e-05,2.17556e-05,2.11554e-05,2.05754e-05,2.00307e-05,1.95418e-05,1.91359e-05,1.88483e-05,1.87251e-05,1.88247e-05,1.92205e-05,2.00036e-05,2.1285e-05,2.31987e-05,2.59037e-05,2.95864e-05,3.44617e-05,4.07736e-05,4.87947e-05,5.88231e-05,7.1177e-05,8.61852e-05,0.000104171,0.000125429,0.000150186,0.000178547,0.000210418,0.000245405,0.000282654,0.000320719,0.00035741,0.000389721,0.000413926,0.000425995,0.000422431,0.000395063,0.000395063
3.43763e-05,3.43763e-05,3.42223e-05,3.40059e-05,3.37468e-05,3.34497e-05,3.31192e-05,3.27593e-05,3.23739e-05,3.19659e-05,3.15381e-05,3.10925e-05,3.06309e-05,3.01543e-05,2.96635e-05,2.91589e-05,2.86407e-05,2.81092e-05,2.75644e-05,2.70067e-05,2.64364e-05,2.58544e-05,2.52619e-05,2.46606e-05,2.40531e-05,2.34427e-05,2.28337e-05,2.22317e-05,2.16439e-05,2.10794e-05,2.05496e-05,2.00691e-05,1.96558e-05,1.93325e-05,1.91274e-05,1.90756e-05,1.92206e-05,1.96161e-05,2.03276e-05,2.14349e-05,2.30346e-05,2.5242e-05,2.81947e-05,3.20543e-05,3.70098e-05,4.32795e-05,5.11131e-05,6.07932e-05,7.2635e-05,8.69853e-05,0.000104217,0.00012472,0.000148884,0.000177068,0.000209548,0.000246441,0.000287578,0.000332338,0.000379362,0.000426295,0.000469498,0.00050392,0.000523401,0.000521753,0.000484645,0.000484645
3.3831e-05,3.3831e-05,3.37449e-05,3.35757e-05,3.33461e-05,3.30632e-05,3.27334e-05,3.23626e-05,3.1956e-05,3.1518e-05,3.10525e-05,3.05625e-05,3.00503e-05,2.95179e-05,2.89664e-05,2.83967e-05,2.78095e-05,2.72053e-05,2.65847e-05,2.59486e-05,2.52979e-05,2.46344e-05,2.39604e-05,2.3279e-05,2.25944e-05,2.19121e-05,2.12389e-05,2.05835e-05,1.99567e-05,1.9372e-05,1.88457e-05,1.83977e-05,1.80525e-05,1.78394e-05,1.77942e-05,1.796e-05,1.83883e-05,1.91412e-05,2.02928e-05,2.19311e-05,2.41605e-05,2.71042e-05,3.09064e-05,3.57358e-05,4.17881e-05,4.92892e-05,5.84984e-05,6.97116e-05,8.32638e-05,9.95321e-05,0.000118936,0.000141936,0.000169027,0.000200719,0.000237509,0.000279806,0.000327818,0.000381348,0.000439477,0.000500029,0.000558954,0.000609669,0.000642795,0.000647075,0.000594649,0.000594649
3.33638e-05,3.33638e-05,3.33361e-05,3.32059e-05,3.29987e-05,3.27234e-05,3.23883e-05,3.20007e-05,3.15673e-05,3.1094e-05,3.05857e-05,3.00463e-05,2.94789e-05,2.88858e-05,2.82685e-05,2.76281e-05,2.69655e-05,2.62813e-05,2.55762e-05,2.48513e-05,2.41078e-05,2.33478e-05,2.25742e-05,2.17909e-05,2.10032e-05,2.02177e-05,1.94432e-05,1.86906e-05,1.79732e-05,1.73077e-05,1.67143e-05,1.62172e-05,1.58459e-05,1.56357e-05,1.56285e-05,1.58744e-05,1.64327e-05,1.73734e-05,1.87792e-05,2.07469e-05,2.33899e-05,2.68404e-05,3.12522e-05,3.68032e-05,4.36993e-05,5.21773e-05,6.25095e-05,7.50082e-05,9.00311e-05,0.000107987,0.000129344,0.000154633,0.000184458,0.000219498,0.000260495,0.000308231,0.000363446,0.000426664,0.000497848,0.000575763,0.000656849,0.000733494,0.000792242,0.000813008,0.000738587,0.000738587
3.2999e-05,3.2999e-05,3.30152e-05,3.29133e-05,3.27194e-05,3.24437e-05,3.20955e-05,3.1684e-05,3.12174e-05,3.07029e-05,3.01465e-05,2.95531e-05,2.89261e-05,2.82681e-05,2.75809e-05,2.68657e-05,2.6123e-05,2.53534e-05,2.45575e-05,2.37359e-05,2.289e-05,2.20218e-05,2.11343e-05,2.02314e-05,1.9319e-05,1.84044e-05,1.74974e-05,1.66099e-05,1.57572e-05,1.4958e-05,1.42349e-05,1.36156e-05,1.31331e-05,1.28269e-05,1.2744e-05,1.29401e-05,1.34808e-05,1.4443e-05,1.59167e-05,1.80069e-05,2.08356e-05,2.45441e-05,2.92959e-05,3.52791e-05,4.27105e-05,5.18396e-05,6.29529e-05,7.63804e-05,9.25025e-05,0.00011176,0.000134665,0.000161817,0.000193925,0.000231827,0.000276525,0.000329205,0.000391251,0.000464186,0.000549468,0.000647902,0.000758292,0.000874749,0.000981177,0.00104491,0.000950657,0.000950657
3.27561e-05,3.27561e-05,3.27982e-05,3.27125e-05,3.25221e-05,3.22364e-05,3.18662e-05,3.14224e-05,3.09149e-05,3.03526e-05,2.97426e-05,2.90904e-05,2.83999e-05,2.76738e-05,2.69139e-05,2.61209e-05,2.52952e-05,2.44367e-05,2.35457e-05,2.26223e-05,2.16673e-05,2.06824e-05,1.967e-05,1.86341e-05,1.75802e-05,1.65158e-05,1.54508e-05,1.43977e-05,1.33725e-05,1.2395e-05,1.14893e-05,1.06848e-05,1.0017e-05,9.52825e-06,9.2689e-06,9.29853e-06,9.68725e-06,1.05172e-05,1.18841e-05,1.38993e-05,1.66919e-05,2.04108e-05,2.52275e-05,3.13393e-05,3.89729e-05,4.83885e-05,5.98856e-05,7.38092e-05,9.05592e-05,0.000110602,0.000134487,0.000162868,0.000196537,0.00023647,0.000283889,0.000340358,0.000407902,0.000489163,0.000587533,0.000707117,0.000852022,0.00102364,0.00121329,0.00138106,0.00131675,0.00131675
3.26417e-05,3.26417e-05,3.26944e-05,3.26163e-05,3.242e-05,3.21138e-05,3.17107e-05,3.12242e-05,3.0667e-05,3.00495e-05,2.93799e-05,2.86644e-05,2.79071e-05,2.71105e-05,2.6276e-05,2.54038e-05,2.44936e-05,2.35448e-05,2.25566e-05,2.15284e-05,2.04604e-05,1.93532e-05,1.82086e-05,1.70299e-05,1.5822e-05,1.45919e-05,1.3349e-05,1.21058e-05,1.08781e-05,9.6859e-06,8.55377e-06,7.51187e-06,6.59664e-06,5.8519e-06,5.32982e-06,5.09225e-06,5.212e-06,5.77439e-06,6.87893e-06,8.64118e-06,1.11948e-05,1.46939e-05,1.93158e-05,2.5264e-05,3.27716e-05,4.21063e-05,5.35754e-05,6.75334e-05,8.43911e-05,0.000104629,0.000128817,0.000157638,0.000191933,0.000232756,0.000281469,0.000339892,0.00041053,0.00049695,0.00060438,0.000740633,0.000917391,0.0011514,0.00146249,0.00185385,0.00202545,0.00202545
3.26241e-05,3.26241e-05,3.26999e-05,3.26309e-05,3.24206e-05,3.20812e-05,3.16315e-05,3.109e-05,3.04725e-05,2.97915e-05,2.90563e-05,2.82732e-05,2.74464e-05,2.65779e-05,2.56682e-05,2.47169e-05,2.37226e-05,2.26837e-05,2.15983e-05,2.04647e-05,1.92819e-05,1.80494e-05,1.67681e-05,1.544e-05,1.4069e-05,1.26611e-05,1.12248e-05,9.77171e-06,8.31689e-06,6.87964e-06,5.48408e-06,4.16004e-06,2.94385e-06,1.87942e-06,1.0193e-06,4.25993e-07,1.73286e-07,3.47799e-07,1.05066e-06,2.39938e-06,4.52986e-06,7.59871e-06,1.17858e-05,1.72974e-05,2.43693e-05,3.32715e-05,4.43133e-05,5.78501e-05,7.42933e-05,9.41225e-05,0.000117905,0.000146322,0.000180211,0.000220632,0.000268969,0.000327101,0.000397701,0.000484751,0.000594488,0.000737163,0.00093039,0.0012056,0.00162127,0.00229387,0.00344163,0.00344163
3.26241e-05,3.26241e-05,3.26999e-05,3.26309e-05,3.24206e-05,3.20812e-05,3.16315e-05,3.109e-05,3.04725e-05,2.97915e-05,2.90563e-05,2.82732e-05,2.74464e-05,2.65779e-05,2.56682e-05,2.47169e-05,2.37226e-05,2.26837e-05,2.15983e-05,2.04647e-05,1.92819e-05,1.80494e-05,1.67681e-05,1.544e-05,1.4069e-05,1.26611e-05,1.12248e-05,9.77171e-06,8.31689e-06,6.87964e-06,5.48408e-06,4.16004e-06,2.94385e-06,1.87942e-06,1.0193e-06,4.25993e-07,1.73286e-07,3.47799e-07,1.05066e-06,2.39938e-06,4.52986e-06,7.59871e-06,1.17858e-05,1.72974e-05,2.43693e-05,3.32715e-05,4.43133e-05,5.78501e-05,7.42933e-05,9.41225e-05,0.000117905,0.000146322,0.000180211,0.000220632,0.000268969,0.000327101,0.000397701,0.000484751,0.000594488,0.000737163,0.00093039,0.0012056,0.00162127,0.00229387,0.00344163,0
