0,-0.0038108,-0.00454422,-0.00591601,-0.00804831,-0.011109,-0.0152814,-0.0206789,-0.0271391,-0.0338137,0.161382,1
0,-0.00710087,-0.0087667,-0.0107596,-0.0139549,-0.0186065,-0.0249993,-0.0333121,-0.0434165,-0.0348715,0.215285,1
0,-0.00910845,-0.0116419,-0.014132,-0.0181097,-0.0239458,-0.0320062,-0.0425457,-0.0540343,-0.0369451,0.257264,1
0,-0.0104851,-0.0137889,-0.0166997,-0.0213125,-0.0281138,-0.0375455,-0.0498454,-0.0623144,-0.0367151,0.289077,1
0,-0.0115398,-0.0155561,-0.0188479,-0.0240157,-0.031663,-0.0422993,-0.0561237,-0.069136,-0.0355109,0.315259,1
0,-0.0123605,-0.0170457,-0.0206901,-0.0263559,-0.0347648,-0.0464899,-0.0616604,-0.0749101,-0.0335846,0.337602,1
0,-0.013061,-0.018377,-0.0223564,-0.0284825,-0.0375961,-0.05033,-0.0667146,-0.0799617,-0.0312337,0.357038,1
0,-0.0136399,-0.0195547,-0.0238529,-0.0304064,-0.0401759,-0.0538502,-0.0713344,-0.0843771,-0.0285274,0.374258,1
0,-0.0141577,-0.0206422,-0.0252488,-0.0322072,-0.042598,-0.0571619,-0.0756534,-0.0883261,-0.0256213,0.38964,1
0,-0.0146151,-0.0216446,-0.02655,-0.0338935,-0.0448752,-0.0602845,-0.0797004,-0.0918587,-0.0225476,0.40354,1
0,-0.0150037,-0.0225554,-0.0277506,-0.0354611,-0.0470065,-0.063221,-0.0834849,-0.0950009,-0.0193174,0.416232,1
0,-0.0153651,-0.0234179,-0.0288976,-0.036963,-0.0490527,-0.0660419,-0.0870889,-0.0978539,-0.0160257,0.427832,1
0,-0.0156937,-0.0242288,-0.0299871,-0.0383957,-0.0510112,-0.0687458,-0.0905143,-0.10043,-0.0126729,0.438514,1
0,-0.015992,-0.0249923,-0.031024,-0.0397657,-0.052891,-0.0713446,-0.0937772,-0.102756,-0.00927652,0.448395,1
0,-0.0162491,-0.025698,-0.0319977,-0.041062,-0.0546809,-0.0738276,-0.0968683,-0.10483,-0.00582457,0.457598,1
0,-0.0164962,-0.0263782,-0.0329431,-0.0423241,-0.0564258,-0.0762458,-0.0998461,-0.106723,-0.0023841,0.466145,1
0,-0.016726,-0.0270273,-0.0338535,-0.0435443,-0.0581177,-0.0785906,-0.102703,-0.108431,0.00105931,0.474124,1
0,-0.0169386,-0.027646,-0.0347303,-0.0447249,-0.0597596,-0.0808666,-0.105445,-0.109969,0.00450045,0.481595,1
0,-0.0171357,-0.0282367,-0.035576,-0.045869,-0.061356,-0.0830789,-0.10808,-0.111348,0.00793163,0.488606,1
0,-0.0173057,-0.0287883,-0.0363786,-0.0469637,-0.0628926,-0.0852127,-0.110593,-0.112557,0.0113727,0.495224,1
0,-0.0174742,-0.029327,-0.0371668,-0.0480413,-0.0644063,-0.0873094,-0.113031,-0.113652,0.0147698,0.501435,1
0,-0.017634,-0.0298467,-0.0379334,-0.0490933,-0.0658874,-0.0893579,-0.115383,-0.114623,0.018139,0.507292,1
0,-0.0177842,-0.0303467,-0.0386779,-0.0501198,-0.0673362,-0.0913594,-0.11765,-0.115477,0.0214793,0.512826,1
0,-0.0179252,-0.0308282,-0.0394016,-0.0511223,-0.068755,-0.0933164,-0.119838,-0.116221,0.0247886,0.518062,1
0,-0.0180579,-0.0312923,-0.0401058,-0.0521024,-0.0701456,-0.0952313,-0.121948,-0.116867,0.0280679,0.523022,1
0,-0.0181715,-0.0317282,-0.0407787,-0.0530469,-0.0714936,-0.097088,-0.123965,-0.117396,0.0313372,0.527751,1
0,-0.0182875,-0.0321584,-0.0414449,-0.053984,-0.0728308,-0.0989227,-0.125929,-0.117855,0.0345491,0.53222,1
0,-0.0183996,-0.0325768,-0.0420975,-0.0549052,-0.0741474,-0.100724,-0.127829,-0.118233,0.0377205,0.536465,1
0,-0.0185063,-0.0329823,-0.0427353,-0.0558097,-0.0754427,-0.102491,-0.129665,-0.118533,0.0408522,0.540503,1
0,-0.0186077,-0.0333754,-0.043359,-0.0566981,-0.0767177,-0.104226,-0.131439,-0.118758,0.0439435,0.544349,1
0,-0.0187042,-0.0337568,-0.0439691,-0.0575713,-0.0779734,-0.105929,-0.133154,-0.118914,0.0469932,0.548015,1
0,-0.0187965,-0.0341271,-0.0445663,-0.0584297,-0.07921,-0.1076,-0.13481,-0.119003,0.0499972,0.551508,1
0,-0.0188846,-0.0344866,-0.0451509,-0.0592738,-0.0804282,-0.109241,-0.136408,-0.119029,0.0529556,0.55484,1
0,-0.0189584,-0.0348251,-0.0457117,-0.0600911,-0.0816138,-0.110836,-0.137934,-0.118976,0.0558905,0.558044,1
0,-0.0190367,-0.0351621,-0.0462704,-0.0609063,-0.0827953,-0.112417,-0.139422,-0.118886,0.0587599,0.561086,1
0,-0.0191139,-0.0354922,-0.0468205,-0.0617115,-0.0839631,-0.113972,-0.140862,-0.118745,0.0615808,0.563992,1
0,-0.0191884,-0.0358141,-0.0473607,-0.0625056,-0.0851162,-0.115502,-0.142253,-0.118556,0.0643557,0.566772,1
0,-0.0192601,-0.0361279,-0.0478912,-0.0632888,-0.086255,-0.117006,-0.143596,-0.11832,0.0670849,0.569435,1
0,-0.0193291,-0.0364339,-0.0484124,-0.0640615,-0.0873799,-0.118485,-0.144892,-0.11804,0.0697688,0.571986,1
0,-0.0193955,-0.0367325,-0.0489248,-0.0648243,-0.0884915,-0.11994,-0.146144,-0.117719,0.0724077,0.574433,1
0,-0.0194597,-0.0370241,-0.0494287,-0.0655777,-0.0895905,-0.121371,-0.147353,-0.117358,0.075002,0.576781,1
0,-0.0195218,-0.037309,-0.0499244,-0.066322,-0.0906772,-0.12278,-0.14852,-0.116961,0.0775521,0.579035,1
0,-0.0195818,-0.0375876,-0.0504125,-0.0670577,-0.0917522,-0.124166,-0.149646,-0.116529,0.0800584,0.581201,1
0,-0.01964,-0.03786,-0.0508931,-0.0677851,-0.0928158,-0.125531,-0.150733,-0.116064,0.0825213,0.583284,1
0,-0.0196964,-0.0381267,-0.0513666,-0.0685046,-0.0938685,-0.126874,-0.151783,-0.115567,0.0849414,0.585287,1
0,-0.0197422,-0.0383784,-0.0518227,-0.0692045,-0.0948967,-0.128181,-0.152778,-0.115021,0.08734,0.587237,1
0,-0.0198024,-0.0386413,-0.052291,-0.0699187,-0.0959397,-0.129496,-0.153771,-0.114483,0.0896581,0.589074,1
0,-0.0198475,-0.0388848,-0.0527365,-0.0706065,-0.09695,-0.130765,-0.154698,-0.113886,0.0919715,0.590882,1
0,-0.0198964,-0.0391287,-0.0531823,-0.0712955,-0.0979601,-0.132026,-0.155605,-0.113279,0.0942284,0.592609,1
0,-0.0199457,-0.0393698,-0.0536241,-0.0719797,-0.0989625,-0.133269,-0.15648,-0.112651,0.0964436,0.594273,1
0,-0.0199943,-0.0396069,-0.0540607,-0.072658,-0.0999562,-0.134494,-0.157324,-0.112002,0.0986194,0.595878,1
0,-0.0200418,-0.0398397,-0.054492,-0.0733304,-0.100941,-0.135701,-0.158137,-0.111334,0.100757,0.597428,1
0,-0.0200884,-0.0400686,-0.0549182,-0.0739971,-0.101917,-0.13689,-0.158919,-0.110646,0.102856,0.598925,1
0,-0.020134,-0.0402936,-0.0553394,-0.0746582,-0.102885,-0.138061,-0.159671,-0.109941,0.104918,0.600372,1
0,-0.0201788,-0.0405149,-0.0557559,-0.075314,-0.103844,-0.139215,-0.160395,-0.10922,0.106944,0.601772,1
0,-0.0202227,-0.0407327,-0.0561678,-0.0759646,-0.104796,-0.140351,-0.161091,-0.108484,0.108933,0.603126,1
0,-0.0202658,-0.040947,-0.0565753,-0.0766102,-0.105739,-0.141471,-0.161759,-0.107734,0.110888,0.604437,1
0,-0.0203083,-0.0411581,-0.0569785,-0.0772509,-0.106675,-0.142574,-0.162401,-0.106972,0.112808,0.605706,1
0,-0.02035,-0.041366,-0.0573776,-0.0778868,-0.107603,-0.143661,-0.163017,-0.106198,0.114695,0.606936,1
0,-0.0203911,-0.041571,-0.0577726,-0.0785182,-0.108523,-0.144732,-0.163607,-0.105414,0.116548,0.608128,1
0,-0.0204317,-0.041773,-0.0581639,-0.0791452,-0.109436,-0.145787,-0.164173,-0.10462,0.118369,0.609284,1
0,-0.0204716,-0.0419722,-0.0585514,-0.0797678,-0.110342,-0.146826,-0.164715,-0.103816,0.120158,0.610405,1
0,-0.0205111,-0.0421687,-0.0589353,-0.0803863,-0.111241,-0.14785,-0.165234,-0.103005,0.121916,0.611493,1
0,-0.02055,-0.0423627,-0.0593158,-0.0810006,-0.112133,-0.148858,-0.16573,-0.102186,0.123643,0.61255,1
0,-0.0205807,-0.0425458,-0.0596835,-0.0816001,-0.113005,-0.149837,-0.166187,-0.101342,0.125359,0.613597,1
0,-0.0206245,-0.0427409,-0.0600644,-0.0822151,-0.113893,-0.150828,-0.166653,-0.100526,0.127009,0.614575,1
0,-0.0206563,-0.0429213,-0.0604276,-0.0828089,-0.114753,-0.151779,-0.16707,-0.0996728,0.128664,0.615563,1
0,-0.0206919,-0.0431039,-0.0607933,-0.0834059,-0.115615,-0.152727,-0.167478,-0.0988288,0.130276,0.616507,1
0,-0.0207287,-0.0432859,-0.0611576,-0.0840009,-0.116473,-0.153662,-0.167869,-0.0979824,0.131859,0.617424,1
0,-0.0207655,-0.0434663,-0.0615194,-0.0845926,-0.117323,-0.154583,-0.16824,-0.0971328,0.133413,0.618316,1
0,-0.0208021,-0.0436448,-0.0618784,-0.085181,-0.118168,-0.15549,-0.168592,-0.0962801,0.134941,0.619184,1
0,-0.0208384,-0.0438213,-0.0622348,-0.0857659,-0.119006,-0.156383,-0.168926,-0.0954248,0.136443,0.620029,1
0,-0.0208744,-0.0439961,-0.0625885,-0.0863475,-0.119837,-0.157263,-0.169242,-0.0945675,0.137919,0.620853,1
0,-0.0209102,-0.0441691,-0.0629397,-0.0869259,-0.120663,-0.158129,-0.169541,-0.0937085,0.13937,0.621655,1
0,-0.0209458,-0.0443404,-0.0632885,-0.087501,-0.121481,-0.158982,-0.169822,-0.0928484,0.140796,0.622437,1
0,-0.0209811,-0.04451,-0.0636348,-0.0880729,-0.122294,-0.159821,-0.170087,-0.0919876,0.142198,0.623199,1
0,-0.0210162,-0.0446781,-0.0639788,-0.0886418,-0.1231,-0.160648,-0.170336,-0.0911264,0.143577,0.623943,1
0,-0.0210511,-0.0448446,-0.0643205,-0.0892075,-0.1239,-0.161462,-0.17057,-0.0902653,0.144932,0.624668,1
0,-0.0210858,-0.0450097,-0.0646601,-0.0897703,-0.124694,-0.162263,-0.170788,-0.0894045,0.146265,0.625376,1
0,-0.0211204,-0.0451734,-0.0649975,-0.09033,-0.125482,-0.163052,-0.170991,-0.0885445,0.147575,0.626068,1
0,-0.0211548,-0.0453356,-0.0653327,-0.0908868,-0.126263,-0.163828,-0.17118,-0.0876856,0.148864,0.626742,1
0,-0.0211891,-0.0454966,-0.065666,-0.0914406,-0.127039,-0.164592,-0.171355,-0.086828,0.150131,0.627401,1
0,-0.0212232,-0.0456563,-0.0659973,-0.0919916,-0.127808,-0.165344,-0.171517,-0.0859721,0.151378,0.628045,1
0,-0.0212572,-0.0458147,-0.0663266,-0.0925398,-0.128572,-0.166084,-0.171665,-0.0851181,0.152604,0.628675,1
0,-0.0212911,-0.045972,-0.066654,-0.0930851,-0.129329,-0.166812,-0.171801,-0.0842664,0.15381,0.62929,1
0,-0.0213249,-0.0461281,-0.0669796,-0.0936276,-0.13008,-0.167528,-0.171924,-0.083417,0.154997,0.629891,1
0,-0.0213586,-0.0462831,-0.0673033,-0.0941673,-0.130825,-0.168233,-0.172035,-0.0825703,0.156164,0.630479,1
0,-0.0213922,-0.046437,-0.0676253,-0.0947042,-0.131565,-0.168926,-0.172134,-0.0817265,0.157313,0.631055,1
0,-0.0214257,-0.0465899,-0.0679456,-0.0952385,-0.132298,-0.169608,-0.172222,-0.0808859,0.158443,0.631618,1
0,-0.0214591,-0.0467417,-0.0682642,-0.09577,-0.133026,-0.170279,-0.172299,-0.0800485,0.159555,0.632168,1
0,-0.0214925,-0.0468926,-0.0685811,-0.0962988,-0.133747,-0.170939,-0.172365,-0.0792145,0.160649,0.632708,1
0,-0.0215258,-0.0470425,-0.0688964,-0.0968249,-0.134463,-0.171588,-0.172421,-0.0783842,0.161726,0.633236,1
0,-0.0215591,-0.0471915,-0.0692101,-0.0973484,-0.135173,-0.172227,-0.172467,-0.0775578,0.162787,0.633753,1
0,-0.0215923,-0.0473397,-0.0695222,-0.0978691,-0.135877,-0.172854,-0.172502,-0.0767353,0.16383,0.634259,1
0,-0.0216254,-0.0474869,-0.0698328,-0.0983873,-0.136575,-0.173472,-0.172529,-0.0759168,0.164857,0.634756,1
0,-0.0216585,-0.0476333,-0.0701419,-0.0989028,-0.137267,-0.174078,-0.172546,-0.0751027,0.165869,0.635242,1
0,-0.0216916,-0.047779,-0.0704495,-0.0994156,-0.137953,-0.174675,-0.172554,-0.0742929,0.166865,0.635718,1
0,-0.0217246,-0.0479238,-0.0707557,-0.0999259,-0.138634,-0.175262,-0.172554,-0.0734875,0.167845,0.636186,1
0,-0.0217576,-0.0480679,-0.0710604,-0.100433,-0.139309,-0.175838,-0.172545,-0.0726868,0.16881,0.636644,1
0,-0.0217906,-0.0482112,-0.0713637,-0.100938,-0.139978,-0.176405,-0.172528,-0.0718907,0.169761,0.637093,1
0,-0.0218235,-0.0483538,-0.0716656,-0.101441,-0.140642,-0.176963,-0.172504,-0.0710994,0.170698,0.637533,1
0,-0.0218564,-0.0484957,-0.0719662,-0.101941,-0.141299,-0.17751,-0.172472,-0.0703129,0.17162,0.637966,1
0,-0.0218893,-0.048637,-0.0722654,-0.102438,-0.141951,-0.178048,-0.172432,-0.0695315,0.172528,0.63839,1
0,-0.0219222,-0.0487775,-0.0725633,-0.102933,-0.142598,-0.178577,-0.172386,-0.068755,0.173423,0.638806,1
0,-0.0219551,-0.0489175,-0.0728598,-0.103425,-0.143238,-0.179097,-0.172332,-0.0679836,0.174305,0.639214,1
0,-0.0219879,-0.0490568,-0.0731551,-0.103914,-0.143873,-0.179608,-0.172272,-0.0672173,0.175173,0.639615,1
0,-0.0220208,-0.0491955,-0.0734491,-0.104401,-0.144503,-0.180109,-0.172206,-0.0664563,0.176029,0.640009,1
0,-0.0220536,-0.0493336,-0.0737418,-0.104885,-0.145127,-0.180602,-0.172133,-0.0657005,0.176872,0.640396,1
0,-0.0220864,-0.0494711,-0.0740332,-0.105367,-0.145745,-0.181086,-0.172055,-0.06495,0.177703,0.640775,1
0,-0.0221126,-0.0496008,-0.0743151,-0.105836,-0.146346,-0.181549,-0.171955,-0.0641881,0.17854,0.641167,1
0,-0.0221501,-0.0497423,-0.0746103,-0.10632,-0.146962,-0.182027,-0.171878,-0.0634627,0.179332,0.641517,1
0,-0.022178,-0.0498727,-0.0748915,-0.106786,-0.147554,-0.182475,-0.17177,-0.0627136,0.180143,0.641894,1
0,-0.0222158,-0.0500134,-0.0751845,-0.107265,-0.14816,-0.182937,-0.171683,-0.0619993,0.180911,0.64223,1
0,-0.0222438,-0.0501428,-0.0754633,-0.107726,-0.148741,-0.183368,-0.171564,-0.0612612,0.1817,0.642595,1
0,-0.0222816,-0.0502825,-0.0757539,-0.1082,-0.149336,-0.183814,-0.171467,-0.0605579,0.182446,0.642919,1
0,-0.0223096,-0.050411,-0.0760304,-0.108656,-0.149906,-0.184229,-0.171339,-0.0598308,0.183214,0.643272,1
0,-0.0223474,-0.0505497,-0.0763187,-0.109125,-0.15049,-0.18466,-0.171233,-0.0591384,0.183938,0.643585,1
0,-0.0223755,-0.0506772,-0.0765929,-0.109575,-0.151049,-0.18506,-0.171097,-0.0584223,0.184685,0.643927,1
0,-0.0224132,-0.050815,-0.0768787,-0.110039,-0.151622,-0.185475,-0.170982,-0.057741,0.185389,0.644229,1
0,-0.0224413,-0.0509416,-0.0771506,-0.110484,-0.152171,-0.18586,-0.170838,-0.0570361,0.186116,0.64456,1
0,-0.022479,-0.0510784,-0.0774342,-0.110943,-0.152734,-0.186261,-0.170715,-0.0563658,0.1868,0.644852,1
0,-0.0225071,-0.0512042,-0.0777038,-0.111383,-0.153272,-0.186631,-0.170563,-0.055672,0.187507,0.645172,1
0,-0.0225383,-0.051333,-0.0779769,-0.111826,-0.153812,-0.187005,-0.170419,-0.0549961,0.188191,0.645473,1
0,-0.0225774,-0.05147,-0.0782584,-0.112278,-0.154361,-0.187385,-0.170288,-0.0543441,0.188846,0.645749,1
0,-0.0226059,-0.0515948,-0.0785249,-0.112711,-0.154884,-0.187736,-0.170126,-0.0536672,0.189524,0.646055,1
0,-0.0226371,-0.0517225,-0.0787947,-0.113147,-0.155409,-0.188088,-0.169972,-0.053008,0.190181,0.646342,1
0,-0.0226697,-0.0518511,-0.0790647,-0.113582,-0.15593,-0.188436,-0.169817,-0.052356,0.190827,0.646622,1
0,-0.0227027,-0.0519796,-0.0793338,-0.114014,-0.156447,-0.188777,-0.169659,-0.0517097,0.191464,0.646898,1
0,-0.0227357,-0.0521077,-0.0796019,-0.114444,-0.156958,-0.189112,-0.169499,-0.051069,0.192093,0.64717,1
0,-0.0227687,-0.0522355,-0.0798689,-0.114871,-0.157465,-0.189441,-0.169336,-0.0504337,0.192713,0.647437,1
0,-0.0228017,-0.052363,-0.0801348,-0.115296,-0.157966,-0.189763,-0.16917,-0.0498039,0.193325,0.647701,1
0,-0.0228347,-0.05249,-0.0803995,-0.115718,-0.158463,-0.190079,-0.169002,-0.0491795,0.193929,0.64796,1
0,-0.0228677,-0.0526166,-0.0806632,-0.116137,-0.158954,-0.190389,-0.168832,-0.0485604,0.194525,0.648215,1
0,-0.0229007,-0.0527429,-0.0809257,-0.116554,-0.159441,-0.190694,-0.16866,-0.0479468,0.195114,0.648467,1
0,-0.0229337,-0.0528688,-0.0811872,-0.116968,-0.159923,-0.190992,-0.168486,-0.0473385,0.195695,0.648715,1
0,-0.0229667,-0.0529944,-0.0814475,-0.11738,-0.1604,-0.191285,-0.16831,-0.0467356,0.196268,0.648959,1
0,-0.0229997,-0.0531196,-0.0817067,-0.117789,-0.160872,-0.191572,-0.168132,-0.0461379,0.196835,0.6492,1
0,-0.0230327,-0.0532444,-0.0819648,-0.118195,-0.161339,-0.191854,-0.167952,-0.0455456,0.197394,0.649437,1
0,-0.0230657,-0.0533688,-0.0822218,-0.118599,-0.161802,-0.19213,-0.167771,-0.0449584,0.197945,0.64967,1
0,-0.0230987,-0.0534929,-0.0824777,-0.119,-0.162259,-0.192401,-0.167589,-0.0443765,0.19849,0.6499,1
0,-0.0231317,-0.0536167,-0.0827325,-0.119399,-0.162713,-0.192667,-0.167405,-0.0437998,0.199028,0.650127,1
0,-0.0231647,-0.0537401,-0.0829862,-0.119795,-0.163161,-0.192927,-0.167219,-0.0432283,0.19956,0.650351,1
0,-0.0231976,-0.0538631,-0.0832388,-0.120189,-0.163605,-0.193182,-0.167033,-0.0426618,0.200084,0.650571,1
0,-0.0232306,-0.0539858,-0.0834902,-0.12058,-0.164044,-0.193433,-0.166845,-0.0421005,0.200603,0.650789,1
0,-0.0232635,-0.0541081,-0.0837406,-0.120968,-0.164479,-0.193678,-0.166656,-0.0415443,0.201114,0.651003,1
0,-0.0232965,-0.0542301,-0.0839899,-0.121354,-0.16491,-0.193919,-0.166466,-0.0409932,0.20162,0.651215,1
0,-0.0233294,-0.0543518,-0.084238,-0.121737,-0.165335,-0.194154,-0.166275,-0.0404472,0.202119,0.651423,1
0,-0.0233623,-0.054473,-0.084485,-0.122117,-0.165757,-0.194386,-0.166084,-0.0399062,0.202613,0.651629,1
0,-0.0233953,-0.054594,-0.084731,-0.122495,-0.166174,-0.194612,-0.165891,-0.0393702,0.2031,0.651832,1
0,-0.0234281,-0.0547146,-0.0849758,-0.122871,-0.166587,-0.194834,-0.165698,-0.0388391,0.203582,0.652032,1
0,-0.023461,-0.0548348,-0.0852195,-0.123244,-0.166995,-0.195052,-0.165505,-0.0383129,0.204058,0.652229,1
0,-0.0234939,-0.0549547,-0.085462,-0.123614,-0.167399,-0.195265,-0.16531,-0.0377916,0.204528,0.652424,1
0,-0.0235268,-0.0550742,-0.0857035,-0.123982,-0.167799,-0.195474,-0.165116,-0.0372751,0.204992,0.652616,1
0,-0.0235596,-0.0551934,-0.0859438,-0.124348,-0.168194,-0.195679,-0.16492,-0.0367634,0.205452,0.652806,1
0,-0.0235924,-0.0553123,-0.0861831,-0.12471,-0.168586,-0.19588,-0.164725,-0.0362565,0.205905,0.652993,1
0,-0.0236252,-0.0554307,-0.0864212,-0.125071,-0.168973,-0.196077,-0.164529,-0.0357543,0.206353,0.653178,1
0,-0.023658,-0.0555489,-0.0866582,-0.125428,-0.169356,-0.196269,-0.164332,-0.0352568,0.206797,0.65336,1
0,-0.0236908,-0.0556667,-0.086894,-0.125783,-0.169735,-0.196458,-0.164136,-0.0347639,0.207234,0.65354,1
0,-0.0237235,-0.0557841,-0.0871288,-0.126136,-0.17011,-0.196643,-0.163939,-0.0342756,0.207667,0.653718,1
0,-0.0237562,-0.0559012,-0.0873624,-0.126486,-0.170481,-0.196825,-0.163742,-0.0337919,0.208095,0.653893,1
0,-0.0237889,-0.0560179,-0.0875949,-0.126834,-0.170848,-0.197002,-0.163545,-0.0333127,0.208518,0.654066,1
0,-0.0238216,-0.0561343,-0.0878263,-0.127179,-0.171211,-0.197176,-0.163348,-0.0328379,0.208936,0.654237,1
0,-0.0238542,-0.0562503,-0.0880565,-0.127522,-0.17157,-0.197347,-0.163151,-0.0323677,0.209349,0.654406,1
0,-0.0238869,-0.056366,-0.0882857,-0.127862,-0.171926,-0.197514,-0.162954,-0.0319018,0.209757,0.654573,1
0,-0.0239194,-0.0564813,-0.0885136,-0.1282,-0.172277,-0.197677,-0.162757,-0.0314404,0.210161,0.654737,1
0,-0.023952,-0.0565962,-0.0887405,-0.128536,-0.172625,-0.197837,-0.16256,-0.0309832,0.21056,0.6549,1
0,-0.0239845,-0.0567108,-0.0889663,-0.128869,-0.172969,-0.197994,-0.162363,-0.0305304,0.210955,0.65506,1
0,-0.024017,-0.056825,-0.0891909,-0.129199,-0.17331,-0.198148,-0.162167,-0.0300818,0.211345,0.655219,1
0,-0.0240495,-0.0569389,-0.0894143,-0.129527,-0.173646,-0.198298,-0.16197,-0.0296374,0.211731,0.655376,1
0,-0.0240819,-0.0570524,-0.0896367,-0.129853,-0.173979,-0.198446,-0.161774,-0.0291973,0.212112,0.65553,1
0,-0.0241143,-0.0571655,-0.0898579,-0.130176,-0.174309,-0.19859,-0.161578,-0.0287612,0.212489,0.655683,1
0,-0.0241467,-0.0572783,-0.090078,-0.130497,-0.174634,-0.198731,-0.161383,-0.0283293,0.212862,0.655834,1
0,-0.024179,-0.0573907,-0.090297,-0.130815,-0.174957,-0.19887,-0.161188,-0.0279014,0.213231,0.655983,1
0,-0.0242113,-0.0575027,-0.0905148,-0.131131,-0.175276,-0.199005,-0.160993,-0.0274776,0.213596,0.656131,1
0,-0.0242435,-0.0576144,-0.0907315,-0.131445,-0.175591,-0.199138,-0.160799,-0.0270578,0.213957,0.656276,1
0,-0.0242758,-0.0577257,-0.090947,-0.131756,-0.175903,-0.199267,-0.160605,-0.0266419,0.214314,0.65642,1
0,-0.0243079,-0.0578366,-0.0911615,-0.132065,-0.176211,-0.199394,-0.160412,-0.02623,0.214667,0.656563,1
0,-0.02434,-0.0579471,-0.0913748,-0.132372,-0.176516,-0.199519,-0.160219,-0.0258219,0.215016,0.656703,1
0,-0.0243721,-0.0580573,-0.0915869,-0.132676,-0.176818,-0.19964,-0.160026,-0.0254177,0.215361,0.656842,1
0,-0.0244041,-0.058167,-0.091798,-0.132978,-0.177117,-0.19976,-0.159834,-0.0250173,0.215702,0.656979,1
0,-0.0244361,-0.0582764,-0.0920079,-0.133278,-0.177412,-0.199876,-0.159643,-0.0246207,0.21604,0.657115,1
0,-0.0244681,-0.0583854,-0.0922166,-0.133575,-0.177704,-0.19999,-0.159452,-0.0242278,0.216374,0.657249,1
0,-0.0244999,-0.0584941,-0.0924243,-0.13387,-0.177993,-0.200102,-0.159262,-0.0238386,0.216705,0.657382,1
0,-0.0245318,-0.0586023,-0.0926308,-0.134163,-0.178279,-0.200211,-0.159073,-0.0234531,0.217032,0.657513,1
0,-0.0245636,-0.0587102,-0.0928362,-0.134454,-0.178561,-0.200318,-0.158884,-0.0230712,0.217355,0.657642,1
0,-0.0245953,-0.0588176,-0.0930404,-0.134742,-0.178841,-0.200423,-0.158696,-0.0226929,0.217675,0.657771,1
0,-0.024627,-0.0589247,-0.0932435,-0.135028,-0.179118,-0.200526,-0.158508,-0.0223182,0.217992,0.657897,1
0,-0.0246586,-0.0590314,-0.0934455,-0.135312,-0.179391,-0.200626,-0.158321,-0.021947,0.218305,0.658022,1
0,-0.0246901,-0.0591377,-0.0936464,-0.135594,-0.179661,-0.200724,-0.158135,-0.0215793,0.218615,0.658146,1
0,-0.0247216,-0.0592436,-0.0938461,-0.135873,-0.179929,-0.20082,-0.15795,-0.0212151,0.218922,0.658269,1
0,-0.0247531,-0.0593491,-0.0940447,-0.13615,-0.180194,-0.200914,-0.157765,-0.0208543,0.219225,0.65839,1
0,-0.0247845,-0.0594542,-0.0942422,-0.136425,-0.180455,-0.201005,-0.157581,-0.0204969,0.219526,0.658509,1
0,-0.0248158,-0.0595589,-0.0944386,-0.136698,-0.180714,-0.201095,-0.157398,-0.0201428,0.219823,0.658628,1
0,-0.024847,-0.0596631,-0.0946338,-0.136969,-0.18097,-0.201183,-0.157216,-0.0197921,0.220117,0.658745,1
0,-0.0248782,-0.059767,-0.0948279,-0.137238,-0.181223,-0.201269,-0.157034,-0.0194447,0.220408,0.658861,1
0,-0.0249093,-0.0598705,-0.095021,-0.137504,-0.181474,-0.201353,-0.156853,-0.0191005,0.220696,0.658975,1
0,-0.0249404,-0.0599736,-0.0952128,-0.137768,-0.181721,-0.201435,-0.156673,-0.0187596,0.220981,0.659089,1
0,-0.0249714,-0.0600763,-0.0954036,-0.138031,-0.181966,-0.201515,-0.156494,-0.0184218,0.221263,0.659201,1
0,-0.0250023,-0.0601785,-0.0955933,-0.138291,-0.182209,-0.201594,-0.156316,-0.0180872,0.221542,0.659311,1
0,-0.0250332,-0.0602804,-0.0957818,-0.138549,-0.182448,-0.201671,-0.156139,-0.0177558,0.221818,0.659421,1
0,-0.025064,-0.0603818,-0.0959693,-0.138805,-0.182685,-0.201746,-0.155962,-0.0174275,0.222092,0.659529,1
0,-0.0250947,-0.0604829,-0.0961556,-0.139059,-0.18292,-0.201819,-0.155786,-0.0171022,0.222362,0.659637,1
0,-0.0251253,-0.0605835,-0.0963408,-0.139311,-0.183152,-0.201891,-0.155611,-0.01678,0.22263,0.659743,1
0,-0.0251559,-0.0606837,-0.0965249,-0.139561,-0.183381,-0.201961,-0.155438,-0.0164607,0.222896,0.659848,1
0,-0.0251864,-0.0607835,-0.096708,-0.139808,-0.183608,-0.20203,-0.155264,-0.0161445,0.223158,0.659952,1
0,-0.0252168,-0.0608828,-0.0968899,-0.140054,-0.183832,-0.202097,-0.155092,-0.0158312,0.223418,0.660055,1
0,-0.0252471,-0.0609818,-0.0970707,-0.140298,-0.184054,-0.202163,-0.154921,-0.0155208,0.223675,0.660156,1
0,-0.0252774,-0.0610803,-0.0972504,-0.14054,-0.184274,-0.202227,-0.154751,-0.0152134,0.22393,0.660257,1
0,-0.0253075,-0.0611784,-0.0974291,-0.14078,-0.184491,-0.20229,-0.154581,-0.0149087,0.224182,0.660357,1
0,-0.0253376,-0.0612761,-0.0976066,-0.141018,-0.184706,-0.202351,-0.154413,-0.0146069,0.224432,0.660455,1
0,-0.0253676,-0.0613733,-0.0977831,-0.141254,-0.184918,-0.202411,-0.154245,-0.014308,0.224679,0.660553,1
0,-0.0253976,-0.0614702,-0.0979585,-0.141488,-0.185129,-0.202469,-0.154078,-0.0140118,0.224923,0.660649,1
0,-0.0254274,-0.0615666,-0.0981328,-0.14172,-0.185336,-0.202526,-0.153913,-0.0137183,0.225166,0.660745,1
0,-0.0254572,-0.0616626,-0.098306,-0.141951,-0.185542,-0.202582,-0.153748,-0.0134276,0.225405,0.660839,1
0,-0.0254868,-0.0617581,-0.0984782,-0.142179,-0.185745,-0.202637,-0.153584,-0.0131395,0.225643,0.660933,1
0,-0.0255164,-0.0618532,-0.0986492,-0.142406,-0.185947,-0.20269,-0.153421,-0.0128542,0.225878,0.661025,1
0,-0.0255459,-0.0619479,-0.0988192,-0.142631,-0.186146,-0.202742,-0.153259,-0.0125714,0.226111,0.661117,1
0,-0.0255753,-0.0620422,-0.0989882,-0.142853,-0.186343,-0.202793,-0.153098,-0.0122913,0.226341,0.661208,1
0,-0.0256047,-0.062136,-0.0991561,-0.143074,-0.186537,-0.202843,-0.152937,-0.0120138,0.226569,0.661298,1
0,-0.0256339,-0.0622294,-0.0993229,-0.143294,-0.18673,-0.202891,-0.152778,-0.0117388,0.226796,0.661387,1
0,-0.025663,-0.0623224,-0.0994886,-0.143511,-0.18692,-0.202939,-0.15262,-0.0114663,0.227019,0.661475,1
0,-0.0256921,-0.0624149,-0.0996533,-0.143727,-0.187109,-0.202985,-0.152463,-0.0111964,0.227241,0.661562,1
0,-0.0257211,-0.0625071,-0.099817,-0.143941,-0.187296,-0.20303,-0.152306,-0.0109289,0.22746,0.661648,1
0,-0.0257499,-0.0625987,-0.0999796,-0.144153,-0.18748,-0.203074,-0.152151,-0.0106639,0.227678,0.661733,1
0,-0.0257787,-0.06269,-0.100141,-0.144363,-0.187663,-0.203117,-0.151996,-0.0104014,0.227893,0.661818,1
0,-0.0258074,-0.0627808,-0.100302,-0.144572,-0.187843,-0.203159,-0.151843,-0.0101412,0.228106,0.661901,1
0,-0.0258359,-0.0628711,-0.100461,-0.144779,-0.188022,-0.203201,-0.15169,-0.00988345,0.228318,0.661984,1
0,-0.0258644,-0.0629611,-0.10062,-0.144984,-0.188198,-0.203241,-0.151539,-0.00962804,0.228527,0.662066,1
0,-0.0258928,-0.0630506,-0.100777,-0.145187,-0.188373,-0.20328,-0.151388,-0.00937496,0.228734,0.662148,1
0,-0.0259211,-0.0631396,-0.100934,-0.145389,-0.188546,-0.203318,-0.151238,-0.0091242,0.228939,0.662228,1
0,-0.0259493,-0.0632282,-0.101089,-0.145589,-0.188717,-0.203355,-0.151089,-0.00887573,0.229142,0.662308,1
0,-0.0259774,-0.0633164,-0.101243,-0.145788,-0.188887,-0.203392,-0.150941,-0.00862952,0.229343,0.662386,1
0,-0.0260053,-0.0634042,-0.101397,-0.145984,-0.189054,-0.203427,-0.150795,-0.00838556,0.229543,0.662465,1
0,-0.0260332,-0.0634915,-0.101549,-0.146179,-0.18922,-0.203462,-0.150649,-0.00814382,0.22974,0.662542,1
0,-0.026061,-0.0635784,-0.1017,-0.146373,-0.189384,-0.203496,-0.150504,-0.00790427,0.229936,0.662618,1
0,-0.0260887,-0.0636648,-0.101851,-0.146565,-0.189546,-0.203529,-0.150359,-0.00766691,0.230129,0.662694,1
0,-0.0261163,-0.0637508,-0.102,-0.146755,-0.189706,-0.203561,-0.150216,-0.00743169,0.230321,0.662769,1
0,-0.0261437,-0.0638364,-0.102149,-0.146944,-0.189865,-0.203592,-0.150074,-0.00719861,0.230512,0.662844,1
0,-0.0261711,-0.0639215,-0.102296,-0.147131,-0.190022,-0.203623,-0.149933,-0.00696765,0.2307,0.662917,1
0,-0.0261984,-0.0640062,-0.102442,-0.147317,-0.190178,-0.203653,-0.149792,-0.00673877,0.230886,0.66299,1
0,-0.0262255,-0.0640904,-0.102588,-0.147501,-0.190332,-0.203682,-0.149653,-0.00651196,0.231071,0.663063,1
0,-0.0262526,-0.0641743,-0.102732,-0.147683,-0.190484,-0.20371,-0.149514,-0.0062872,0.231254,0.663134,1
0,-0.0262795,-0.0642576,-0.102876,-0.147864,-0.190635,-0.203738,-0.149377,-0.00606447,0.231436,0.663205,1
0,-0.0263064,-0.0643406,-0.103018,-0.148044,-0.190784,-0.203765,-0.14924,-0.00584375,0.231615,0.663275,1
0,-0.0263331,-0.0644231,-0.10316,-0.148222,-0.190931,-0.203791,-0.149104,-0.00562501,0.231793,0.663345,1
0,-0.0263597,-0.0645052,-0.1033,-0.148399,-0.191077,-0.203817,-0.14897,-0.00540824,0.23197,0.663414,1
0,-0.0263862,-0.0645868,-0.10344,-0.148574,-0.191221,-0.203842,-0.148836,-0.00519342,0.232145,0.663482,1
0,-0.0264126,-0.064668,-0.103579,-0.148747,-0.191364,-0.203866,-0.148703,-0.00498053,0.232318,0.66355,1
0,-0.0264389,-0.0647488,-0.103716,-0.148919,-0.191506,-0.20389,-0.14857,-0.00476955,0.232489,0.663617,1
0,-0.0264651,-0.0648291,-0.103853,-0.14909,-0.191646,-0.203913,-0.148439,-0.00456046,0.232659,0.663683,1
0,-0.0264912,-0.064909,-0.103989,-0.149259,-0.191784,-0.203935,-0.148309,-0.00435324,0.232828,0.663749,1
0,-0.0265171,-0.0649884,-0.104124,-0.149427,-0.191921,-0.203957,-0.148179,-0.00414788,0.232994,0.663814,1
0,-0.026543,-0.0650675,-0.104258,-0.149594,-0.192057,-0.203979,-0.148051,-0.00394435,0.23316,0.663878,1
0,-0.0265687,-0.0651461,-0.104391,-0.149759,-0.192191,-0.203999,-0.147923,-0.00374264,0.233324,0.663942,1
0,-0.0265944,-0.0652242,-0.104523,-0.149922,-0.192324,-0.20402,-0.147796,-0.00354272,0.233486,0.664005,1
0,-0.0266199,-0.0653019,-0.104655,-0.150085,-0.192456,-0.204039,-0.147671,-0.00334459,0.233647,0.664068,1
0,-0.0266453,-0.0653792,-0.104785,-0.150246,-0.192586,-0.204059,-0.147546,-0.00314822,0.233806,0.66413,1
0,-0.0266706,-0.0654561,-0.104915,-0.150405,-0.192714,-0.204077,-0.147421,-0.00295359,0.233964,0.664192,1
0,-0.0266958,-0.0655326,-0.105043,-0.150564,-0.192842,-0.204095,-0.147298,-0.0027607,0.234121,0.664253,1
0,-0.0267208,-0.0656086,-0.105171,-0.15072,-0.192968,-0.204113,-0.147176,-0.00256951,0.234276,0.664313,1
0,-0.0267458,-0.0656841,-0.105298,-0.150876,-0.193093,-0.20413,-0.147054,-0.00238003,0.234429,0.664373,1
0,-0.0267706,-0.0657593,-0.105424,-0.15103,-0.193217,-0.204147,-0.146933,-0.00219221,0.234582,0.664433,1
0,-0.0267953,-0.065834,-0.105549,-0.151184,-0.193339,-0.204163,-0.146814,-0.00200607,0.234733,0.664491,1
0,-0.0268199,-0.0659083,-0.105673,-0.151335,-0.19346,-0.204179,-0.146695,-0.00182156,0.234882,0.66455,1
0,-0.0268444,-0.0659822,-0.105796,-0.151486,-0.19358,-0.204194,-0.146576,-0.00163869,0.235031,0.664607,1
0,-0.0268688,-0.0660557,-0.105919,-0.151635,-0.193699,-0.204209,-0.146459,-0.00145742,0.235177,0.664665,1
0,-0.0268931,-0.0661287,-0.10604,-0.151783,-0.193816,-0.204224,-0.146343,-0.00127776,0.235323,0.664721,1
0,-0.0269172,-0.0662013,-0.106161,-0.15193,-0.193932,-0.204238,-0.146227,-0.00109968,0.235467,0.664778,1
0,-0.0269413,-0.0662735,-0.106281,-0.152075,-0.194047,-0.204251,-0.146112,-0.000923163,0.23561,0.664833,1
0,-0.0269652,-0.0663453,-0.1064,-0.15222,-0.194161,-0.204265,-0.145998,-0.000748219,0.235752,0.664888,1
0,-0.026989,-0.0664166,-0.106518,-0.152363,-0.194274,-0.204277,-0.145885,-0.000574828,0.235893,0.664943,1
0,-0.0270127,-0.0664875,-0.106635,-0.152505,-0.194386,-0.20429,-0.145772,-0.000402971,0.236032,0.664997,1
0,-0.0270362,-0.0665581,-0.106752,-0.152646,-0.194496,-0.204302,-0.145661,-0.000232633,0.23617,0.665051,1
0,-0.0270597,-0.0666282,-0.106867,-0.152785,-0.194606,-0.204314,-0.14555,-6.37983e-05,0.236307,0.665104,1
0,-0.027083,-0.0666978,-0.106982,-0.152923,-0.194714,-0.204325,-0.14544,0.000103549,0.236442,0.665157,1
0,-0.0271062,-0.0667671,-0.107096,-0.153061,-0.194821,-0.204336,-0.145331,0.000269425,0.236577,0.665209,1
0,-0.0271293,-0.066836,-0.10721,-0.153197,-0.194927,-0.204347,-0.145222,0.000433844,0.23671,0.665261,1
0,-0.0271523,-0.0669044,-0.107322,-0.153332,-0.195033,-0.204357,-0.145115,0.00059682,0.236842,0.665313,1
0,-0.0271752,-0.0669725,-0.107434,-0.153466,-0.195137,-0.204367,-0.145008,0.000758369,0.236973,0.665364,1
0,-0.027198,-0.0670401,-0.107544,-0.153598,-0.19524,-0.204377,-0.144902,0.000918505,0.237102,0.665414,1
0,-0.0272206,-0.0671073,-0.107655,-0.15373,-0.195342,-0.204387,-0.144796,0.00107724,0.237231,0.665464,1
0,-0.0272431,-0.0671741,-0.107764,-0.153861,-0.195443,-0.204396,-0.144692,0.00123459,0.237358,0.665514,1
0,-0.0272655,-0.0672405,-0.107872,-0.15399,-0.195543,-0.204405,-0.144588,0.00139057,0.237485,0.665563,1
0,-0.0272878,-0.0673065,-0.10798,-0.154118,-0.195642,-0.204413,-0.144485,0.00154519,0.23761,0.665612,1
0,-0.02731,-0.0673721,-0.108087,-0.154246,-0.19574,-0.204421,-0.144383,0.00169847,0.237734,0.66566,1
0,-0.0273321,-0.0674373,-0.108193,-0.154372,-0.195837,-0.204429,-0.144281,0.00185042,0.237857,0.665708,1
0,-0.027354,-0.0675021,-0.108298,-0.154497,-0.195933,-0.204437,-0.14418,0.00200105,0.237979,0.665755,1
0,-0.0273758,-0.0675665,-0.108403,-0.154621,-0.196028,-0.204445,-0.14408,0.00215037,0.2381,0.665802,1
0,-0.0273975,-0.0676305,-0.108507,-0.154744,-0.196122,-0.204452,-0.143981,0.0022984,0.23822,0.665849,1
0,-0.0274191,-0.0676941,-0.10861,-0.154866,-0.196216,-0.204459,-0.143882,0.00244515,0.238339,0.665895,1
0,-0.0274406,-0.0677574,-0.108712,-0.154987,-0.196308,-0.204465,-0.143784,0.00259063,0.238457,0.665941,1
0,-0.027462,-0.0678202,-0.108814,-0.155107,-0.1964,-0.204472,-0.143687,0.00273486,0.238573,0.665986,1
0,-0.0274832,-0.0678826,-0.108915,-0.155227,-0.19649,-0.204478,-0.143591,0.00287784,0.238689,0.666031,1
0,-0.0275044,-0.0679447,-0.109015,-0.155345,-0.19658,-0.204484,-0.143495,0.00301959,0.238804,0.666076,1
0,-0.0275254,-0.0680063,-0.109115,-0.155462,-0.196669,-0.20449,-0.1434,0.00316012,0.238918,0.66612,1
0,-0.0275463,-0.0680676,-0.109213,-0.155578,-0.196757,-0.204495,-0.143306,0.00329945,0.23903,0.666164,1
0,-0.0275671,-0.0681284,-0.109311,-0.155693,-0.196844,-0.204501,-0.143212,0.00343757,0.239142,0.666208,1
0,-0.0275877,-0.0681889,-0.109409,-0.155807,-0.19693,-0.204506,-0.143119,0.00357452,0.239253,0.666251,1
0,-0.0276083,-0.0682491,-0.109505,-0.155921,-0.197016,-0.204511,-0.143027,0.00371028,0.239363,0.666294,1
0,-0.0276287,-0.0683088,-0.109601,-0.156033,-0.197101,-0.204515,-0.142935,0.00384489,0.239472,0.666336,1
0,-0.0276491,-0.0683681,-0.109696,-0.156144,-0.197184,-0.20452,-0.142845,0.00397835,0.23958,0.666378,1
0,-0.0276693,-0.0684271,-0.109791,-0.156255,-0.197267,-0.204524,-0.142754,0.00411066,0.239687,0.66642,1
0,-0.0276894,-0.0684857,-0.109884,-0.156364,-0.19735,-0.204528,-0.142665,0.00424184,0.239793,0.666461,1
0,-0.0277093,-0.0685439,-0.109978,-0.156473,-0.197431,-0.204532,-0.142576,0.00437191,0.239899,0.666502,1
0,-0.0277292,-0.0686018,-0.11007,-0.156581,-0.197512,-0.204536,-0.142488,0.00450086,0.240003,0.666543,1
0,-0.027749,-0.0686593,-0.110162,-0.156688,-0.197592,-0.20454,-0.1424,0.00462872,0.240107,0.666583,1
0,-0.0277686,-0.0687164,-0.110253,-0.156794,-0.197671,-0.204543,-0.142313,0.00475549,0.240209,0.666623,1
0,-0.0277882,-0.0687731,-0.110343,-0.156899,-0.197749,-0.204546,-0.142227,0.00488118,0.240311,0.666662,1
0,-0.0278076,-0.0688295,-0.110433,-0.157003,-0.197827,-0.204549,-0.142142,0.0050058,0.240412,0.666702,1
0,-0.0278269,-0.0688855,-0.110522,-0.157106,-0.197904,-0.204552,-0.142057,0.00512937,0.240512,0.66674,1
0,-0.0278461,-0.0689411,-0.11061,-0.157209,-0.19798,-0.204555,-0.141972,0.00525189,0.240611,0.666779,1
0,-0.0278652,-0.0689964,-0.110698,-0.157311,-0.198056,-0.204558,-0.141889,0.00537336,0.240709,0.666817,1
0,-0.0278841,-0.0690513,-0.110785,-0.157411,-0.19813,-0.20456,-0.141806,0.00549381,0.240807,0.666855,1
0,-0.027903,-0.0691059,-0.110872,-0.157511,-0.198204,-0.204562,-0.141723,0.00561325,0.240903,0.666893,1
0,-0.0279217,-0.0691601,-0.110958,-0.157611,-0.198278,-0.204565,-0.141641,0.00573167,0.240999,0.66693,1
0,-0.0279404,-0.0692139,-0.111043,-0.157709,-0.19835,-0.204567,-0.14156,0.00584909,0.241094,0.666967,1
0,-0.0279589,-0.0692674,-0.111127,-0.157807,-0.198422,-0.204569,-0.14148,0.00596552,0.241189,0.667004,1
0,-0.0279773,-0.0693206,-0.111211,-0.157903,-0.198494,-0.20457,-0.1414,0.00608097,0.241282,0.66704,1
0,-0.0279956,-0.0693734,-0.111295,-0.157999,-0.198564,-0.204572,-0.14132,0.00619544,0.241375,0.667076,1
0,-0.0280138,-0.0694258,-0.111377,-0.158094,-0.198634,-0.204574,-0.141242,0.00630895,0.241467,0.667112,1
0,-0.0280319,-0.0694779,-0.11146,-0.158189,-0.198704,-0.204575,-0.141163,0.00642151,0.241558,0.667147,1
0,-0.0280499,-0.0695296,-0.111541,-0.158282,-0.198772,-0.204576,-0.141086,0.00653312,0.241648,0.667182,1
0,-0.0280678,-0.069581,-0.111622,-0.158375,-0.19884,-0.204578,-0.141009,0.00664379,0.241738,0.667217,1
0,-0.0280855,-0.0696321,-0.111702,-0.158467,-0.198908,-0.204579,-0.140932,0.00675352,0.241826,0.667252,1
0,-0.0281032,-0.0696828,-0.111782,-0.158559,-0.198975,-0.20458,-0.140856,0.00686233,0.241915,0.667286,1
0,-0.0281207,-0.0697332,-0.111861,-0.158649,-0.199041,-0.204581,-0.140781,0.00697023,0.242002,0.66732,1
0,-0.0281382,-0.0697833,-0.11194,-0.158739,-0.199106,-0.204581,-0.140707,0.00707722,0.242089,0.667354,1
0,-0.0281555,-0.069833,-0.112018,-0.158828,-0.199171,-0.204582,-0.140632,0.00718332,0.242174,0.667387,1
0,-0.0281727,-0.0698823,-0.112095,-0.158917,-0.199236,-0.204583,-0.140559,0.00728852,0.24226,0.66742,1
0,-0.0281898,-0.0699314,-0.112172,-0.159004,-0.199299,-0.204583,-0.140486,0.00739284,0.242344,0.667453,1
0,-0.0282069,-0.0699801,-0.112248,-0.159091,-0.199363,-0.204583,-0.140413,0.00749629,0.242428,0.667486,1
0,-0.0282238,-0.0700285,-0.112324,-0.159178,-0.199425,-0.204584,-0.140341,0.00759887,0.242511,0.667518,1
0,-0.0282406,-0.0700765,-0.112399,-0.159263,-0.199487,-0.204584,-0.14027,0.0077006,0.242593,0.66755,1
0,-0.0282573,-0.0701243,-0.112473,-0.159348,-0.199549,-0.204584,-0.140199,0.00780147,0.242675,0.667582,1
0,-0.0282739,-0.0701717,-0.112547,-0.159432,-0.19961,-0.204584,-0.140129,0.0079015,0.242756,0.667614,1
0,-0.0282904,-0.0702188,-0.112621,-0.159516,-0.19967,-0.204584,-0.140059,0.0080007,0.242836,0.667645,1
0,-0.0283067,-0.0702655,-0.112693,-0.159598,-0.19973,-0.204584,-0.13999,0.00809907,0.242916,0.667676,1
0,-0.028323,-0.070312,-0.112766,-0.15968,-0.199789,-0.204584,-0.139921,0.00819662,0.242995,0.667707,1
0,-0.0283392,-0.0703581,-0.112838,-0.159762,-0.199848,-0.204583,-0.139853,0.00829335,0.243073,0.667737,1
0,-0.0283553,-0.0704039,-0.112909,-0.159843,-0.199906,-0.204583,-0.139785,0.00838929,0.243151,0.667767,1
0,-0.0283713,-0.0704495,-0.112979,-0.159923,-0.199963,-0.204582,-0.139718,0.00848442,0.243228,0.667797,1
0,-0.0283871,-0.0704946,-0.11305,-0.160002,-0.200021,-0.204582,-0.139652,0.00857877,0.243305,0.667827,1
0,-0.0284029,-0.0705395,-0.113119,-0.160081,-0.200077,-0.204581,-0.139585,0.00867233,0.24338,0.667857,1
0,-0.0284186,-0.0705841,-0.113188,-0.160159,-0.200133,-0.204581,-0.13952,0.00876511,0.243456,0.667886,1
0,-0.0284398,-0.0706347,-0.113264,-0.160245,-0.200199,-0.204592,-0.139469,0.00884129,0.243513,0.667897,1
0,-0.0284515,-0.0706744,-0.113327,-0.160316,-0.200246,-0.204581,-0.139392,0.00894605,0.243602,0.667942,1
0,-0.0284653,-0.0707164,-0.113393,-0.16039,-0.200299,-0.204579,-0.139326,0.00903841,0.243677,0.667972,1
0,-0.0284859,-0.0707657,-0.113467,-0.160474,-0.200363,-0.20459,-0.139276,0.00911264,0.243733,0.667982,1
0,-0.0284972,-0.0708045,-0.113529,-0.160543,-0.200408,-0.204579,-0.139201,0.00921521,0.24382,0.668027,1
0,-0.0285107,-0.0708456,-0.113593,-0.160615,-0.20046,-0.204576,-0.139137,0.00930535,0.243893,0.668057,1
0,-0.028531,-0.070894,-0.113666,-0.160698,-0.200523,-0.204587,-0.139088,0.00937737,0.243947,0.668066,1
0,-0.028542,-0.0709319,-0.113725,-0.160764,-0.200566,-0.204576,-0.139015,0.00947776,0.244033,0.66811,1
0,-0.0285552,-0.0709722,-0.113788,-0.160835,-0.200616,-0.204573,-0.138952,0.00956572,0.244104,0.668139,1
0,-0.0285752,-0.0710197,-0.113859,-0.160916,-0.200678,-0.204584,-0.138905,0.00963559,0.244157,0.668148,1
0,-0.028586,-0.0710567,-0.113918,-0.16098,-0.20072,-0.204572,-0.138832,0.00973385,0.24424,0.668191,1
0,-0.0285989,-0.0710961,-0.113979,-0.16105,-0.200769,-0.204569,-0.138771,0.0098197,0.24431,0.66822,1
0,-0.0286186,-0.0711427,-0.114049,-0.161128,-0.200829,-0.20458,-0.138725,0.00988748,0.244361,0.668228,1
0,-0.0286291,-0.0711789,-0.114106,-0.161191,-0.20087,-0.204568,-0.138654,0.00998366,0.244443,0.66827,1
0,-0.0286417,-0.0712174,-0.114166,-0.161259,-0.200917,-0.204565,-0.138594,0.0100675,0.244511,0.668298,1
0,-0.0286612,-0.0712632,-0.114234,-0.161336,-0.200976,-0.204575,-0.13855,0.0101332,0.24456,0.668306,1
0,-0.0286714,-0.0712985,-0.11429,-0.161397,-0.201016,-0.204564,-0.13848,0.0102274,0.24464,0.668347,1
0,-0.0286893,-0.0713424,-0.114356,-0.161472,-0.201072,-0.204573,-0.138435,0.0102933,0.24469,0.668356,1
0,-0.0286991,-0.0713769,-0.11441,-0.161532,-0.201111,-0.204561,-0.138366,0.0103864,0.244769,0.668398,1
0,-0.0287168,-0.0714202,-0.114475,-0.161605,-0.201166,-0.204569,-0.138322,0.0104511,0.244818,0.668406,1
0,-0.0287264,-0.0714542,-0.114528,-0.161664,-0.201204,-0.204557,-0.138254,0.010543,0.244896,0.668448,1
0,-0.028744,-0.071497,-0.114593,-0.161737,-0.201259,-0.204566,-0.138211,0.0106064,0.244944,0.668456,1
0,-0.0287534,-0.0715303,-0.114645,-0.161794,-0.201296,-0.204554,-0.138144,0.0106969,0.245021,0.668497,1
0,-0.0287708,-0.0715726,-0.114709,-0.161866,-0.20135,-0.204563,-0.138102,0.0107591,0.245068,0.668504,1
0,-0.02878,-0.0716054,-0.11476,-0.161922,-0.201386,-0.20455,-0.138035,0.0108484,0.245144,0.668545,1
0,-0.0287972,-0.0716471,-0.114823,-0.161993,-0.201439,-0.204559,-0.137994,0.0109093,0.24519,0.668552,1
0,-0.0288062,-0.0716795,-0.114873,-0.162049,-0.201474,-0.204547,-0.137928,0.0109974,0.245265,0.668592,1
0,-0.0288233,-0.0717207,-0.114935,-0.162118,-0.201527,-0.204555,-0.137887,0.0110571,0.24531,0.668599,1
0,-0.0288321,-0.0717524,-0.114985,-0.162173,-0.201561,-0.204543,-0.137823,0.011144,0.245384,0.668639,1
0,-0.028849,-0.0717931,-0.115046,-0.162241,-0.201613,-0.204552,-0.137783,0.0112025,0.245428,0.668645,1
0,-0.0288577,-0.0718244,-0.115095,-0.162295,-0.201647,-0.204539,-0.137719,0.0112882,0.245501,0.668685,1
0,-0.0288744,-0.0718646,-0.115155,-0.162362,-0.201698,-0.204548,-0.13768,0.0113455,0.245544,0.668691,1
0,-0.0288829,-0.0718953,-0.115203,-0.162415,-0.201731,-0.204535,-0.137617,0.01143,0.245616,0.66873,1
0,-0.0288994,-0.071935,-0.115262,-0.162481,-0.201781,-0.204544,-0.137578,0.0114862,0.245658,0.668735,1
0,-0.0289078,-0.0719652,-0.115309,-0.162533,-0.201814,-0.204531,-0.137516,0.0115696,0.24573,0.668774,1
0,-0.0289241,-0.0720044,-0.115368,-0.162599,-0.201863,-0.20454,-0.137479,0.0116247,0.24577,0.668779,1
0,-0.0289323,-0.0720342,-0.115414,-0.162649,-0.201895,-0.204527,-0.137417,0.0117069,0.245841,0.668818,1
0,-0.0289485,-0.0720728,-0.115472,-0.162714,-0.201944,-0.204536,-0.13738,0.0117608,0.245881,0.668823,1
0,-0.0289566,-0.0721021,-0.115518,-0.162764,-0.201975,-0.204523,-0.137319,0.011842,0.245951,0.668861,1
0,-0.0289726,-0.0721403,-0.115574,-0.162828,-0.202023,-0.204531,-0.137283,0.0118948,0.24599,0.668865,1
0,-0.0289805,-0.0721691,-0.115619,-0.162876,-0.202053,-0.204519,-0.137223,0.0119749,0.246059,0.668903,1
0,-0.0289963,-0.0722068,-0.115675,-0.162939,-0.2021,-0.204527,-0.137188,0.0120267,0.246097,0.668907,1
0,-0.029004,-0.0722351,-0.11572,-0.162987,-0.20213,-0.204514,-0.137129,0.0121057,0.246165,0.668945,1
0,-0.0290197,-0.0722723,-0.115775,-0.163049,-0.202177,-0.204523,-0.137094,0.0121564,0.246202,0.668949,1
0,-0.0290273,-0.0723001,-0.115818,-0.163096,-0.202206,-0.20451,-0.137035,0.0122343,0.24627,0.668985,1
0,-0.0290428,-0.0723369,-0.115873,-0.163157,-0.202252,-0.204518,-0.137002,0.012284,0.246306,0.668989,1
0,-0.0290502,-0.0723643,-0.115916,-0.163204,-0.20228,-0.204506,-0.136944,0.0123609,0.246373,0.669026,1
0,-0.0290655,-0.0724005,-0.115969,-0.163264,-0.202326,-0.204514,-0.136911,0.0124096,0.246408,0.669029,1
0,-0.0290728,-0.0724275,-0.116011,-0.163309,-0.202353,-0.204501,-0.136853,0.0124855,0.246474,0.669065,1
0,-0.029088,-0.0724633,-0.116064,-0.163369,-0.202398,-0.204509,-0.136821,0.0125331,0.246509,0.669068,1
0,-0.0290951,-0.0724898,-0.116106,-0.163413,-0.202425,-0.204497,-0.136764,0.012608,0.246573,0.669104,1
0,-0.0291101,-0.0725251,-0.116158,-0.163472,-0.202469,-0.204505,-0.136733,0.0126547,0.246607,0.669107,1
0,-0.0291171,-0.0725512,-0.116199,-0.163516,-0.202496,-0.204492,-0.136677,0.0127286,0.246671,0.669143,1
0,-0.029132,-0.0725861,-0.11625,-0.163573,-0.202539,-0.2045,-0.136646,0.0127743,0.246705,0.669145,1
0,-0.0291388,-0.0726117,-0.11629,-0.163616,-0.202565,-0.204487,-0.13659,0.0128473,0.246768,0.66918,1
0,-0.0291535,-0.0726461,-0.116341,-0.163673,-0.202608,-0.204496,-0.13656,0.012892,0.2468,0.669183,1
0,-0.0291601,-0.0726713,-0.11638,-0.163715,-0.202634,-0.204483,-0.136505,0.012964,0.246863,0.669218,1
0,-0.0291747,-0.0727053,-0.11643,-0.163771,-0.202676,-0.204491,-0.136476,0.0130078,0.246894,0.669219,1
0,-0.0291812,-0.0727301,-0.116469,-0.163813,-0.202701,-0.204478,-0.136422,0.0130789,0.246956,0.669254,1
0,-0.0291957,-0.0727637,-0.116518,-0.163868,-0.202743,-0.204486,-0.136393,0.0131218,0.246987,0.669256,1
0,-0.029202,-0.072788,-0.116556,-0.163909,-0.202767,-0.204474,-0.136339,0.0131919,0.247048,0.66929,1
0,-0.0292163,-0.0728212,-0.116605,-0.163963,-0.202808,-0.204482,-0.136311,0.0132339,0.247078,0.669291,1
0,-0.0292225,-0.0728451,-0.116642,-0.164003,-0.202832,-0.204469,-0.136258,0.0133032,0.247138,0.669326,1
0,-0.0292367,-0.0728778,-0.116691,-0.164057,-0.202872,-0.204477,-0.13623,0.0133443,0.247168,0.669327,1
0,-0.0292427,-0.0729013,-0.116727,-0.164096,-0.202895,-0.204464,-0.136178,0.0134126,0.247227,0.66936,1
0,-0.0292567,-0.0729337,-0.116775,-0.164149,-0.202936,-0.204472,-0.136151,0.0134529,0.247256,0.669361,1
0,-0.0292627,-0.0729567,-0.116811,-0.164188,-0.202958,-0.20446,-0.1361,0.0135204,0.247315,0.669395,1
0,-0.0292765,-0.0729887,-0.116858,-0.16424,-0.202998,-0.204468,-0.136073,0.0135597,0.247343,0.669395,1
0,-0.0292823,-0.0730114,-0.116893,-0.164278,-0.20302,-0.204455,-0.136022,0.0136264,0.247401,0.669428,1
0,-0.029296,-0.0730429,-0.116939,-0.164329,-0.203059,-0.204463,-0.135996,0.0136649,0.247429,0.669429,1
0,-0.0293017,-0.0730652,-0.116974,-0.164366,-0.203081,-0.20445,-0.135946,0.0137307,0.247486,0.669462,1
0,-0.0293153,-0.0730963,-0.117019,-0.164417,-0.203119,-0.204458,-0.135921,0.0137683,0.247513,0.669461,1
0,-0.0293208,-0.0731182,-0.117053,-0.164453,-0.20314,-0.204445,-0.135871,0.0138333,0.247569,0.669494,1
0,-0.0293342,-0.073149,-0.117099,-0.164504,-0.203178,-0.204454,-0.135846,0.0138702,0.247595,0.669494,1
0,-0.0293396,-0.0731705,-0.117132,-0.164539,-0.203199,-0.204441,-0.135797,0.0139344,0.247652,0.669526,1
0,-0.0293529,-0.0732009,-0.117176,-0.164589,-0.203237,-0.204449,-0.135773,0.0139704,0.247677,0.669526,1
0,-0.0293582,-0.073222,-0.117209,-0.164624,-0.203257,-0.204436,-0.135724,0.0140338,0.247732,0.669558,1
0,-0.0293714,-0.073252,-0.117253,-0.164673,-0.203294,-0.204444,-0.1357,0.014069,0.247757,0.669557,1
0,-0.0293765,-0.0732727,-0.117285,-0.164707,-0.203313,-0.204431,-0.135653,0.0141316,0.247812,0.669589,1
0,-0.0293895,-0.0733024,-0.117329,-0.164755,-0.20335,-0.204439,-0.135629,0.0141661,0.247836,0.669588,1
0,-0.0293945,-0.0733227,-0.11736,-0.164789,-0.203369,-0.204427,-0.135582,0.0142279,0.24789,0.66962,1
0,-0.0294074,-0.073352,-0.117403,-0.164836,-0.203405,-0.204435,-0.135559,0.0142616,0.247914,0.669618,1
0,-0.0294123,-0.073372,-0.117434,-0.164869,-0.203424,-0.204422,-0.135512,0.0143226,0.247967,0.66965,1
0,-0.0294251,-0.0734009,-0.117476,-0.164916,-0.20346,-0.20443,-0.13549,0.0143556,0.24799,0.669648,1
0,-0.0294298,-0.0734205,-0.117507,-0.164949,-0.203478,-0.204417,-0.135444,0.0144159,0.248043,0.66968,1
0,-0.0294425,-0.0734491,-0.117549,-0.164995,-0.203513,-0.204425,-0.135422,0.0144481,0.248066,0.669678,1
0,-0.0294471,-0.0734683,-0.117579,-0.165027,-0.203531,-0.204413,-0.135377,0.0145077,0.248118,0.669709,1
0,-0.0294596,-0.0734965,-0.11762,-0.165072,-0.203566,-0.204421,-0.135355,0.0145391,0.24814,0.669707,1
0,-0.0294641,-0.0735155,-0.117649,-0.165103,-0.203583,-0.204408,-0.13531,0.014598,0.248191,0.669738,1
0,-0.0294765,-0.0735433,-0.11769,-0.165148,-0.203618,-0.204416,-0.13529,0.0146287,0.248212,0.669735,1
0,-0.0294809,-0.0735619,-0.117719,-0.165179,-0.203634,-0.204403,-0.135245,0.0146869,0.248264,0.669766,1
0,-0.0294932,-0.0735894,-0.117759,-0.165223,-0.203668,-0.204412,-0.135225,0.0147169,0.248284,0.669763,1
0,-0.0294975,-0.0736076,-0.117787,-0.165253,-0.203685,-0.204399,-0.13518,0.0147744,0.248335,0.669794,1
0,-0.0295096,-0.0736348,-0.117827,-0.165297,-0.203718,-0.204407,-0.135161,0.0148037,0.248355,0.669791,1
0,-0.0295138,-0.0736527,-0.117854,-0.165327,-0.203734,-0.204394,-0.135117,0.0148605,0.248405,0.669821,1
0,-0.0295258,-0.0736795,-0.117893,-0.16537,-0.203768,-0.204402,-0.135098,0.0148891,0.248424,0.669818,1
0,-0.0295298,-0.0736971,-0.117921,-0.165399,-0.203783,-0.20439,-0.135055,0.0149452,0.248474,0.669848,1
0,-0.0295418,-0.0737236,-0.117959,-0.165441,-0.203816,-0.204398,-0.135036,0.0149732,0.248493,0.669845,1
0,-0.0295457,-0.0737409,-0.117986,-0.16547,-0.203831,-0.204385,-0.134993,0.0150286,0.248542,0.669875,1
0,-0.0295575,-0.073767,-0.118024,-0.165512,-0.203864,-0.204393,-0.134975,0.0150559,0.24856,0.669871,1
0,-0.0295613,-0.073784,-0.11805,-0.16554,-0.203878,-0.204381,-0.134933,0.0151107,0.248609,0.669901,1
0,-0.029573,-0.0738098,-0.118088,-0.165581,-0.203911,-0.204389,-0.134915,0.0151374,0.248626,0.669897,1
0,-0.0295767,-0.0738264,-0.118114,-0.165608,-0.203925,-0.204376,-0.134873,0.0151915,0.248674,0.669926,1
0,-0.0295883,-0.073852,-0.118151,-0.165649,-0.203957,-0.204384,-0.134856,0.0152175,0.248692,0.669923,1
0,-0.0295918,-0.0738683,-0.118176,-0.165676,-0.203971,-0.204372,-0.134814,0.015271,0.248739,0.669952,1
0,-0.0296033,-0.0738935,-0.118213,-0.165716,-0.204002,-0.20438,-0.134798,0.0152964,0.248756,0.669948,1
0,-0.0296068,-0.0739095,-0.118238,-0.165743,-0.204016,-0.204367,-0.134757,0.0153493,0.248803,0.669977,1
0,-0.0296181,-0.0739344,-0.118274,-0.165783,-0.204046,-0.204375,-0.13474,0.015374,0.248819,0.669973,1
0,-0.0296215,-0.0739501,-0.118298,-0.165808,-0.20406,-0.204363,-0.1347,0.0154263,0.248865,0.670001,1
0,-0.0296327,-0.0739747,-0.118334,-0.165848,-0.20409,-0.204371,-0.134684,0.0154505,0.248881,0.669997,1
0,-0.029636,-0.0739901,-0.118358,-0.165873,-0.204103,-0.204358,-0.134644,0.0155021,0.248927,0.670025,1
0,-0.0296472,-0.0740144,-0.118393,-0.165912,-0.204133,-0.204367,-0.134628,0.0155257,0.248942,0.670021,1
0,-0.0296503,-0.0740295,-0.118416,-0.165936,-0.204146,-0.204354,-0.134589,0.0155767,0.248988,0.670049,1
0,-0.0296613,-0.0740535,-0.118451,-0.165975,-0.204176,-0.204362,-0.134574,0.0155997,0.249003,0.670044,1
0,-0.0296644,-0.0740683,-0.118474,-0.165999,-0.204188,-0.20435,-0.134534,0.0156502,0.249048,0.670073,1
0,-0.0296753,-0.074092,-0.118508,-0.166037,-0.204218,-0.204358,-0.13452,0.0156726,0.249062,0.670068,1
0,-0.0296783,-0.0741065,-0.118531,-0.16606,-0.20423,-0.204345,-0.134481,0.0157225,0.249106,0.670096,1
0,-0.0296891,-0.07413,-0.118565,-0.166098,-0.204259,-0.204354,-0.134467,0.0157443,0.24912,0.67009,1
0,-0.029692,-0.0741442,-0.118587,-0.166121,-0.20427,-0.204341,-0.134428,0.0157936,0.249164,0.670118,1
0,-0.0297027,-0.0741674,-0.11862,-0.166158,-0.204299,-0.20435,-0.134414,0.0158149,0.249178,0.670113,1
0,-0.0297054,-0.0741813,-0.118642,-0.166181,-0.20431,-0.204337,-0.134376,0.0158637,0.249221,0.670141,1
0,-0.0297161,-0.0742042,-0.118675,-0.166217,-0.204339,-0.204345,-0.134363,0.0158844,0.249234,0.670135,1
0,-0.0297187,-0.0742179,-0.118697,-0.166239,-0.20435,-0.204333,-0.134325,0.0159326,0.249277,0.670162,1
0,-0.0297293,-0.0742405,-0.118729,-0.166275,-0.204378,-0.204341,-0.134312,0.0159528,0.24929,0.670157,1
0,-0.0297318,-0.0742539,-0.11875,-0.166297,-0.204389,-0.204329,-0.134275,0.0160005,0.249333,0.670184,1
0,-0.0297422,-0.0742762,-0.118782,-0.166333,-0.204416,-0.204337,-0.134262,0.0160201,0.249345,0.670178,1
0,-0.0297447,-0.0742894,-0.118803,-0.166354,-0.204427,-0.204324,-0.134226,0.0160672,0.249387,0.670205,1
0,-0.029755,-0.0743114,-0.118834,-0.166389,-0.204454,-0.204333,-0.134213,0.0160864,0.249399,0.670199,1
0,-0.0297574,-0.0743243,-0.118855,-0.16641,-0.204464,-0.20432,-0.134177,0.016133,0.249441,0.670226,1
0,-0.0297677,-0.0743461,-0.118886,-0.166445,-0.204492,-0.204329,-0.134165,0.0161516,0.249452,0.67022,1
0,-0.0297699,-0.0743587,-0.118906,-0.166465,-0.204501,-0.204316,-0.134129,0.0161977,0.249493,0.670247,1
0,-0.0297801,-0.0743803,-0.118937,-0.166499,-0.204528,-0.204325,-0.134117,0.0162158,0.249504,0.670241,1
0,-0.0297823,-0.0743926,-0.118956,-0.166519,-0.204537,-0.204312,-0.134082,0.0162614,0.249545,0.670267,1
0,-0.0297923,-0.0744139,-0.118987,-0.166553,-0.204564,-0.204321,-0.13407,0.016279,0.249555,0.670261,1
0,-0.0297944,-0.074426,-0.119006,-0.166573,-0.204573,-0.204308,-0.134035,0.0163241,0.249596,0.670287,1
0,-0.0298044,-0.0744471,-0.119036,-0.166606,-0.2046,-0.204317,-0.134024,0.0163412,0.249606,0.670281,1
0,-0.0298064,-0.0744589,-0.119054,-0.166625,-0.204608,-0.204304,-0.133989,0.0163858,0.249646,0.670307,1
0,-0.0298163,-0.0744797,-0.119084,-0.166658,-0.204635,-0.204313,-0.133979,0.0164024,0.249656,0.6703,1
0,-0.0298182,-0.0744913,-0.119102,-0.166677,-0.204643,-0.204301,-0.133944,0.0164466,0.249696,0.670326,1
0,-0.029828,-0.0745119,-0.119132,-0.16671,-0.204669,-0.204309,-0.133934,0.0164627,0.249705,0.670319,1
0,-0.0298298,-0.0745233,-0.11915,-0.166728,-0.204677,-0.204297,-0.1339,0.0165064,0.249744,0.670345,1
0,-0.0298395,-0.0745436,-0.119179,-0.16676,-0.204703,-0.204305,-0.13389,0.016522,0.249753,0.670338,1
0,-0.0298413,-0.0745547,-0.119196,-0.166778,-0.204711,-0.204293,-0.133856,0.0165652,0.249792,0.670364,1
0,-0.0298509,-0.0745748,-0.119225,-0.16681,-0.204736,-0.204301,-0.133846,0.0165804,0.249801,0.670357,1
0,-0.0298526,-0.0745857,-0.119242,-0.166828,-0.204744,-0.204289,-0.133813,0.0166232,0.24984,0.670383,1
0,-0.0298621,-0.0746055,-0.119271,-0.166859,-0.204769,-0.204298,-0.133804,0.0166379,0.249848,0.670375,1
0,-0.0298637,-0.0746162,-0.119287,-0.166876,-0.204776,-0.204285,-0.13377,0.0166802,0.249886,0.670401,1
0,-0.0298731,-0.0746358,-0.119315,-0.166908,-0.204801,-0.204294,-0.133762,0.0166945,0.249894,0.670393,1
0,-0.0298746,-0.0746462,-0.119332,-0.166924,-0.204808,-0.204282,-0.133729,0.0167364,0.249932,0.670419,1
0,-0.029884,-0.0746656,-0.11936,-0.166955,-0.204833,-0.20429,-0.13372,0.0167502,0.249939,0.670411,1
0,-0.0298854,-0.0746758,-0.119376,-0.166971,-0.204839,-0.204278,-0.133687,0.0167916,0.249977,0.670436,1
0,-0.0298947,-0.074695,-0.119403,-0.167002,-0.204864,-0.204287,-0.133679,0.0168051,0.249984,0.670428,1
0,-0.029896,-0.074705,-0.119419,-0.167018,-0.20487,-0.204274,-0.133647,0.016846,0.250021,0.670454,1
0,-0.0299053,-0.0747239,-0.119446,-0.167048,-0.204894,-0.204283,-0.133639,0.016859,0.250028,0.670446,1
0,-0.0299065,-0.0747337,-0.119461,-0.167063,-0.204901,-0.204271,-0.133607,0.0168996,0.250065,0.670471,1
0,-0.0299156,-0.0747524,-0.119488,-0.167093,-0.204925,-0.204279,-0.1336,0.0169122,0.250071,0.670463,1
0,-0.0299168,-0.074762,-0.119503,-0.167108,-0.204931,-0.204267,-0.133568,0.0169523,0.250108,0.670487,1
0,-0.0299259,-0.0747805,-0.119529,-0.167138,-0.204954,-0.204276,-0.133561,0.0169645,0.250114,0.670479,1
0,-0.029927,-0.0747898,-0.119544,-0.167153,-0.20496,-0.204264,-0.133529,0.0170042,0.25015,0.670504,1
0,-0.029936,-0.0748081,-0.11957,-0.167182,-0.204983,-0.204272,-0.133522,0.017016,0.250155,0.670496,1
0,-0.029937,-0.0748173,-0.119585,-0.167196,-0.204989,-0.20426,-0.133491,0.0170553,0.250191,0.67052,1
0,-0.0299459,-0.0748354,-0.119611,-0.167225,-0.205012,-0.204269,-0.133484,0.0170667,0.250197,0.670512,1
0,-0.0299469,-0.0748443,-0.119625,-0.167239,-0.205018,-0.204257,-0.133454,0.0171056,0.250232,0.670536,1
0,-0.0299557,-0.0748622,-0.11965,-0.167267,-0.20504,-0.204265,-0.133447,0.0171166,0.250237,0.670528,1
0,-0.0299566,-0.0748709,-0.119664,-0.167281,-0.205046,-0.204253,-0.133417,0.0171551,0.250273,0.670552,1
0,-0.0299653,-0.0748886,-0.119689,-0.167309,-0.205068,-0.204262,-0.133411,0.0171657,0.250277,0.670543,1
0,-0.0299662,-0.0748972,-0.119703,-0.167323,-0.205073,-0.20425,-0.13338,0.0172038,0.250312,0.670568,1
0,-0.0299748,-0.0749146,-0.119728,-0.167351,-0.205096,-0.204259,-0.133375,0.017214,0.250317,0.670559,1
0,-0.0299811,-0.0749291,-0.119748,-0.167373,-0.205111,-0.204259,-0.133359,0.017236,0.250334,0.670565,1
0,-0.0299805,-0.0749361,-0.11976,-0.167385,-0.205114,-0.204245,-0.133327,0.0172751,0.25037,0.67059,1
0,-0.0299888,-0.074953,-0.119784,-0.167411,-0.205136,-0.204254,-0.133322,0.0172851,0.250375,0.670582,1
0,-0.0299949,-0.0749671,-0.119804,-0.167433,-0.205151,-0.204254,-0.133306,0.0173065,0.250392,0.670587,1
0,-0.0299942,-0.0749738,-0.119816,-0.167444,-0.205154,-0.20424,-0.133275,0.0173451,0.250427,0.670613,1
0,-0.0300024,-0.0749904,-0.11984,-0.167471,-0.205175,-0.204249,-0.13327,0.0173545,0.250431,0.670604,1
0,-0.0300084,-0.0750043,-0.119859,-0.167492,-0.20519,-0.204249,-0.133255,0.0173754,0.250448,0.670609,1
0,-0.0300076,-0.0750107,-0.11987,-0.167503,-0.205193,-0.204236,-0.133224,0.0174134,0.250483,0.670635,1
0,-0.0300157,-0.075027,-0.119894,-0.167529,-0.205214,-0.204244,-0.133219,0.0174223,0.250486,0.670626,1
0,-0.0300216,-0.0750406,-0.119913,-0.167549,-0.205228,-0.204244,-0.133204,0.0174427,0.250503,0.670631,1
0,-0.0300207,-0.0750467,-0.119924,-0.16756,-0.20523,-0.204231,-0.133174,0.0174802,0.250537,0.670656,1
0,-0.0300287,-0.0750628,-0.119946,-0.167585,-0.205251,-0.20424,-0.13317,0.0174885,0.25054,0.670647,1
0,-0.0300345,-0.0750761,-0.119965,-0.167605,-0.205265,-0.20424,-0.133155,0.0175084,0.250556,0.670652,1
0,-0.0300335,-0.075082,-0.119976,-0.167615,-0.205267,-0.204226,-0.133125,0.0175454,0.250591,0.670677,1
0,-0.0300415,-0.0750978,-0.119998,-0.167641,-0.205288,-0.204235,-0.133121,0.0175532,0.250593,0.670668,1
0,-0.0300472,-0.0751108,-0.120016,-0.16766,-0.205302,-0.204235,-0.133107,0.0175726,0.250608,0.670673,1
0,-0.0300461,-0.0751164,-0.120026,-0.16767,-0.205303,-0.204222,-0.133078,0.017609,0.250643,0.670697,1
0,-0.0300539,-0.0751319,-0.120048,-0.167694,-0.205324,-0.20423,-0.133074,0.0176163,0.250645,0.670688,1
0,-0.0300595,-0.0751447,-0.120066,-0.167714,-0.205337,-0.204231,-0.13306,0.0176352,0.25066,0.670693,1
0,-0.0300584,-0.07515,-0.120076,-0.167723,-0.205339,-0.204217,-0.133031,0.0176712,0.250693,0.670717,1
0,-0.0300661,-0.0751653,-0.120098,-0.167747,-0.205359,-0.204226,-0.133028,0.017678,0.250695,0.670708,1
0,-0.0300716,-0.0751778,-0.120115,-0.167766,-0.205372,-0.204226,-0.133015,0.0176965,0.250709,0.670712,1
0,-0.0300703,-0.0751829,-0.120124,-0.167775,-0.205373,-0.204213,-0.132986,0.017732,0.250743,0.670737,1
0,-0.030078,-0.0751979,-0.120146,-0.167799,-0.205393,-0.204222,-0.132983,0.0177383,0.250744,0.670727,1
0,-0.0300834,-0.0752102,-0.120163,-0.167817,-0.205406,-0.204222,-0.13297,0.0177563,0.250758,0.670732,1
0,-0.0300821,-0.0752151,-0.120172,-0.167826,-0.205406,-0.204209,-0.132942,0.0177913,0.250791,0.670756,1
0,-0.0300896,-0.0752298,-0.120193,-0.167849,-0.205426,-0.204217,-0.132939,0.0177972,0.250792,0.670746,1
0,-0.030095,-0.0752419,-0.12021,-0.167867,-0.205439,-0.204218,-0.132926,0.0178147,0.250806,0.67075,1
0,-0.0300935,-0.0752465,-0.120218,-0.167875,-0.205439,-0.204204,-0.132898,0.0178493,0.250838,0.670775,1
0,-0.030101,-0.075261,-0.120239,-0.167898,-0.205458,-0.204213,-0.132896,0.0178547,0.250839,0.670764,1
0,-0.0301063,-0.0752728,-0.120255,-0.167916,-0.205471,-0.204214,-0.132884,0.0178717,0.250852,0.670769,1
0,-0.0301047,-0.0752772,-0.120263,-0.167924,-0.205471,-0.2042,-0.132856,0.0179059,0.250885,0.670793,1
0,-0.0301121,-0.0752915,-0.120284,-0.167946,-0.20549,-0.204209,-0.132854,0.0179109,0.250885,0.670783,1
0,-0.0301173,-0.075303,-0.1203,-0.167964,-0.205502,-0.204209,-0.132842,0.0179275,0.250898,0.670787,1
0,-0.0301157,-0.0753072,-0.120308,-0.167971,-0.205502,-0.204196,-0.132814,0.0179612,0.25093,0.670811,1
0,-0.030123,-0.0753213,-0.120327,-0.167993,-0.205521,-0.204205,-0.132813,0.0179657,0.25093,0.6708,1
0,-0.0301281,-0.0753326,-0.120343,-0.16801,-0.205533,-0.204205,-0.132801,0.0179819,0.250942,0.670804,1
0,-0.0301264,-0.0753365,-0.120351,-0.168017,-0.205533,-0.204192,-0.132774,0.0180152,0.250974,0.670828,1
0,-0.0301336,-0.0753504,-0.12037,-0.168039,-0.205551,-0.204201,-0.132773,0.0180193,0.250973,0.670817,1
0,-0.0301387,-0.0753615,-0.120386,-0.168056,-0.205563,-0.204201,-0.132761,0.0180351,0.250986,0.670821,1
0,-0.0301369,-0.0753652,-0.120393,-0.168062,-0.205563,-0.204188,-0.132734,0.018068,0.251017,0.670845,1
0,-0.030144,-0.0753788,-0.120412,-0.168084,-0.205581,-0.204197,-0.132733,0.0180717,0.251016,0.670834,1
0,-0.030149,-0.0753897,-0.120427,-0.1681,-0.205592,-0.204198,-0.132722,0.018087,0.251028,0.670838,1
0,-0.0301471,-0.0753932,-0.120434,-0.168106,-0.205592,-0.204184,-0.132696,0.0181195,0.251059,0.670861,1
0,-0.0301542,-0.0754066,-0.120453,-0.168128,-0.20561,-0.204193,-0.132695,0.0181228,0.251058,0.670851,1
0,-0.0301591,-0.0754173,-0.120468,-0.168143,-0.205621,-0.204194,-0.132684,0.0181378,0.25107,0.670854,1
0,-0.0301572,-0.0754205,-0.120474,-0.168149,-0.20562,-0.204181,-0.132658,0.0181699,0.2511,0.670878,1
0,-0.0301641,-0.0754338,-0.120493,-0.16817,-0.205638,-0.20419,-0.132658,0.0181728,0.251099,0.670867,1
0,-0.0301689,-0.0754442,-0.120508,-0.168186,-0.205649,-0.20419,-0.132647,0.0181874,0.25111,0.67087,1
0,-0.0301724,-0.0754534,-0.120521,-0.1682,-0.205658,-0.204189,-0.132635,0.0182033,0.251123,0.670875,1
0,-0.0301702,-0.0754561,-0.120527,-0.168205,-0.205657,-0.204176,-0.132609,0.0182351,0.251153,0.670899,1
0,-0.030177,-0.075469,-0.120545,-0.168226,-0.205675,-0.204185,-0.132609,0.0182376,0.251151,0.670887,1
0,-0.0301817,-0.0754792,-0.120559,-0.168241,-0.205685,-0.204185,-0.132599,0.0182516,0.251163,0.670891,1
0,-0.0301851,-0.0754882,-0.120572,-0.168255,-0.205694,-0.204184,-0.132588,0.0182671,0.251175,0.670896,1
0,-0.0301827,-0.0754906,-0.120578,-0.168259,-0.205693,-0.204171,-0.132562,0.0182984,0.251205,0.670919,1
0,-0.0301895,-0.0755032,-0.120595,-0.168279,-0.20571,-0.20418,-0.132562,0.0183004,0.251203,0.670908,1
0,-0.0301941,-0.0755132,-0.120609,-0.168294,-0.20572,-0.204181,-0.132552,0.018314,0.251213,0.670911,1
0,-0.0301974,-0.0755218,-0.120622,-0.168308,-0.205729,-0.20418,-0.132541,0.0183289,0.251226,0.670915,1
0,-0.0302004,-0.0755302,-0.120634,-0.168321,-0.205738,-0.204179,-0.13253,0.018344,0.251238,0.67092,1
0,-0.0302034,-0.0755384,-0.120646,-0.168334,-0.205746,-0.204178,-0.132519,0.018359,0.25125,0.670925,1
0,-0.0302063,-0.0755465,-0.120658,-0.168346,-0.205755,-0.204176,-0.132507,0.0183739,0.251262,0.67093,1
0,-0.0302092,-0.0755546,-0.12067,-0.168359,-0.205763,-0.204175,-0.132496,0.0183887,0.251274,0.670935,1
0,-0.0302121,-0.0755626,-0.120682,-0.168372,-0.205771,-0.204174,-0.132485,0.0184034,0.251286,0.67094,1
0,-0.030215,-0.0755706,-0.120693,-0.168384,-0.20578,-0.204173,-0.132474,0.0184179,0.251298,0.670945,1
0,-0.0302179,-0.0755784,-0.120705,-0.168396,-0.205788,-0.204172,-0.132464,0.0184323,0.25131,0.670949,1
0,-0.0302207,-0.0755863,-0.120716,-0.168409,-0.205796,-0.204171,-0.132453,0.0184467,0.251322,0.670954,1
0,-0.0302235,-0.075594,-0.120728,-0.168421,-0.205804,-0.20417,-0.132442,0.0184609,0.251333,0.670959,1
0,-0.0302263,-0.0756018,-0.120739,-0.168433,-0.205812,-0.204169,-0.132432,0.018475,0.251345,0.670963,1
0,-0.030229,-0.0756094,-0.12075,-0.168445,-0.20582,-0.204168,-0.132421,0.018489,0.251356,0.670968,1
0,-0.0302318,-0.075617,-0.120762,-0.168457,-0.205828,-0.204167,-0.132411,0.0185029,0.251368,0.670972,1
0,-0.0302345,-0.0756245,-0.120773,-0.168469,-0.205835,-0.204166,-0.1324,0.0185166,0.251379,0.670977,1
0,-0.0302372,-0.075632,-0.120784,-0.16848,-0.205843,-0.204165,-0.13239,0.0185303,0.25139,0.670981,1
0,-0.0302399,-0.0756394,-0.120795,-0.168492,-0.205851,-0.204164,-0.13238,0.0185439,0.251401,0.670986,1
0,-0.0302426,-0.0756468,-0.120805,-0.168504,-0.205858,-0.204163,-0.13237,0.0185573,0.251412,0.67099,1
0,-0.0302452,-0.0756541,-0.120816,-0.168515,-0.205866,-0.204162,-0.13236,0.0185707,0.251423,0.670994,1
0,-0.0302479,-0.0756613,-0.120827,-0.168526,-0.205873,-0.204161,-0.13235,0.0185839,0.251434,0.670999,1
0,-0.0302505,-0.0756685,-0.120837,-0.168538,-0.205881,-0.20416,-0.13234,0.0185971,0.251445,0.671003,1
0,-0.0302531,-0.0756756,-0.120848,-0.168549,-0.205888,-0.204159,-0.13233,0.0186101,0.251455,0.671007,1
0,-0.0302557,-0.0756827,-0.120858,-0.16856,-0.205895,-0.204158,-0.132321,0.0186231,0.251466,0.671012,1
0,-0.0302582,-0.0756898,-0.120869,-0.168571,-0.205903,-0.204157,-0.132311,0.0186359,0.251477,0.671016,1
0,-0.0302607,-0.0756967,-0.120879,-0.168582,-0.20591,-0.204156,-0.132301,0.0186487,0.251487,0.67102,1
0,-0.0302633,-0.0757036,-0.120889,-0.168593,-0.205917,-0.204155,-0.132292,0.0186613,0.251497,0.671024,1
0,-0.0302658,-0.0757105,-0.120899,-0.168604,-0.205924,-0.204154,-0.132283,0.0186738,0.251508,0.671028,1
0,-0.0302682,-0.0757173,-0.120909,-0.168614,-0.205931,-0.204153,-0.132273,0.0186863,0.251518,0.671032,1
0,-0.0302707,-0.0757241,-0.120919,-0.168625,-0.205938,-0.204152,-0.132264,0.0186986,0.251528,0.671036,1
0,-0.0302732,-0.0757308,-0.120929,-0.168635,-0.205945,-0.204151,-0.132255,0.0187109,0.251538,0.67104,1
0,-0.0302756,-0.0757374,-0.120939,-0.168646,-0.205952,-0.20415,-0.132246,0.0187231,0.251548,0.671044,1
0,-0.030278,-0.0757441,-0.120948,-0.168656,-0.205959,-0.204149,-0.132237,0.0187351,0.251558,0.671048,1
0,-0.0302804,-0.0757506,-0.120958,-0.168666,-0.205965,-0.204148,-0.132228,0.0187471,0.251568,0.671052,1
0,-0.0302827,-0.0757571,-0.120968,-0.168677,-0.205972,-0.204147,-0.132219,0.018759,0.251577,0.671056,1
0,-0.0302851,-0.0757636,-0.120977,-0.168687,-0.205979,-0.204146,-0.13221,0.0187708,0.251587,0.67106,1
0,-0.0302874,-0.07577,-0.120987,-0.168697,-0.205985,-0.204145,-0.132201,0.0187825,0.251597,0.671064,1
0,-0.0302898,-0.0757763,-0.120996,-0.168707,-0.205992,-0.204145,-0.132192,0.0187941,0.251606,0.671068,1
0,-0.0302921,-0.0757826,-0.121005,-0.168717,-0.205998,-0.204144,-0.132184,0.0188056,0.251616,0.671071,1
0,-0.0302943,-0.0757889,-0.121014,-0.168726,-0.206005,-0.204143,-0.132175,0.018817,0.251625,0.671075,1
0,-0.0302966,-0.0757951,-0.121023,-0.168736,-0.206011,-0.204142,-0.132167,0.0188284,0.251634,0.671079,1
0,-0.0302989,-0.0758013,-0.121033,-0.168746,-0.206018,-0.204141,-0.132158,0.0188396,0.251644,0.671082,1
0,-0.0303011,-0.0758074,-0.121042,-0.168755,-0.206024,-0.20414,-0.13215,0.0188508,0.251653,0.671086,1
0,-0.0303033,-0.0758135,-0.12105,-0.168765,-0.20603,-0.204139,-0.132142,0.0188619,0.251662,0.67109,1
0,-0.0303055,-0.0758195,-0.121059,-0.168774,-0.206036,-0.204139,-0.132133,0.0188729,0.251671,0.671093,1
0,-0.0303077,-0.0758255,-0.121068,-0.168784,-0.206042,-0.204138,-0.132125,0.0188838,0.25168,0.671097,1
0,-0.0303099,-0.0758314,-0.121077,-0.168793,-0.206049,-0.204137,-0.132117,0.0188946,0.251689,0.6711,1
0,-0.030312,-0.0758373,-0.121085,-0.168802,-0.206055,-0.204136,-0.132109,0.0189054,0.251697,0.671104,1
0,-0.0303142,-0.0758431,-0.121094,-0.168811,-0.206061,-0.204135,-0.132101,0.018916,0.251706,0.671107,1
0,-0.0303163,-0.0758489,-0.121103,-0.16882,-0.206067,-0.204134,-0.132093,0.0189266,0.251715,0.671111,1
0,-0.0303184,-0.0758547,-0.121111,-0.168829,-0.206072,-0.204134,-0.132085,0.0189371,0.251723,0.671114,1
0,-0.0303205,-0.0758604,-0.121119,-0.168838,-0.206078,-0.204133,-0.132077,0.0189475,0.251732,0.671118,1
0,-0.0303225,-0.075866,-0.121128,-0.168847,-0.206084,-0.204132,-0.13207,0.0189578,0.251741,0.671121,1
0,-0.0303246,-0.0758716,-0.121136,-0.168856,-0.20609,-0.204131,-0.132062,0.0189681,0.251749,0.671124,1
0,-0.0303266,-0.0758772,-0.121144,-0.168865,-0.206096,-0.20413,-0.132054,0.0189783,0.251757,0.671128,1
0,-0.0303286,-0.0758827,-0.121152,-0.168873,-0.206101,-0.20413,-0.132047,0.0189884,0.251766,0.671131,1
0,-0.0303307,-0.0758882,-0.12116,-0.168882,-0.206107,-0.204129,-0.132039,0.0189984,0.251774,0.671134,1
0,-0.0303327,-0.0758937,-0.121168,-0.168891,-0.206113,-0.204128,-0.132032,0.0190083,0.251782,0.671137,1
0,-0.0303346,-0.0758991,-0.121176,-0.168899,-0.206118,-0.204127,-0.132024,0.0190182,0.25179,0.67114,1
0,-0.0303366,-0.0759045,-0.121184,-0.168907,-0.206124,-0.204127,-0.132017,0.019028,0.251798,0.671144,1
0,-0.0303385,-0.0759098,-0.121192,-0.168916,-0.206129,-0.204126,-0.13201,0.0190377,0.251806,0.671147,1
0,-0.0303405,-0.0759151,-0.1212,-0.168924,-0.206134,-0.204125,-0.132002,0.0190474,0.251814,0.67115,1
0,-0.0303424,-0.0759203,-0.121207,-0.168932,-0.20614,-0.204124,-0.131995,0.0190569,0.251822,0.671153,1
0,-0.0303443,-0.0759255,-0.121215,-0.16894,-0.206145,-0.204124,-0.131988,0.0190664,0.25183,0.671156,1
0,-0.0303462,-0.0759307,-0.121223,-0.168948,-0.206151,-0.204123,-0.131981,0.0190758,0.251837,0.671159,1
0,-0.0303481,-0.0759358,-0.12123,-0.168956,-0.206156,-0.204122,-0.131974,0.0190852,0.251845,0.671162,1
0,-0.0303499,-0.0759409,-0.121238,-0.168964,-0.206161,-0.204121,-0.131967,0.0190945,0.251853,0.671165,1
0,-0.0303518,-0.0759459,-0.121245,-0.168972,-0.206166,-0.204121,-0.13196,0.0191037,0.25186,0.671168,1
0,-0.0303536,-0.0759509,-0.121252,-0.16898,-0.206171,-0.20412,-0.131953,0.0191128,0.251868,0.671171,1
0,-0.0303554,-0.0759559,-0.12126,-0.168988,-0.206176,-0.204119,-0.131947,0.0191219,0.251875,0.671174,1
0,-0.0303572,-0.0759608,-0.121267,-0.168996,-0.206181,-0.204119,-0.13194,0.0191308,0.251882,0.671177,1
0,-0.030359,-0.0759657,-0.121274,-0.169003,-0.206186,-0.204118,-0.131933,0.0191398,0.25189,0.67118,1
0,-0.0303608,-0.0759706,-0.121281,-0.169011,-0.206191,-0.204117,-0.131926,0.0191486,0.251897,0.671183,1
0,-0.0303626,-0.0759754,-0.121288,-0.169018,-0.206196,-0.204116,-0.13192,0.0191574,0.251904,0.671186,1
0,-0.0303643,-0.0759802,-0.121295,-0.169026,-0.206201,-0.204116,-0.131913,0.0191661,0.251911,0.671188,1
0,-0.0303661,-0.0759849,-0.121302,-0.169033,-0.206206,-0.204115,-0.131907,0.0191748,0.251918,0.671191,1
0,-0.0303678,-0.0759896,-0.121309,-0.169041,-0.206211,-0.204114,-0.1319,0.0191834,0.251925,0.671194,1
0,-0.0303695,-0.0759943,-0.121316,-0.169048,-0.206216,-0.204114,-0.131894,0.0191919,0.251932,0.671197,1
0,-0.0303712,-0.0759989,-0.121323,-0.169055,-0.206221,-0.204113,-0.131888,0.0192003,0.251939,0.6712,1
0,-0.0303729,-0.0760035,-0.12133,-0.169062,-0.206225,-0.204112,-0.131881,0.0192087,0.251946,0.671202,1
0,-0.0303746,-0.0760081,-0.121336,-0.169069,-0.20623,-0.204112,-0.131875,0.019217,0.251953,0.671205,1
0,-0.0303762,-0.0760126,-0.121343,-0.169077,-0.206235,-0.204111,-0.131869,0.0192253,0.25196,0.671208,1
0,-0.0303779,-0.0760171,-0.121349,-0.169084,-0.206239,-0.204111,-0.131863,0.0192335,0.251967,0.67121,1
0,-0.0303795,-0.0760216,-0.121356,-0.169091,-0.206244,-0.20411,-0.131857,0.0192416,0.251973,0.671213,1
0,-0.0303811,-0.076026,-0.121363,-0.169097,-0.206248,-0.204109,-0.131851,0.0192497,0.25198,0.671216,1
0,-0.0303827,-0.0760304,-0.121369,-0.169104,-0.206253,-0.204109,-0.131845,0.0192577,0.251986,0.671218,1
0,-0.0303843,-0.0760347,-0.121375,-0.169111,-0.206257,-0.204108,-0.131839,0.0192657,0.251993,0.671221,1
0,-0.0303859,-0.0760391,-0.121382,-0.169118,-0.206262,-0.204107,-0.131833,0.0192735,0.251999,0.671223,1
0,-0.0303875,-0.0760434,-0.121388,-0.169125,-0.206266,-0.204107,-0.131827,0.0192814,0.252006,0.671226,1
0,-0.030389,-0.0760476,-0.121394,-0.169131,-0.20627,-0.204106,-0.131821,0.0192891,0.252012,0.671228,1
0,-0.0303906,-0.0760518,-0.1214,-0.169138,-0.206275,-0.204106,-0.131815,0.0192968,0.252018,0.671231,1
0,-0.0303921,-0.076056,-0.121407,-0.169144,-0.206279,-0.204105,-0.13181,0.0193045,0.252025,0.671233,1
0,-0.0303937,-0.0760602,-0.121413,-0.169151,-0.206283,-0.204104,-0.131804,0.0193121,0.252031,0.671236,1
0,-0.0303952,-0.0760643,-0.121419,-0.169157,-0.206287,-0.204104,-0.131798,0.0193196,0.252037,0.671238,1
0,-0.0303967,-0.0760684,-0.121425,-0.169164,-0.206292,-0.204103,-0.131793,0.0193271,0.252043,0.67124,1
0,-0.0303982,-0.0760725,-0.121431,-0.16917,-0.206296,-0.204103,-0.131787,0.0193345,0.252049,0.671243,1
0,-0.0303996,-0.0760765,-0.121437,-0.169176,-0.2063,-0.204102,-0.131781,0.0193418,0.252055,0.671245,1
0,-0.0304011,-0.0760805,-0.121443,-0.169183,-0.206304,-0.204101,-0.131776,0.0193491,0.252061,0.671248,1
0,-0.0304026,-0.0760845,-0.121448,-0.169189,-0.206308,-0.204101,-0.131771,0.0193564,0.252067,0.67125,1
0,-0.030404,-0.0760884,-0.121454,-0.169195,-0.206312,-0.2041,-0.131765,0.0193635,0.252073,0.671252,1
0,-0.0304055,-0.0760923,-0.12146,-0.169201,-0.206316,-0.2041,-0.13176,0.0193707,0.252079,0.671255,1
0,-0.0304069,-0.0760962,-0.121466,-0.169207,-0.20632,-0.204099,-0.131755,0.0193777,0.252085,0.671257,1
0,-0.0304083,-0.0761001,-0.121471,-0.169213,-0.206324,-0.204099,-0.131749,0.0193848,0.25209,0.671259,1
0,-0.0304097,-0.0761039,-0.121477,-0.169219,-0.206328,-0.204098,-0.131744,0.0193917,0.252096,0.671261,1
0,-0.0304111,-0.0761077,-0.121482,-0.169225,-0.206332,-0.204098,-0.131739,0.0193986,0.252102,0.671264,1
0,-0.0304125,-0.0761115,-0.121488,-0.169231,-0.206336,-0.204097,-0.131734,0.0194055,0.252107,0.671266,1
0,-0.0304138,-0.0761152,-0.121493,-0.169237,-0.20634,-0.204096,-0.131729,0.0194123,0.252113,0.671268,1
0,-0.0304152,-0.0761189,-0.121499,-0.169243,-0.206343,-0.204096,-0.131723,0.0194191,0.252119,0.67127,1
0,-0.0304165,-0.0761226,-0.121504,-0.169248,-0.206347,-0.204095,-0.131718,0.0194258,0.252124,0.671272,1
0,-0.0304179,-0.0761262,-0.12151,-0.169254,-0.206351,-0.204095,-0.131713,0.0194324,0.25213,0.671274,1
0,-0.0304192,-0.0761299,-0.121515,-0.16926,-0.206355,-0.204094,-0.131708,0.019439,0.252135,0.671277,1
0,-0.0304205,-0.0761334,-0.12152,-0.169265,-0.206358,-0.204094,-0.131704,0.0194456,0.25214,0.671279,1
0,-0.0304218,-0.076137,-0.121525,-0.169271,-0.206362,-0.204093,-0.131699,0.0194521,0.252146,0.671281,1
0,-0.0304231,-0.0761406,-0.121531,-0.169276,-0.206365,-0.204093,-0.131694,0.0194585,0.252151,0.671283,1
0,-0.0304244,-0.0761441,-0.121536,-0.169282,-0.206369,-0.204092,-0.131689,0.0194649,0.252156,0.671285,1
0,-0.0304257,-0.0761475,-0.121541,-0.169287,-0.206373,-0.204092,-0.131684,0.0194712,0.252161,0.671287,1
0,-0.030427,-0.076151,-0.121546,-0.169293,-0.206376,-0.204091,-0.13168,0.0194775,0.252166,0.671289,1
0,-0.0304282,-0.0761544,-0.121551,-0.169298,-0.20638,-0.204091,-0.131675,0.0194838,0.252172,0.671291,1
0,-0.0304295,-0.0761578,-0.121556,-0.169303,-0.206383,-0.20409,-0.13167,0.01949,0.252177,0.671293,1
0,-0.0304307,-0.0761612,-0.121561,-0.169309,-0.206387,-0.20409,-0.131666,0.0194962,0.252182,0.671295,1
0,-0.030432,-0.0761646,-0.121566,-0.169314,-0.20639,-0.204089,-0.131661,0.0195023,0.252187,0.671297,1
0,-0.0304332,-0.0761679,-0.121571,-0.169319,-0.206393,-0.204089,-0.131656,0.0195083,0.252192,0.671299,1
0,-0.0304344,-0.0761712,-0.121575,-0.169324,-0.206397,-0.204088,-0.131652,0.0195143,0.252197,0.671301,1
0,-0.0304356,-0.0761745,-0.12158,-0.169329,-0.2064,-0.204088,-0.131647,0.0195203,0.252201,0.671303,1
0,-0.0304368,-0.0761777,-0.121585,-0.169334,-0.206403,-0.204087,-0.131643,0.0195262,0.252206,0.671305,1
0,-0.030438,-0.076181,-0.12159,-0.169339,-0.206407,-0.204087,-0.131639,0.0195321,0.252211,0.671307,1
0,-0.0304391,-0.0761842,-0.121594,-0.169344,-0.20641,-0.204086,-0.131634,0.0195379,0.252216,0.671309,1
0,-0.0304403,-0.0761873,-0.121599,-0.169349,-0.206413,-0.204086,-0.13163,0.0195437,0.252221,0.67131,1
0,-0.0304415,-0.0761905,-0.121604,-0.169354,-0.206416,-0.204086,-0.131625,0.0195495,0.252225,0.671312,1
0,-0.0304426,-0.0761936,-0.121608,-0.169359,-0.20642,-0.204085,-0.131621,0.0195552,0.25223,0.671314,1
0,-0.0304438,-0.0761967,-0.121613,-0.169364,-0.206423,-0.204085,-0.131617,0.0195608,0.252235,0.671316,1
0,-0.0304449,-0.0761998,-0.121617,-0.169369,-0.206426,-0.204084,-0.131613,0.0195664,0.252239,0.671318,1
0,-0.030446,-0.0762029,-0.121622,-0.169373,-0.206429,-0.204084,-0.131609,0.019572,0.252244,0.671319,1
0,-0.0304471,-0.0762059,-0.121626,-0.169378,-0.206432,-0.204083,-0.131604,0.0195775,0.252248,0.671321,1
0,-0.0304482,-0.0762089,-0.121631,-0.169383,-0.206435,-0.204083,-0.1316,0.019583,0.252253,0.671323,1
0,-0.0304493,-0.0762119,-0.121635,-0.169388,-0.206438,-0.204082,-0.131596,0.0195884,0.252257,0.671325,1
0,-0.0304504,-0.0762149,-0.121639,-0.169392,-0.206441,-0.204082,-0.131592,0.0195938,0.252262,0.671326,1
0,-0.0304515,-0.0762178,-0.121644,-0.169397,-0.206444,-0.204082,-0.131588,0.0195992,0.252266,0.671328,1
0,-0.0304526,-0.0762207,-0.121648,-0.169401,-0.206447,-0.204081,-0.131584,0.0196045,0.25227,0.67133,1
0,-0.0304536,-0.0762236,-0.121652,-0.169406,-0.20645,-0.204081,-0.13158,0.0196097,0.252275,0.671332,1
0,-0.0304547,-0.0762265,-0.121657,-0.16941,-0.206453,-0.20408,-0.131576,0.019615,0.252279,0.671333,1
0,-0.0304557,-0.0762293,-0.121661,-0.169415,-0.206456,-0.20408,-0.131572,0.0196202,0.252283,0.671335,1
0,-0.0304568,-0.0762322,-0.121665,-0.169419,-0.206459,-0.204079,-0.131568,0.0196253,0.252287,0.671337,1
0,-0.0304578,-0.076235,-0.121669,-0.169424,-0.206462,-0.204079,-0.131565,0.0196304,0.252292,0.671338,1
0,-0.0304588,-0.0762378,-0.121673,-0.169428,-0.206465,-0.204079,-0.131561,0.0196355,0.252296,0.67134,1
0,-0.0304598,-0.0762405,-0.121677,-0.169432,-0.206467,-0.204078,-0.131557,0.0196405,0.2523,0.671342,1
0,-0.0304609,-0.0762433,-0.121681,-0.169436,-0.20647,-0.204078,-0.131553,0.0196455,0.252304,0.671343,1
0,-0.0304619,-0.076246,-0.121685,-0.169441,-0.206473,-0.204077,-0.13155,0.0196505,0.252308,0.671345,1
0,-0.0304629,-0.0762487,-0.121689,-0.169445,-0.206476,-0.204077,-0.131546,0.0196554,0.252312,0.671346,1
0,-0.0304638,-0.0762514,-0.121693,-0.169449,-0.206479,-0.204077,-0.131542,0.0196602,0.252316,0.671348,1
0,-0.0304648,-0.076254,-0.121697,-0.169453,-0.206481,-0.204076,-0.131538,0.0196651,0.25232,0.671349,1
0,-0.0304658,-0.0762567,-0.121701,-0.169457,-0.206484,-0.204076,-0.131535,0.0196699,0.252324,0.671351,1
0,-0.0304667,-0.0762593,-0.121705,-0.169461,-0.206487,-0.204075,-0.131531,0.0196747,0.252328,0.671353,1
0,-0.0304677,-0.0762619,-0.121708,-0.169465,-0.206489,-0.204075,-0.131528,0.0196794,0.252332,0.671354,1
0,-0.0304686,-0.0762645,-0.121712,-0.16947,-0.206492,-0.204075,-0.131524,0.0196841,0.252335,0.671356,1
0,-0.0304696,-0.076267,-0.121716,-0.169474,-0.206495,-0.204074,-0.131521,0.0196887,0.252339,0.671357,1
0,-0.0304705,-0.0762696,-0.12172,-0.169477,-0.206497,-0.204074,-0.131517,0.0196933,0.252343,0.671359,1
0,-0.0304714,-0.0762721,-0.121723,-0.169481,-0.2065,-0.204074,-0.131514,0.0196979,0.252347,0.67136,1
0,-0.0304724,-0.0762746,-0.121727,-0.169485,-0.206502,-0.204073,-0.13151,0.0197025,0.252351,0.671361,1
0,-0.0304733,-0.0762771,-0.121731,-0.169489,-0.206505,-0.204073,-0.131507,0.019707,0.252354,0.671363,1
0,-0.0304742,-0.0762796,-0.121734,-0.169493,-0.206507,-0.204072,-0.131504,0.0197115,0.252358,0.671364,1
0,-0.0304751,-0.076282,-0.121738,-0.169497,-0.20651,-0.204072,-0.1315,0.0197159,0.252362,0.671366,1
0,-0.030476,-0.0762844,-0.121741,-0.169501,-0.206512,-0.204072,-0.131497,0.0197203,0.252365,0.671367,1
0,-0.0304769,-0.0762868,-0.121745,-0.169504,-0.206515,-0.204071,-0.131494,0.0197247,0.252369,0.671369,1
0,-0.0304777,-0.0762892,-0.121748,-0.169508,-0.206517,-0.204071,-0.13149,0.019729,0.252372,0.67137,1
0,-0.0304786,-0.0762916,-0.121752,-0.169512,-0.206519,-0.204071,-0.131487,0.0197333,0.252376,0.671371,1
0,-0.0304795,-0.076294,-0.121755,-0.169515,-0.206522,-0.20407,-0.131484,0.0197376,0.252379,0.671373,1
0,-0.0304803,-0.0762963,-0.121759,-0.169519,-0.206524,-0.20407,-0.131481,0.0197418,0.252383,0.671374,1
0,-0.0304812,-0.0762986,-0.121762,-0.169523,-0.206527,-0.20407,-0.131477,0.0197461,0.252386,0.671376,1
0,-0.030482,-0.0763009,-0.121766,-0.169526,-0.206529,-0.204069,-0.131474,0.0197502,0.25239,0.671377,1
0,-0.0304829,-0.0763032,-0.121769,-0.16953,-0.206531,-0.204069,-0.131471,0.0197544,0.252393,0.671378,1
0,-0.0304837,-0.0763054,-0.121772,-0.169533,-0.206534,-0.204069,-0.131468,0.0197585,0.252396,0.67138,1
0,-0.0304845,-0.0763077,-0.121775,-0.169537,-0.206536,-0.204068,-0.131465,0.0197626,0.2524,0.671381,1
0,-0.0304853,-0.0763099,-0.121779,-0.16954,-0.206538,-0.204068,-0.131462,0.0197666,0.252403,0.671382,1
0,-0.0304862,-0.0763121,-0.121782,-0.169544,-0.20654,-0.204068,-0.131459,0.0197706,0.252406,0.671383,1
0,-0.030487,-0.0763143,-0.121785,-0.169547,-0.206543,-0.204067,-0.131456,0.0197746,0.25241,0.671385,1
0,-0.0304878,-0.0763165,-0.121788,-0.169551,-0.206545,-0.204067,-0.131453,0.0197786,0.252413,0.671386,1
0,-0.0304886,-0.0763187,-0.121792,-0.169554,-0.206547,-0.204067,-0.13145,0.0197825,0.252416,0.671387,1
0,-0.0304893,-0.0763208,-0.121795,-0.169557,-0.206549,-0.204066,-0.131447,0.0197864,0.252419,0.671388,1
0,-0.0304901,-0.0763229,-0.121798,-0.169561,-0.206551,-0.204066,-0.131444,0.0197903,0.252422,0.67139,1
0,-0.0304909,-0.0763251,-0.121801,-0.169564,-0.206554,-0.204066,-0.131441,0.0197941,0.252426,0.671391,1
0,-0.0304917,-0.0763271,-0.121804,-0.169567,-0.206556,-0.204065,-0.131438,0.0197979,0.252429,0.671392,1
0,-0.0304924,-0.0763292,-0.121807,-0.16957,-0.206558,-0.204065,-0.131436,0.0198017,0.252432,0.671393,1
0,-0.0304932,-0.0763313,-0.12181,-0.169574,-0.20656,-0.204065,-0.131433,0.0198054,0.252435,0.671395,1
0,-0.0304939,-0.0763333,-0.121813,-0.169577,-0.206562,-0.204064,-0.13143,0.0198091,0.252438,0.671396,1
0,-0.0304947,-0.0763354,-0.121816,-0.16958,-0.206564,-0.204064,-0.131427,0.0198128,0.252441,0.671397,1
0,-0.0304954,-0.0763374,-0.121819,-0.169583,-0.206566,-0.204064,-0.131424,0.0198165,0.252444,0.671398,1
0,-0.0304962,-0.0763394,-0.121822,-0.169586,-0.206568,-0.204064,-0.131422,0.0198201,0.252447,0.671399,1
0,-0.0304969,-0.0763414,-0.121825,-0.169589,-0.20657,-0.204063,-0.131419,0.0198237,0.25245,0.671401,1
0,-0.0304976,-0.0763433,-0.121828,-0.169592,-0.206572,-0.204063,-0.131416,0.0198273,0.252453,0.671402,1
0,-0.0304983,-0.0763453,-0.121831,-0.169595,-0.206574,-0.204063,-0.131414,0.0198308,0.252456,0.671403,1
0,-0.0304991,-0.0763472,-0.121833,-0.169598,-0.206576,-0.204062,-0.131411,0.0198344,0.252458,0.671404,1
0,-0.0304998,-0.0763492,-0.121836,-0.169601,-0.206578,-0.204062,-0.131408,0.0198379,0.252461,0.671405,1
0,-0.0305005,-0.0763511,-0.121839,-0.169604,-0.20658,-0.204062,-0.131406,0.0198413,0.252464,0.671406,1
0,-0.0305012,-0.076353,-0.121842,-0.169607,-0.206582,-0.204062,-0.131403,0.0198448,0.252467,0.671407,1
0,-0.0305019,-0.0763549,-0.121845,-0.16961,-0.206584,-0.204061,-0.1314,0.0198482,0.25247,0.671408,1
0,-0.0305025,-0.0763567,-0.121847,-0.169613,-0.206586,-0.204061,-0.131398,0.0198516,0.252473,0.671409,1
0,-0.0305032,-0.0763586,-0.12185,-0.169616,-0.206588,-0.204061,-0.131395,0.0198549,0.252475,0.671411,1
0,-0.0305039,-0.0763604,-0.121853,-0.169619,-0.206589,-0.20406,-0.131393,0.0198583,0.252478,0.671412,1
0,-0.0305046,-0.0763622,-0.121855,-0.169622,-0.206591,-0.20406,-0.13139,0.0198616,0.252481,0.671413,1
0,-0.0305052,-0.0763641,-0.121858,-0.169625,-0.206593,-0.20406,-0.131388,0.0198649,0.252483,0.671414,1
0,-0.0305059,-0.0763658,-0.121861,-0.169627,-0.206595,-0.20406,-0.131385,0.0198681,0.252486,0.671415,1
0,-0.0305066,-0.0763676,-0.121863,-0.16963,-0.206597,-0.204059,-0.131383,0.0198713,0.252489,0.671416,1
0,-0.0305072,-0.0763694,-0.121866,-0.169633,-0.206599,-0.204059,-0.131381,0.0198746,0.252491,0.671417,1
0,-0.0305079,-0.0763712,-0.121868,-0.169636,-0.2066,-0.204059,-0.131378,0.0198777,0.252494,0.671418,1
0,-0.0305085,-0.0763729,-0.121871,-0.169638,-0.206602,-0.204059,-0.131376,0.0198809,0.252497,0.671419,1
0,-0.0305091,-0.0763746,-0.121874,-0.169641,-0.206604,-0.204058,-0.131373,0.019884,0.252499,0.67142,1
0,-0.0305098,-0.0763763,-0.121876,-0.169644,-0.206606,-0.204058,-0.131371,0.0198871,0.252502,0.671421,1
0,-0.0305104,-0.076378,-0.121879,-0.169646,-0.206607,-0.204058,-0.131369,0.0198902,0.252504,0.671422,1
0,-0.030511,-0.0763797,-0.121881,-0.169649,-0.206609,-0.204057,-0.131366,0.0198933,0.252507,0.671423,1
0,-0.0305116,-0.0763814,-0.121883,-0.169652,-0.206611,-0.204057,-0.131364,0.0198963,0.252509,0.671424,1
0,-0.0305122,-0.0763831,-0.121886,-0.169654,-0.206612,-0.204057,-0.131362,0.0198993,0.252512,0.671425,1
0,-0.0305128,-0.0763847,-0.121888,-0.169657,-0.206614,-0.204057,-0.13136,0.0199023,0.252514,0.671426,1
0,-0.0305134,-0.0763864,-0.121891,-0.169659,-0.206616,-0.204056,-0.131357,0.0199053,0.252517,0.671427,1
0,-0.030514,-0.076388,-0.121893,-0.169662,-0.206617,-0.204056,-0.131355,0.0199083,0.252519,0.671428,1
0,-0.0305146,-0.0763896,-0.121895,-0.169664,-0.206619,-0.204056,-0.131353,0.0199112,0.252521,0.671429,1
0,-0.0305152,-0.0763912,-0.121898,-0.169667,-0.206621,-0.204056,-0.131351,0.0199141,0.252524,0.67143,1
0,-0.0305158,-0.0763928,-0.1219,-0.169669,-0.206622,-0.204056,-0.131349,0.019917,0.252526,0.67143,1
0,-0.0305164,-0.0763944,-0.121902,-0.169672,-0.206624,-0.204055,-0.131346,0.0199198,0.252528,0.671431,1
0,-0.030517,-0.0763959,-0.121905,-0.169674,-0.206625,-0.204055,-0.131344,0.0199227,0.252531,0.671432,1
0,-0.0305175,-0.0763975,-0.121907,-0.169676,-0.206627,-0.204055,-0.131342,0.0199255,0.252533,0.671433,1
0,-0.0305181,-0.076399,-0.121909,-0.169679,-0.206629,-0.204055,-0.13134,0.0199283,0.252535,0.671434,1
0,-0.0305187,-0.0764005,-0.121911,-0.169681,-0.20663,-0.204054,-0.131338,0.019931,0.252538,0.671435,1
0,-0.0305192,-0.0764021,-0.121914,-0.169684,-0.206632,-0.204054,-0.131336,0.0199338,0.25254,0.671436,1
0,-0.0305198,-0.0764036,-0.121916,-0.169686,-0.206633,-0.204054,-0.131334,0.0199365,0.252542,0.671437,1
0,-0.0305203,-0.0764051,-0.121918,-0.169688,-0.206635,-0.204054,-0.131332,0.0199392,0.252544,0.671438,1
0,-0.0305209,-0.0764065,-0.12192,-0.169691,-0.206636,-0.204053,-0.13133,0.0199419,0.252546,0.671439,1
0,-0.0305214,-0.076408,-0.121922,-0.169693,-0.206638,-0.204053,-0.131328,0.0199446,0.252549,0.671439,1
0,-0.0305219,-0.0764095,-0.121925,-0.169695,-0.206639,-0.204053,-0.131326,0.0199472,0.252551,0.67144,1
0,-0.0305225,-0.0764109,-0.121927,-0.169697,-0.206641,-0.204053,-0.131324,0.0199498,0.252553,0.671441,1
0,-0.030523,-0.0764124,-0.121929,-0.1697,-0.206642,-0.204053,-0.131322,0.0199524,0.252555,0.671442,1
0,-0.0305235,-0.0764138,-0.121931,-0.169702,-0.206644,-0.204052,-0.13132,0.019955,0.252557,0.671443,1
0,-0.0305241,-0.0764152,-0.121933,-0.169704,-0.206645,-0.204052,-0.131318,0.0199576,0.252559,0.671444,1
0,-0.0305246,-0.0764166,-0.121935,-0.169706,-0.206646,-0.204052,-0.131316,0.0199601,0.252561,0.671444,1
0,-0.0305251,-0.076418,-0.121937,-0.169708,-0.206648,-0.204052,-0.131314,0.0199626,0.252563,0.671445,1
0,-0.0305256,-0.0764194,-0.121939,-0.169711,-0.206649,-0.204051,-0.131312,0.0199651,0.252565,0.671446,1
0,-0.0305261,-0.0764208,-0.121941,-0.169713,-0.206651,-0.204051,-0.13131,0.0199676,0.252568,0.671447,1
0,-0.0305266,-0.0764221,-0.121943,-0.169715,-0.206652,-0.204051,-0.131308,0.0199701,0.25257,0.671448,1
0,-0.0305271,-0.0764235,-0.121945,-0.169717,-0.206653,-0.204051,-0.131307,0.0199725,0.252572,0.671448,1
0,-0.0305276,-0.0764248,-0.121947,-0.169719,-0.206655,-0.204051,-0.131305,0.019975,0.252574,0.671449,1
0,-0.0305281,-0.0764261,-0.121949,-0.169721,-0.206656,-0.20405,-0.131303,0.0199774,0.252575,0.67145,1
0,-0.0305286,-0.0764275,-0.121951,-0.169723,-0.206657,-0.20405,-0.131301,0.0199798,0.252577,0.671451,1
0,-0.030529,-0.0764288,-0.121953,-0.169725,-0.206659,-0.20405,-0.131299,0.0199821,0.252579,0.671451,1
0,-0.0305295,-0.0764301,-0.121955,-0.169727,-0.20666,-0.20405,-0.131298,0.0199845,0.252581,0.671452,1
0,-0.03053,-0.0764314,-0.121957,-0.169729,-0.206661,-0.20405,-0.131296,0.0199868,0.252583,0.671453,1
0,-0.0305305,-0.0764326,-0.121958,-0.169731,-0.206663,-0.204049,-0.131294,0.0199892,0.252585,0.671454,1
0,-0.0305309,-0.0764339,-0.12196,-0.169733,-0.206664,-0.204049,-0.131292,0.0199915,0.252587,0.671454,1
0,-0.0305314,-0.0764352,-0.121962,-0.169735,-0.206665,-0.204049,-0.131291,0.0199937,0.252589,0.671455,1
0,-0.0305319,-0.0764364,-0.121964,-0.169737,-0.206666,-0.204049,-0.131289,0.019996,0.252591,0.671456,1
0,-0.0305323,-0.0764377,-0.121966,-0.169739,-0.206668,-0.204049,-0.131287,0.0199982,0.252593,0.671457,1
0,-0.0305328,-0.0764389,-0.121968,-0.169741,-0.206669,-0.204049,-0.131285,0.0200005,0.252594,0.671457,1
0,-0.0305332,-0.0764401,-0.121969,-0.169743,-0.20667,-0.204048,-0.131284,0.0200027,0.252596,0.671458,1
0,-0.0305337,-0.0764413,-0.121971,-0.169745,-0.206671,-0.204048,-0.131282,0.0200049,0.252598,0.671459,1
0,-0.0305341,-0.0764425,-0.121973,-0.169746,-0.206673,-0.204048,-0.13128,0.0200071,0.2526,0.671459,1
0,-0.0305345,-0.0764437,-0.121975,-0.169748,-0.206674,-0.204048,-0.131279,0.0200092,0.252602,0.67146,1
0,-0.030535,-0.0764449,-0.121976,-0.16975,-0.206675,-0.204048,-0.131277,0.0200114,0.252603,0.671461,1
0,-0.0305354,-0.0764461,-0.121978,-0.169752,-0.206676,-0.204047,-0.131276,0.0200135,0.252605,0.671462,1
0,-0.0305358,-0.0764472,-0.12198,-0.169754,-0.206677,-0.204047,-0.131274,0.0200156,0.252607,0.671462,1
0,-0.0305363,-0.0764484,-0.121981,-0.169756,-0.206679,-0.204047,-0.131272,0.0200177,0.252608,0.671463,1
0,-0.0305367,-0.0764496,-0.121983,-0.169757,-0.20668,-0.204047,-0.131271,0.0200198,0.25261,0.671464,1
0,-0.0305371,-0.0764507,-0.121985,-0.169759,-0.206681,-0.204047,-0.131269,0.0200218,0.252612,0.671464,1
0,-0.0305375,-0.0764518,-0.121986,-0.169761,-0.206682,-0.204047,-0.131268,0.0200239,0.252614,0.671465,1
0,-0.0305379,-0.0764529,-0.121988,-0.169763,-0.206683,-0.204046,-0.131266,0.0200259,0.252615,0.671466,1
0,-0.0305384,-0.0764541,-0.12199,-0.169764,-0.206684,-0.204046,-0.131265,0.0200279,0.252617,0.671466,1
0,-0.0305388,-0.0764552,-0.121991,-0.169766,-0.206685,-0.204046,-0.131263,0.0200299,0.252618,0.671467,1
0,-0.0305392,-0.0764563,-0.121993,-0.169768,-0.206687,-0.204046,-0.131262,0.0200319,0.25262,0.671467,1
0,-0.0305396,-0.0764574,-0.121995,-0.169769,-0.206688,-0.204046,-0.13126,0.0200339,0.252622,0.671468,1
0,-0.03054,-0.0764584,-0.121996,-0.169771,-0.206689,-0.204046,-0.131259,0.0200359,0.252623,0.671469,1
0,-0.0305404,-0.0764595,-0.121998,-0.169773,-0.20669,-0.204045,-0.131257,0.0200378,0.252625,0.671469,1
0,-0.0305407,-0.0764606,-0.121999,-0.169774,-0.206691,-0.204045,-0.131256,0.0200397,0.252626,0.67147,1
0,-0.0305411,-0.0764616,-0.122001,-0.169776,-0.206692,-0.204045,-0.131254,0.0200416,0.252628,0.671471,1
0,-0.0305415,-0.0764627,-0.122002,-0.169778,-0.206693,-0.204045,-0.131253,0.0200435,0.25263,0.671471,1
0,-0.0305419,-0.0764637,-0.122004,-0.169779,-0.206694,-0.204045,-0.131251,0.0200454,0.252631,0.671472,1
0,-0.0305423,-0.0764647,-0.122005,-0.169781,-0.206695,-0.204045,-0.13125,0.0200473,0.252633,0.671472,1
0,-0.0305427,-0.0764658,-0.122007,-0.169783,-0.206696,-0.204044,-0.131249,0.0200491,0.252634,0.671473,1
0,-0.030543,-0.0764668,-0.122008,-0.169784,-0.206697,-0.204044,-0.131247,0.020051,0.252636,0.671474,1
0,-0.0305434,-0.0764678,-0.12201,-0.169786,-0.206698,-0.204044,-0.131246,0.0200528,0.252637,0.671474,1
0,-0.0305438,-0.0764688,-0.122011,-0.169787,-0.206699,-0.204044,-0.131245,0.0200546,0.252639,0.671475,1
0,-0.0305441,-0.0764698,-0.122013,-0.169789,-0.2067,-0.204044,-0.131243,0.0200564,0.25264,0.671475,1
0,-0.0305445,-0.0764708,-0.122014,-0.16979,-0.206701,-0.204044,-0.131242,0.0200582,0.252642,0.671476,1
0,-0.0305449,-0.0764717,-0.122016,-0.169792,-0.206702,-0.204043,-0.13124,0.0200599,0.252643,0.671476,1
0,-0.0305452,-0.0764727,-0.122017,-0.169793,-0.206703,-0.204043,-0.131239,0.0200617,0.252644,0.671477,1
0,-0.0305456,-0.0764737,-0.122018,-0.169795,-0.206704,-0.204043,-0.131238,0.0200634,0.252646,0.671478,1
0,-0.0305459,-0.0764746,-0.12202,-0.169796,-0.206705,-0.204043,-0.131237,0.0200652,0.252647,0.671478,1
0,-0.0305463,-0.0764756,-0.122021,-0.169798,-0.206706,-0.204043,-0.131235,0.0200669,0.252649,0.671479,1
0,-0.0305466,-0.0764765,-0.122023,-0.169799,-0.206707,-0.204043,-0.131234,0.0200686,0.25265,0.671479,1
0,-0.030547,-0.0764775,-0.122024,-0.169801,-0.206708,-0.204043,-0.131233,0.0200703,0.252651,0.67148,1
0,-0.0305473,-0.0764784,-0.122025,-0.169802,-0.206709,-0.204042,-0.131231,0.0200719,0.252653,0.67148,1
0,-0.0305476,-0.0764793,-0.122027,-0.169804,-0.20671,-0.204042,-0.13123,0.0200736,0.252654,0.671481,1
0,-0.030548,-0.0764802,-0.122028,-0.169805,-0.206711,-0.204042,-0.131229,0.0200752,0.252655,0.671481,1
0,-0.0305483,-0.0764811,-0.122029,-0.169806,-0.206712,-0.204042,-0.131228,0.0200769,0.252657,0.671482,1
0,-0.0305486,-0.076482,-0.122031,-0.169808,-0.206713,-0.204042,-0.131226,0.0200785,0.252658,0.671482,1
0,-0.030549,-0.0764829,-0.122032,-0.169809,-0.206713,-0.204042,-0.131225,0.0200801,0.252659,0.671483,1
0,-0.0305493,-0.0764838,-0.122033,-0.169811,-0.206714,-0.204042,-0.131224,0.0200817,0.252661,0.671483,1
0,-0.0305496,-0.0764847,-0.122034,-0.169812,-0.206715,-0.204041,-0.131223,0.0200833,0.252662,0.671484,1
0,-0.0305499,-0.0764855,-0.122036,-0.169813,-0.206716,-0.204041,-0.131222,0.0200849,0.252663,0.671484,1
0,-0.0305503,-0.0764864,-0.122037,-0.169815,-0.206717,-0.204041,-0.13122,0.0200864,0.252665,0.671485,1
0,-0.0305506,-0.0764873,-0.122038,-0.169816,-0.206718,-0.204041,-0.131219,0.020088,0.252666,0.671485,1
0,-0.0305509,-0.0764881,-0.12204,-0.169817,-0.206719,-0.204041,-0.131218,0.0200895,0.252667,0.671486,1
0,-0.0305512,-0.0764889,-0.122041,-0.169819,-0.20672,-0.204041,-0.131217,0.020091,0.252668,0.671486,1
0,-0.0305515,-0.0764898,-0.122042,-0.16982,-0.20672,-0.204041,-0.131216,0.0200926,0.25267,0.671487,1
0,-0.0305518,-0.0764906,-0.122043,-0.169821,-0.206721,-0.204041,-0.131215,0.0200941,0.252671,0.671487,1
0,-0.0305521,-0.0764914,-0.122044,-0.169822,-0.206722,-0.20404,-0.131214,0.0200956,0.252672,0.671488,1
0,-0.0305524,-0.0764923,-0.122046,-0.169824,-0.206723,-0.20404,-0.131212,0.020097,0.252673,0.671488,1
0,-0.0305527,-0.0764931,-0.122047,-0.169825,-0.206724,-0.20404,-0.131211,0.0200985,0.252675,0.671489,1
0,-0.030553,-0.0764939,-0.122048,-0.169826,-0.206725,-0.20404,-0.13121,0.0201,0.252676,0.671489,1
0,-0.0305533,-0.0764947,-0.122049,-0.169827,-0.206725,-0.20404,-0.131209,0.0201014,0.252677,0.67149,1
0,-0.0305536,-0.0764955,-0.12205,-0.169829,-0.206726,-0.20404,-0.131208,0.0201028,0.252678,0.67149,1
0,-0.0305539,-0.0764963,-0.122051,-0.16983,-0.206727,-0.20404,-0.131207,0.0201043,0.252679,0.671491,1
0,-0.0305542,-0.076497,-0.122053,-0.169831,-0.206728,-0.20404,-0.131206,0.0201057,0.25268,0.671491,1
0,-0.0305545,-0.0764978,-0.122054,-0.169832,-0.206728,-0.204039,-0.131205,0.0201071,0.252682,0.671492,1
0,-0.0305547,-0.0764986,-0.122055,-0.169833,-0.206729,-0.204039,-0.131204,0.0201085,0.252683,0.671492,1
0,-0.030555,-0.0764993,-0.122056,-0.169835,-0.20673,-0.204039,-0.131203,0.0201098,0.252684,0.671492,1
0,-0.0305553,-0.0765001,-0.122057,-0.169836,-0.206731,-0.204039,-0.131202,0.0201112,0.252685,0.671493,1
0,-0.0305556,-0.0765009,-0.122058,-0.169837,-0.206732,-0.204039,-0.131201,0.0201126,0.252686,0.671493,1
0,-0.0305559,-0.0765016,-0.122059,-0.169838,-0.206732,-0.204039,-0.1312,0.0201139,0.252687,0.671494,1
0,-0.0305561,-0.0765023,-0.12206,-0.169839,-0.206733,-0.204039,-0.131199,0.0201153,0.252688,0.671494,1
0,-0.0305564,-0.0765031,-0.122061,-0.16984,-0.206734,-0.204039,-0.131198,0.0201166,0.252689,0.671495,1
0,-0.0305567,-0.0765038,-0.122062,-0.169842,-0.206735,-0.204039,-0.131197,0.0201179,0.25269,0.671495,1
0,-0.0305569,-0.0765045,-0.122064,-0.169843,-0.206735,-0.204038,-0.131196,0.0201192,0.252691,0.671495,1
0,-0.0305572,-0.0765052,-0.122065,-0.169844,-0.206736,-0.204038,-0.131195,0.0201205,0.252692,0.671496,1
0,-0.0305575,-0.076506,-0.122066,-0.169845,-0.206737,-0.204038,-0.131194,0.0201218,0.252694,0.671496,1
0,-0.0305577,-0.0765067,-0.122067,-0.169846,-0.206737,-0.204038,-0.131193,0.0201231,0.252695,0.671497,1
0,-0.030558,-0.0765074,-0.122068,-0.169847,-0.206738,-0.204038,-0.131192,0.0201243,0.252696,0.671497,1
0,-0.0305582,-0.0765081,-0.122069,-0.169848,-0.206739,-0.204038,-0.131191,0.0201256,0.252697,0.671498,1
0,-0.0305585,-0.0765088,-0.12207,-0.169849,-0.20674,-0.204038,-0.13119,0.0201268,0.252698,0.671498,1
0,-0.0305587,-0.0765094,-0.122071,-0.16985,-0.20674,-0.204038,-0.131189,0.0201281,0.252699,0.671498,1
0,-0.030559,-0.0765101,-0.122072,-0.169851,-0.206741,-0.204038,-0.131188,0.0201293,0.2527,0.671499,1
0,-0.0305592,-0.0765108,-0.122073,-0.169852,-0.206742,-0.204037,-0.131187,0.0201305,0.252701,0.671499,1
0,-0.0305595,-0.0765115,-0.122074,-0.169853,-0.206742,-0.204037,-0.131186,0.0201317,0.252702,0.6715,1
0,-0.0305597,-0.0765121,-0.122075,-0.169854,-0.206743,-0.204037,-0.131185,0.0201329,0.252703,0.6715,1
0,-0.03056,-0.0765128,-0.122076,-0.169855,-0.206744,-0.204037,-0.131184,0.0201341,0.252704,0.6715,1
0,-0.0305602,-0.0765134,-0.122077,-0.169856,-0.206744,-0.204037,-0.131183,0.0201353,0.252705,0.671501,1
0,-0.0305605,-0.0765141,-0.122078,-0.169857,-0.206745,-0.204037,-0.131183,0.0201365,0.252706,0.671501,1
0,-0.0305607,-0.0765147,-0.122078,-0.169858,-0.206746,-0.204037,-0.131182,0.0201377,0.252707,0.671501,1
0,-0.0305609,-0.0765154,-0.122079,-0.169859,-0.206746,-0.204037,-0.131181,0.0201388,0.252707,0.671502,1
0,-0.0305612,-0.076516,-0.12208,-0.16986,-0.206747,-0.204037,-0.13118,0.02014,0.252708,0.671502,1
0,-0.0305614,-0.0765166,-0.122081,-0.169861,-0.206747,-0.204037,-0.131179,0.0201411,0.252709,0.671503,1
0,-0.0305616,-0.0765173,-0.122082,-0.169862,-0.206748,-0.204036,-0.131178,0.0201422,0.25271,0.671503,1
0,-0.0305619,-0.0765179,-0.122083,-0.169863,-0.206749,-0.204036,-0.131177,0.0201433,0.252711,0.671503,1
0,-0.0305621,-0.0765185,-0.122084,-0.169864,-0.206749,-0.204036,-0.131177,0.0201445,0.252712,0.671504,1
0,-0.0305623,-0.0765191,-0.122085,-0.169865,-0.20675,-0.204036,-0.131176,0.0201456,0.252713,0.671504,1
0,-0.0305625,-0.0765197,-0.122086,-0.169866,-0.206751,-0.204036,-0.131175,0.0201466,0.252714,0.671504,1
0,-0.0305627,-0.0765203,-0.122087,-0.169867,-0.206751,-0.204036,-0.131174,0.0201477,0.252715,0.671505,1
0,-0.030563,-0.0765209,-0.122087,-0.169868,-0.206752,-0.204036,-0.131173,0.0201488,0.252716,0.671505,1
0,-0.0305632,-0.0765215,-0.122088,-0.169869,-0.206752,-0.204036,-0.131172,0.0201499,0.252716,0.671505,1
0,-0.0305634,-0.0765221,-0.122089,-0.16987,-0.206753,-0.204036,-0.131172,0.0201509,0.252717,0.671506,1
0,-0.0305636,-0.0765227,-0.12209,-0.169871,-0.206754,-0.204036,-0.131171,0.020152,0.252718,0.671506,1
0,-0.0305638,-0.0765233,-0.122091,-0.169872,-0.206754,-0.204035,-0.13117,0.020153,0.252719,0.671506,1
0,-0.030564,-0.0765238,-0.122092,-0.169873,-0.206755,-0.204035,-0.131169,0.0201541,0.25272,0.671507,1
0,-0.0305642,-0.0765244,-0.122093,-0.169873,-0.206755,-0.204035,-0.131168,0.0201551,0.252721,0.671507,1
0,-0.0305645,-0.076525,-0.122093,-0.169874,-0.206756,-0.204035,-0.131168,0.0201561,0.252722,0.671507,1
0,-0.0305647,-0.0765255,-0.122094,-0.169875,-0.206756,-0.204035,-0.131167,0.0201571,0.252722,0.671508,1
0,-0.0305649,-0.0765261,-0.122095,-0.169876,-0.206757,-0.204035,-0.131166,0.0201581,0.252723,0.671508,1
0,-0.0305651,-0.0765266,-0.122096,-0.169877,-0.206758,-0.204035,-0.131165,0.0201591,0.252724,0.671508,1
0,-0.0305653,-0.0765272,-0.122097,-0.169878,-0.206758,-0.204035,-0.131165,0.0201601,0.252725,0.671509,1
0,-0.0305655,-0.0765277,-0.122097,-0.169879,-0.206759,-0.204035,-0.131164,0.0201611,0.252726,0.671509,1
0,-0.0305657,-0.0765283,-0.122098,-0.169879,-0.206759,-0.204035,-0.131163,0.0201621,0.252726,0.671509,1
0,-0.0305659,-0.0765288,-0.122099,-0.16988,-0.20676,-0.204035,-0.131162,0.020163,0.252727,0.67151,1
0,-0.0305661,-0.0765293,-0.1221,-0.169881,-0.20676,-0.204035,-0.131162,0.020164,0.252728,0.67151,1
0,-0.0305663,-0.0765299,-0.122101,-0.169882,-0.206761,-0.204034,-0.131161,0.020165,0.252729,0.67151,1
0,-0.0305665,-0.0765304,-0.122101,-0.169883,-0.206761,-0.204034,-0.13116,0.0201659,0.25273,0.67151,1
0,-0.0305666,-0.0765309,-0.122102,-0.169884,-0.206762,-0.204034,-0.13116,0.0201668,0.25273,0.671511,1
0,-0.0305668,-0.0765314,-0.122103,-0.169884,-0.206762,-0.204034,-0.131159,0.0201678,0.252731,0.671511,1
0,-0.030567,-0.0765319,-0.122104,-0.169885,-0.206763,-0.204034,-0.131158,0.0201687,0.252732,0.671511,1
