X,Y,Z,U,V,W
0,0,0,0,
0.015625,0,0,0,
0.046875,0,0,0,
0.078125,0,0,0,
0.109375,0,0,0,
0.140625,0,0,0,
0.171875,0,0,0,
0.203125,0,0,0,
0.234375,0,0,0,
0.265625,0,0,0,
0.296875,0,0,0,
0.328125,0,0,0,
0.359375,0,0,0,
0.390625,0,0,0,
0.421875,0,0,0,
0.453125,0,0,0,
0.484375,0,0,0,
0.515625,0,0,0,
0.546875,0,0,0,
0.578125,0,0,0,
0.609375,0,0,0,
0.640625,0,0,0,
0.671875,0,0,0,
0.703125,0,0,0,
0.734375,0,0,0,
0.765625,0,0,0,
0.796875,0,0,0,
0.828125,0,0,0,
0.859375,0,0,0,
0.890625,0,0,0,
0.921875,0,0,0,
0.953125,0,0,0,
0.984375,0,0,0,
0,0.015625,0,0,
0.015625,0.015625,0,3.77972e-05,
0.046875,0.015625,0,-0.00013229,
0.078125,0.015625,0,-0.000508321,
0.109375,0.015625,0,-0.0010319,
0.140625,0.015625,0,-0.00164125,
0.171875,0.015625,0,-0.00228699,
0.203125,0.015625,0,-0.00293387,
0.234375,0.015625,0,-0.003558,
0.265625,0.015625,0,-0.00414335,
0.296875,0.015625,0,-0.00467881,
0.328125,0.015625,0,-0.00515599,
0.359375,0.015625,0,-0.005568,
0.390625,0.015625,0,-0.00590871,
0.421875,0.015625,0,-0.00617253,
0.453125,0.015625,0,-0.00635436,
0.484375,0.015625,0,-0.00644967,
0.515625,0.015625,0,-0.00645468,
0.546875,0.015625,0,-0.00636653,
0.578125,0.015625,0,-0.00618351,
0.609375,0.015625,0,-0.00590534,
0.640625,0.015625,0,-0.00553348,
0.671875,0.015625,0,-0.00507154,
0.703125,0.015625,0,-0.00452594,
0.734375,0.015625,0,-0.00390687,
0.765625,0.015625,0,-0.00322967,
0.796875,0.015625,0,-0.00251687,
0.828125,0.015625,0,-0.00180058,
0.859375,0.015625,0,-0.00112496,
0.890625,0.015625,0,-0.000547553,
0.921875,0.015625,0,-0.000136183,
0.953125,0.015625,0,4.77603e-05,
0.984375,0.015625,0,0,
0,0.046875,0,0,
0.015625,0.046875,0,-0.00015741,
0.046875,0.046875,0,-0.000762216,
0.078125,0.046875,0,-0.00177373,
0.109375,0.046875,0,-0.00308912,
0.140625,0.046875,0,-0.00459247,
0.171875,0.046875,0,-0.00618181,
0.203125,0.046875,0,-0.00777746,
0.234375,0.046875,0,-0.00932116,
0.265625,0.046875,0,-0.0107712,
0.296875,0.046875,0,-0.0120976,
0.328125,0.046875,0,-0.0132774,
0.359375,0.046875,0,-0.0142923,
0.390625,0.046875,0,-0.0151265,
0.421875,0.046875,0,-0.0157666,
0.453125,0.046875,0,-0.0162005,
0.484375,0.046875,0,-0.0164181,
0.515625,0.046875,0,-0.0164111,
0.546875,0.046875,0,-0.0161739,
0.578125,0.046875,0,-0.0157039,
0.609375,0.046875,0,-0.0150017,
0.640625,0.046875,0,-0.0140726,
0.671875,0.046875,0,-0.0129269,
0.703125,0.046875,0,-0.0115824,
0.734375,0.046875,0,-0.0100655,
0.765625,0.046875,0,-0.00841504,
0.796875,0.046875,0,-0.00668597,
0.828125,0.046875,0,-0.00495306,
0.859375,0.046875,0,-0.00331368,
0.890625,0.046875,0,-0.001886,
0.921875,0.046875,0,-0.000797602,
0.953125,0.046875,0,-0.000156076,
0.984375,0.046875,0,0,
0,0.078125,0,0,
0.015625,0.078125,0,-0.000368204,
0.046875,0.078125,0,-0.00139393,
0.078125,0.078125,0,-0.00295054,
0.109375,0.078125,0,-0.00489314,
0.140625,0.078125,0,-0.00707464,
0.171875,0.078125,0,-0.00936479,
0.203125,0.078125,0,-0.0116586,
0.234375,0.078125,0,-0.0138763,
0.265625,0.078125,0,-0.0159588,
0.296875,0.078125,0,-0.0178621,
0.328125,0.078125,0,-0.0195527,
0.359375,0.078125,0,-0.0210034,
0.390625,0.078125,0,-0.0221917,
0.421875,0.078125,0,-0.0230983,
0.453125,0.078125,0,-0.0237065,
0.484375,0.078125,0,-0.0240028,
0.515625,0.078125,0,-0.0239763,
0.546875,0.078125,0,-0.0236202,
0.578125,0.078125,0,-0.0229315,
0.609375,0.078125,0,-0.0219125,
0.640625,0.078125,0,-0.0205717,
0.671875,0.078125,0,-0.0189253,
0.703125,0.078125,0,-0.0169992,
0.734375,0.078125,0,-0.014832,
0.765625,0.078125,0,-0.012479,
0.796875,0.078125,0,-0.010016,
0.828125,0.078125,0,-0.00754387,
0.859375,0.078125,0,-0.00518985,
0.890625,0.078125,0,-0.00310441,
0.921875,0.078125,0,-0.00144889,
0.953125,0.078125,0,-0.000373277,
0.984375,0.078125,0,0,
0,0.109375,0,0,
0.015625,0.109375,0,-0.000534568,
0.046875,0.109375,0,-0.00191307,
0.078125,0.109375,0,-0.00392039,
0.109375,0.109375,0,-0.00636492,
0.140625,0.109375,0,-0.00907253,
0.171875,0.109375,0,-0.0118941,
0.203125,0.109375,0,-0.0147095,
0.234375,0.109375,0,-0.0174261,
0.265625,0.109375,0,-0.019974,
0.296875,0.109375,0,-0.0223005,
0.328125,0.109375,0,-0.0243644,
0.359375,0.109375,0,-0.0261328,
0.390625,0.109375,0,-0.0275783,
0.421875,0.109375,0,-0.0286776,
0.453125,0.109375,0,-0.029411,
0.484375,0.109375,0,-0.0297625,
0.515625,0.109375,0,-0.0297195,
0.546875,0.109375,0,-0.0292742,
0.578125,0.109375,0,-0.0284238,
0.609375,0.109375,0,-0.0271714,
0.640625,0.109375,0,-0.025528,
0.671875,0.109375,0,-0.0235134,
0.703125,0.109375,0,-0.0211596,
0.734375,0.109375,0,-0.0185134,
0.765625,0.109375,0,-0.0156407,
0.796875,0.109375,0,-0.0126309,
0.828125,0.109375,0,-0.00960084,
0.859375,0.109375,0,-0.0066965,
0.890625,0.109375,0,-0.00409027,
0.921875,0.109375,0,-0.00197252,
0.953125,0.109375,0,-0.000539865,
0.984375,0.109375,0,0,
0,0.140625,0,0,
0.015625,0.140625,0,-0.00065493,
0.046875,0.140625,0,-0.00231101,
0.078125,0.140625,0,-0.00468188,
0.109375,0.140625,0,-0.00753095,
0.140625,0.140625,0,-0.0106573,
0.171875,0.140625,0,-0.0138955,
0.203125,0.140625,0,-0.0171145,
0.234375,0.140625,0,-0.0202133,
0.265625,0.140625,0,-0.0231156,
0.296875,0.140625,0,-0.025763,
0.328125,0.140625,0,-0.0281101,
0.359375,0.140625,0,-0.0301199,
0.390625,0.140625,0,-0.0317618,
0.421875,0.140625,0,-0.0330098,
0.453125,0.140625,0,-0.0338419,
0.484375,0.140625,0,-0.03424,
0.515625,0.140625,0,-0.0341903,
0.546875,0.140625,0,-0.0336837,
0.578125,0.140625,0,-0.0327167,
0.609375,0.140625,0,-0.0312926,
0.640625,0.140625,0,-0.0294232,
0.671875,0.140625,0,-0.0271307,
0.703125,0.140625,0,-0.0244505,
0.734375,0.140625,0,-0.0214348,
0.765625,0.140625,0,-0.0181568,
0.796875,0.140625,0,-0.0147155,
0.828125,0.140625,0,-0.0112396,
0.859375,0.140625,0,-0.00789022,
0.890625,0.140625,0,-0.00486004,
0.921875,0.140625,0,-0.0023686,
0.953125,0.140625,0,-0.000657372,
0.984375,0.140625,0,0,
0,0.171875,0,0,
0.015625,0.171875,0,-0.000742349,
0.046875,0.171875,0,-0.00261696,
0.078125,0.171875,0,-0.0052846,
0.109375,0.171875,0,-0.00846927,
0.140625,0.171875,0,-0.011944,
0.171875,0.171875,0,-0.0155273,
0.203125,0.171875,0,-0.0190782,
0.234375,0.171875,0,-0.0224895,
0.265625,0.171875,0,-0.0256805,
0.296875,0.171875,0,-0.0285894,
0.328125,0.171875,0,-0.031168,
0.359375,0.171875,0,-0.033377,
0.390625,0.171875,0,-0.0351836,
0.421875,0.171875,0,-0.0365598,
0.453125,0.171875,0,-0.0374816,
0.484375,0.171875,0,-0.0379293,
0.515625,0.171875,0,-0.0378869,
0.546875,0.171875,0,-0.0373437,
0.578125,0.171875,0,-0.0362947,
0.609375,0.171875,0,-0.0347421,
0.640625,0.171875,0,-0.0326969,
0.671875,0.171875,0,-0.030182,
0.703125,0.171875,0,-0.0272346,
0.734375,0.171875,0,-0.0239105,
0.765625,0.171875,0,-0.0202885,
0.796875,0.171875,0,-0.0164759,
0.828125,0.171875,0,-0.0126132,
0.859375,0.171875,0,-0.00887712,
0.890625,0.171875,0,-0.0054818,
0.921875,0.171875,0,-0.00267659,
0.953125,0.171875,0,-0.000742586,
0.984375,0.171875,0,0,
0,0.203125,0,0,
0.015625,0.203125,0,-0.000811027,
0.046875,0.203125,0,-0.00286822,
0.078125,0.203125,0,-0.00579201,
0.109375,0.203125,0,-0.00927235,
0.140625,0.203125,0,-0.0130574,
0.171875,0.203125,0,-0.0169493,
0.203125,0.203125,0,-0.0207971,
0.234375,0.203125,0,-0.0244878,
0.265625,0.203125,0,-0.0279371,
0.296875,0.203125,0,-0.031081,
0.328125,0.203125,0,-0.0338694,
0.359375,0.203125,0,-0.0362617,
0.390625,0.203125,0,-0.0382235,
0.421875,0.203125,0,-0.0397252,
0.453125,0.203125,0,-0.040741,
0.484375,0.203125,0,-0.0412491,
0.515625,0.203125,0,-0.0412311,
0.546875,0.203125,0,-0.0406736,
0.578125,0.203125,0,-0.0395689,
0.609375,0.203125,0,-0.0379165,
0.640625,0.203125,0,-0.0357254,
0.671875,0.203125,0,-0.0330173,
0.703125,0.203125,0,-0.0298298,
0.734375,0.203125,0,-0.0262212,
0.765625,0.203125,0,-0.0222758,
0.796875,0.203125,0,-0.0181099,
0.828125,0.203125,0,-0.013877,
0.859375,0.203125,0,-0.00977221,
0.890625,0.203125,0,-0.00603388,
0.921875,0.203125,0,-0.0029418,
0.953125,0.203125,0,-0.000812362,
0.984375,0.203125,0,0,
0,0.234375,0,0,
0.015625,0.234375,0,-0.000872573,
0.046875,0.234375,0,-0.00309836,
0.078125,0.234375,0,-0.00626318,
0.109375,0.234375,0,-0.010026,
0.140625,0.234375,0,-0.0141108,
0.171875,0.234375,0,-0.0183028,
0.203125,0.234375,0,-0.0224406,
0.234375,0.234375,0,-0.026405,
0.265625,0.234375,0,-0.0301084,
0.296875,0.234375,0,-0.0334848,
0.328125,0.234375,0,-0.0364832,
0.359375,0.234375,0,-0.0390618,
0.390625,0.234375,0,-0.0411853,
0.421875,0.234375,0,-0.0428227,
0.453125,0.234375,0,-0.0439465,
0.484375,0.234375,0,-0.0445319,
0.515625,0.234375,0,-0.0445579,
0.546875,0.234375,0,-0.0440071,
0.578125,0.234375,0,-0.0428676,
0.609375,0.234375,0,-0.0411347,
0.640625,0.234375,0,-0.0388136,
0.671875,0.234375,0,-0.0359229,
0.703125,0.234375,0,-0.0324993,
0.734375,0.234375,0,-0.0286032,
0.765625,0.234375,0,-0.0243244,
0.796875,0.234375,0,-0.0197898,
0.828125,0.234375,0,-0.0151691,
0.859375,0.234375,0,-0.0106793,
0.890625,0.234375,0,-0.0065866,
0.921875,0.234375,0,-0.00320333,
0.953125,0.234375,0,-0.000879851,
0.984375,0.234375,0,0,
0,0.265625,0,0,
0.015625,0.265625,0,-0.000935469,
0.046875,0.265625,0,-0.0033337,
0.078125,0.265625,0,-0.00674603,
0.109375,0.265625,0,-0.0108008,
0.140625,0.265625,0,-0.015197,
0.171875,0.265625,0,-0.0197023,
0.203125,0.265625,0,-0.0241438,
0.234375,0.265625,0,-0.0283958,
0.265625,0.265625,0,-0.0323672,
0.296875,0.265625,0,-0.0359904,
0.328125,0.265625,0,-0.0392136,
0.359375,0.265625,0,-0.0419946,
0.390625,0.265625,0,-0.0442974,
0.421875,0.265625,0,-0.0460897,
0.453125,0.265625,0,-0.0473421,
0.484375,0.265625,0,-0.048027,
0.515625,0.265625,0,-0.0481193,
0.546875,0.265625,0,-0.0475967,
0.578125,0.265625,0,-0.0464416,
0.609375,0.265625,0,-0.0446429,
0.640625,0.265625,0,-0.0421998,
0.671875,0.265625,0,-0.0391259,
0.703125,0.265625,0,-0.0354555,
0.734375,0.265625,0,-0.0312497,
0.765625,0.265625,0,-0.026605,
0.796875,0.265625,0,-0.0216607,
0.828125,0.265625,0,-0.0166061,
0.859375,0.265625,0,-0.0116853,
0.890625,0.265625,0,-0.00719753,
0.921875,0.265625,0,-0.0034917,
0.953125,0.265625,0,-0.00095445,
0.984375,0.265625,0,0,
0,0.296875,0,0,
0.015625,0.296875,0,-0.0010056,
0.046875,0.296875,0,-0.00359354,
0.078125,0.296875,0,-0.0072768,
0.109375,0.296875,0,-0.0116505,
0.140625,0.296875,0,-0.0163871,
0.171875,0.296875,0,-0.021235,
0.203125,0.296875,0,-0.0260088,
0.234375,0.296875,0,-0.0305757,
0.265625,0.296875,0,-0.034841,
0.296875,0.296875,0,-0.0387358,
0.328125,0.296875,0,-0.0422081,
0.359375,0.296875,0,-0.0452156,
0.390625,0.296875,0,-0.0477223,
0.421875,0.296875,0,-0.0496949,
0.453125,0.296875,0,-0.051102,
0.484375,0.296875,0,-0.051913,
0.515625,0.296875,0,-0.0520979,
0.546875,0.296875,0,-0.0516281,
0.578125,0.296875,0,-0.0504784,
0.609375,0.296875,0,-0.048629,
0.640625,0.296875,0,-0.0460702,
0.671875,0.296875,0,-0.0428082,
0.703125,0.296875,0,-0.0388719,
0.734375,0.296875,0,-0.0343224,
0.765625,0.296875,0,-0.0292625,
0.796875,0.296875,0,-0.0238465,
0.828125,0.296875,0,-0.0182879,
0.859375,0.296875,0,-0.012864,
0.890625,0.296875,0,-0.00791409,
0.921875,0.296875,0,-0.00383081,
0.953125,0.296875,0,-0.00104291,
0.984375,0.296875,0,0,
0,0.328125,0,0,
0.015625,0.328125,0,-0.00108709,
0.046875,0.328125,0,-0.00389206,
0.078125,0.328125,0,-0.00788271,
0.109375,0.328125,0,-0.0126164,
0.140625,0.328125,0,-0.0177354,
0.171875,0.328125,0,-0.0229668,
0.203125,0.328125,0,-0.0281116,
0.234375,0.328125,0,-0.0330292,
0.265625,0.328125,0,-0.0376216,
0.296875,0.328125,0,-0.041819,
0.328125,0.328125,0,-0.0455698,
0.359375,0.328125,0,-0.0488326,
0.390625,0.328125,0,-0.0515719,
0.421875,0.328125,0,-0.0537543,
0.453125,0.328125,0,-0.0553466,
0.484375,0.328125,0,-0.056315,
0.515625,0.328125,0,-0.0566239,
0.546875,0.328125,0,-0.0562373,
0.578125,0.328125,0,-0.0551198,
0.609375,0.328125,0,-0.0532403,
0.640625,0.328125,0,-0.0505766,
0.671875,0.328125,0,-0.0471231,
0.703125,0.328125,0,-0.0429004,
0.734375,0.328125,0,-0.0379667,
0.765625,0.328125,0,-0.0324306,
0.796875,0.328125,0,-0.0264634,
0.828125,0.328125,0,-0.0203084,
0.859375,0.328125,0,-0.0142838,
0.890625,0.328125,0,-0.00877932,
0.921875,0.328125,0,-0.00424151,
0.953125,0.328125,0,-0.00115069,
0.984375,0.328125,0,0,
0,0.359375,0,0,
0.015625,0.359375,0,-0.00118313,
0.046875,0.359375,0,-0.00424045,
0.078125,0.359375,0,-0.00858548,
0.109375,0.359375,0,-0.013731,
0.140625,0.359375,0,-0.0192847,
0.171875,0.359375,0,-0.0249492,
0.203125,0.359375,0,-0.0305104,
0.234375,0.359375,0,-0.0358199,
0.265625,0.359375,0,-0.0407762,
0.296875,0.359375,0,-0.0453098,
0.328125,0.359375,0,-0.0493705,
0.359375,0.359375,0,-0.0529191,
0.390625,0.359375,0,-0.0559218,
0.421875,0.359375,0,-0.058346,
0.453125,0.359375,0,-0.0601578,
0.484375,0.359375,0,-0.06132,
0.515625,0.359375,0,-0.0617914,
0.546875,0.359375,0,-0.0615268,
0.578125,0.359375,0,-0.0604786,
0.609375,0.359375,0,-0.0586004,
0.640625,0.359375,0,-0.0558531,
0.671875,0.359375,0,-0.0522139,
0.703125,0.359375,0,-0.0476893,
0.734375,0.359375,0,-0.0423302,
0.765625,0.359375,0,-0.0362491,
0.796875,0.359375,0,-0.0296358,
0.828125,0.359375,0,-0.0227691,
0.859375,0.359375,0,-0.0160192,
0.890625,0.359375,0,-0.0098395,
0.921875,0.359375,0,-0.00474567,
0.953125,0.359375,0,-0.0012833,
0.984375,0.359375,0,0,
0,0.390625,0,0,
0.015625,0.390625,0,-0.00129667,
0.046875,0.390625,0,-0.00464901,
0.078125,0.390625,0,-0.00940497,
0.109375,0.390625,0,-0.015024,
0.140625,0.390625,0,-0.0210731,
0.171875,0.390625,0,-0.0272269,
0.203125,0.390625,0,-0.0332545,
0.234375,0.390625,0,-0.0389991,
0.265625,0.390625,0,-0.0443573,
0.296875,0.390625,0,-0.0492604,
0.328125,0.390625,0,-0.0536617,
0.359375,0.390625,0,-0.057526,
0.390625,0.390625,0,-0.0608229,
0.421875,0.390625,0,-0.0635224,
0.453125,0.390625,0,-0.0655909,
0.484375,0.390625,0,-0.0669891,
0.515625,0.390625,0,-0.0676698,
0.546875,0.390625,0,-0.0675777,
0.578125,0.390625,0,-0.0666503,
0.609375,0.390625,0,-0.0648219,
0.640625,0.390625,0,-0.0620301,
0.671875,0.390625,0,-0.0582279,
0.703125,0.390625,0,-0.0533992,
0.734375,0.390625,0,-0.0475802,
0.765625,0.390625,0,-0.0408822,
0.796875,0.390625,0,-0.0335138,
0.828125,0.390625,0,-0.0257957,
0.859375,0.390625,0,-0.0181633,
0.890625,0.390625,0,-0.0111531,
0.921875,0.390625,0,-0.00537107,
0.953125,0.390625,0,-0.00144777,
0.984375,0.390625,0,0,
0,0.421875,0,0,
0.015625,0.421875,0,-0.00143102,
0.046875,0.421875,0,-0.00512903,
0.078125,0.421875,0,-0.0103625,
0.109375,0.421875,0,-0.0165265,
0.140625,0.421875,0,-0.0231396,
0.171875,0.421875,0,-0.029844,
0.203125,0.421875,0,-0.0363905,
0.234375,0.421875,0,-0.042614,
0.265625,0.421875,0,-0.04841,
0.296875,0.421875,0,-0.0537133,
0.328125,0.421875,0,-0.0584826,
0.359375,0.421875,0,-0.0626891,
0.390625,0.421875,0,-0.0663089,
0.421875,0.421875,0,-0.0693166,
0.453125,0.421875,0,-0.0716814,
0.484375,0.421875,0,-0.0733631,
0.515625,0.421875,0,-0.0743095,
0.546875,0.421875,0,-0.0744547,
0.578125,0.421875,0,-0.0737191,
0.609375,0.421875,0,-0.0720127,
0.640625,0.421875,0,-0.069243,
0.671875,0.421875,0,-0.065328,
0.703125,0.421875,0,-0.0602176,
0.734375,0.421875,0,-0.0539209,
0.765625,0.421875,0,-0.0465387,
0.796875,0.421875,0,-0.0382946,
0.828125,0.421875,0,-0.0295575,
0.859375,0.421875,0,-0.0208449,
0.890625,0.421875,0,-0.0128025,
0.921875,0.421875,0,-0.00615744,
0.953125,0.421875,0,-0.00165435,
0.984375,0.421875,0,0,
0,0.453125,0,0,
0.015625,0.453125,0,-0.00159045,
0.046875,0.453125,0,-0.00569454,
0.078125,0.453125,0,-0.0114838,
0.109375,0.453125,0,-0.018275,
0.140625,0.453125,0,-0.0255287,
0.171875,0.453125,0,-0.0328498,
0.203125,0.453125,0,-0.0399686,
0.234375,0.453125,0,-0.0467126,
0.265625,0.453125,0,-0.0529781,
0.296875,0.453125,0,-0.0587061,
0.328125,0.453125,0,-0.0638642,
0.359375,0.453125,0,-0.0684335,
0.390625,0.453125,0,-0.0723996,
0.421875,0.453125,0,-0.0757454,
0.453125,0.453125,0,-0.078446,
0.484375,0.453125,0,-0.0804633,
0.515625,0.453125,0,-0.0817419,
0.546875,0.453125,0,-0.0822057,
0.578125,0.453125,0,-0.0817567,
0.609375,0.453125,0,-0.0802763,
0.640625,0.453125,0,-0.0776329,
0.671875,0.453125,0,-0.0736973,
0.703125,0.453125,0,-0.0683681,
0.734375,0.453125,0,-0.0616087,
0.765625,0.453125,0,-0.053492,
0.796875,0.453125,0,-0.0442469,
0.828125,0.453125,0,-0.0342933,
0.859375,0.453125,0,-0.0242507,
0.890625,0.453125,0,-0.0149101,
0.921875,0.453125,0,-0.00716531,
0.953125,0.453125,0,-0.00191916,
0.984375,0.453125,0,0,
0,0.484375,0,0,
0.015625,0.484375,0,-0.00178077,
0.046875,0.484375,0,-0.00636422,
0.078125,0.484375,0,-0.0128024,
0.109375,0.484375,0,-0.0203159,
0.140625,0.484375,0,-0.0282956,
0.171875,0.484375,0,-0.0363029,
0.203125,0.484375,0,-0.0440463,
0.234375,0.484375,0,-0.0513473,
0.265625,0.484375,0,-0.0581061,
0.296875,0.484375,0,-0.0642739,
0.328125,0.484375,0,-0.0698311,
0.359375,0.484375,0,-0.0747732,
0.390625,0.484375,0,-0.0790998,
0.421875,0.484375,0,-0.0828068,
0.453125,0.484375,0,-0.0858793,
0.484375,0.484375,0,-0.0882857,
0.515625,0.484375,0,-0.0899711,
0.546875,0.484375,0,-0.0908519,
0.578125,0.484375,0,-0.0908117,
0.609375,0.484375,0,-0.0896999,
0.640625,0.484375,0,-0.0873377,
0.671875,0.484375,0,-0.0835331,
0.703125,0.484375,0,-0.0781111,
0.734375,0.484375,0,-0.0709611,
0.765625,0.484375,0,-0.0620991,
0.796875,0.484375,0,-0.0517371,
0.828125,0.484375,0,-0.0403413,
0.859375,0.484375,0,-0.0286544,
0.890625,0.484375,0,-0.0176609,
0.921875,0.484375,0,-0.00848891,
0.953125,0.484375,0,-0.0022682,
0.984375,0.484375,0,0,
0,0.515625,0,0,
0.015625,0.515625,0,-0.00201019,
0.046875,0.515625,0,-0.0071637,
0.078125,0.515625,0,-0.0143631,
0.109375,0.515625,0,-0.0227098,
0.140625,0.515625,0,-0.0315099,
0.171875,0.515625,0,-0.0402752,
0.203125,0.515625,0,-0.0486915,
0.234375,0.515625,0,-0.0565768,
0.265625,0.515625,0,-0.0638401,
0.296875,0.515625,0,-0.0704475,
0.328125,0.515625,0,-0.076398,
0.359375,0.515625,0,-0.0817069,
0.390625,0.515625,0,-0.0863932,
0.421875,0.515625,0,-0.0904712,
0.453125,0.515625,0,-0.0939422,
0.484375,0.515625,0,-0.0967868,
0.515625,0.515625,0,-0.0989569,
0.546875,0.515625,0,-0.100367,
0.578125,0.515625,0,-0.100885,
0.609375,0.515625,0,-0.100328,
0.640625,0.515625,0,-0.0984634,
0.671875,0.515625,0,-0.0950205,
0.703125,0.515625,0,-0.0897229,
0.734375,0.515625,0,-0.0823463,
0.765625,0.515625,0,-0.0728038,
0.796875,0.515625,0,-0.0612483,
0.828125,0.515625,0,-0.0481704,
0.859375,0.515625,0,-0.0344516,
0.890625,0.515625,0,-0.0213322,
0.921875,0.515625,0,-0.0102741,
0.953125,0.515625,0,-0.00274329,
0.984375,0.515625,0,0,
0,0.546875,0,0,
0.015625,0.546875,0,-0.00229045,
0.046875,0.546875,0,-0.00812868,
0.078125,0.546875,0,-0.0162269,
0.109375,0.546875,0,-0.0255361,
0.140625,0.546875,0,-0.0352604,
0.171875,0.546875,0,-0.0448544,
0.203125,0.546875,0,-0.0539825,
0.234375,0.546875,0,-0.0624639,
0.265625,0.546875,0,-0.0702226,
0.296875,0.546875,0,-0.0772468,
0.328125,0.546875,0,-0.0835608,
0.359375,0.546875,0,-0.0892059,
0.390625,0.546875,0,-0.0942271,
0.421875,0.546875,0,-0.0986637,
0.453125,0.546875,0,-0.10254,
0.484375,0.546875,0,-0.105858,
0.515625,0.546875,0,-0.108583,
0.546875,0.546875,0,-0.110637,
0.578125,0.546875,0,-0.111881,
0.609375,0.546875,0,-0.112106,
0.640625,0.546875,0,-0.111023,
0.671875,0.546875,0,-0.108268,
0.703125,0.546875,0,-0.103434,
0.734375,0.546875,0,-0.0961315,
0.765625,0.546875,0,-0.086103,
0.796875,0.546875,0,-0.0733692,
0.828125,0.546875,0,-0.0583915,
0.859375,0.546875,0,-0.0421873,
0.890625,0.546875,0,-0.0263243,
0.921875,0.546875,0,-0.0127399,
0.953125,0.546875,0,-0.00340993,
0.984375,0.546875,0,0,
0,0.578125,0,0,
0.015625,0.578125,0,-0.00263848,
0.046875,0.578125,0,-0.00930907,
0.078125,0.578125,0,-0.0184759,
0.109375,0.578125,0,-0.0288983,
0.140625,0.578125,0,-0.0396568,
0.171875,0.578125,0,-0.0501431,
0.203125,0.578125,0,-0.0600032,
0.234375,0.578125,0,-0.0690661,
0.265625,0.578125,0,-0.0772798,
0.296875,0.578125,0,-0.0846637,
0.328125,0.578125,0,-0.0912753,
0.359375,0.578125,0,-0.0971894,
0.390625,0.578125,0,-0.102484,
0.421875,0.578125,0,-0.107231,
0.453125,0.578125,0,-0.111485,
0.484375,0.578125,0,-0.115278,
0.515625,0.578125,0,-0.118602,
0.546875,0.578125,0,-0.121398,
0.578125,0.578125,0,-0.123535,
0.609375,0.578125,0,-0.12479,
0.640625,0.578125,0,-0.124825,
0.671875,0.578125,0,-0.123181,
0.703125,0.578125,0,-0.119292,
0.734375,0.578125,0,-0.112548,
0.765625,0.578125,0,-0.102428,
0.796875,0.578125,0,-0.0887082,
0.828125,0.578125,0,-0.0717137,
0.859375,0.578125,0,-0.0525507,
0.890625,0.578125,0,-0.0331777,
0.921875,0.578125,0,-0.0161982,
0.953125,0.578125,0,-0.00436605,
0.984375,0.578125,0,0,
0,0.609375,0,0,
0.015625,0.609375,0,-0.00307889,
0.046875,0.609375,0,-0.0107745,
0.078125,0.609375,0,-0.0212199,
0.109375,0.609375,0,-0.0329275,
0.140625,0.609375,0,-0.0448288,
0.171875,0.609375,0,-0.05625,
0.203125,0.609375,0,-0.0668274,
0.234375,0.609375,0,-0.0764127,
0.265625,0.609375,0,-0.0849914,
0.296875,0.609375,0,-0.0926253,
0.328125,0.609375,0,-0.0994148,
0.359375,0.609375,0,-0.105476,
0.390625,0.609375,0,-0.110928,
0.421875,0.609375,0,-0.115881,
0.453125,0.609375,0,-0.120428,
0.484375,0.609375,0,-0.124641,
0.515625,0.609375,0,-0.12855,
0.546875,0.609375,0,-0.132133,
0.578125,0.609375,0,-0.135286,
0.609375,0.609375,0,-0.137796,
0.640625,0.609375,0,-0.1393,
0.671875,0.609375,0,-0.139253,
0.703125,0.609375,0,-0.136923,
0.734375,0.609375,0,-0.131429,
0.765625,0.609375,0,-0.121888,
0.796875,0.609375,0,-0.107668,
0.828125,0.609375,0,-0.0887801,
0.859375,0.609375,0,-0.0662858,
0.890625,0.609375,0,-0.0425468,
0.921875,0.609375,0,-0.0210584,
0.953125,0.609375,0,-0.00574893,
0.984375,0.609375,0,0,
0,0.640625,0,0,
0.015625,0.640625,0,-0.00364761,
0.046875,0.640625,0,-0.012622,
0.078125,0.640625,0,-0.0246027,
0.109375,0.640625,0,-0.0377815,
0.140625,0.640625,0,-0.0509145,
0.171875,0.640625,0,-0.0632661,
0.203125,0.640625,0,-0.0744813,
0.234375,0.640625,0,-0.0844551,
0.265625,0.640625,0,-0.0932293,
0.296875,0.640625,0,-0.100923,
0.328125,0.640625,0,-0.10769,
0.359375,0.640625,0,-0.113696,
0.390625,0.640625,0,-0.119108,
0.421875,0.640625,0,-0.124079,
0.453125,0.640625,0,-0.128749,
0.484375,0.640625,0,-0.133234,
0.515625,0.640625,0,-0.137616,
0.546875,0.640625,0,-0.141926,
0.578125,0.640625,0,-0.146112,
0.609375,0.640625,0,-0.150003,
0.640625,0.640625,0,-0.15325,
0.671875,0.640625,0,-0.155265,
0.703125,0.640625,0,-0.155171,
0.734375,0.640625,0,-0.151803,
0.765625,0.640625,0,-0.143824,
0.796875,0.640625,0,-0.130018,
0.828125,0.640625,0,-0.109813,
0.859375,0.640625,0,-0.0839546,
0.890625,0.640625,0,-0.0550878,
0.921875,0.640625,0,-0.0278,
0.953125,0.640625,0,-0.00773706,
0.984375,0.640625,0,0,
0,0.671875,0,0,
0.015625,0.671875,0,-0.00439778,
0.046875,0.671875,0,-0.0149857,
0.078125,0.671875,0,-0.0288066,
0.109375,0.671875,0,-0.0436348,
0.140625,0.671875,0,-0.0580288,
0.171875,0.671875,0,-0.0712104,
0.203125,0.671875,0,-0.0828673,
0.234375,0.671875,0,-0.0929705,
0.265625,0.671875,0,-0.101644,
0.296875,0.671875,0,-0.109082,
0.328125,0.671875,0,-0.115505,
0.359375,0.671875,0,-0.121139,
0.390625,0.671875,0,-0.126197,
0.421875,0.671875,0,-0.130884,
0.453125,0.671875,0,-0.135384,
0.484375,0.671875,0,-0.139865,
0.515625,0.671875,0,-0.144464,
0.546875,0.671875,0,-0.149277,
0.578125,0.671875,0,-0.154328,
0.609375,0.671875,0,-0.159525,
0.640625,0.671875,0,-0.164588,
0.671875,0.671875,0,-0.168956,
0.703125,0.671875,0,-0.171684,
0.734375,0.671875,0,-0.171375,
0.765625,0.671875,0,-0.166219,
0.796875,0.671875,0,-0.154265,
0.828125,0.671875,0,-0.134032,
0.859375,0.671875,0,-0.105497,
0.890625,0.671875,0,-0.0712146,
0.921875,0.671875,0,-0.0368928,
0.953125,0.671875,0,-0.0105444,
0.984375,0.671875,0,0,
0,0.703125,0,0,
0.015625,0.703125,0,-0.00541001,
0.046875,0.703125,0,-0.0180518,
0.078125,0.703125,0,-0.0340523,
0.109375,0.703125,0,-0.0506472,
0.140625,0.703125,0,-0.0661936,
0.171875,0.703125,0,-0.0799213,
0.203125,0.703125,0,-0.0916201,
0.234375,0.703125,0,-0.101387,
0.265625,0.703125,0,-0.109465,
0.296875,0.703125,0,-0.116146,
0.328125,0.703125,0,-0.121731,
0.359375,0.703125,0,-0.12651,
0.390625,0.703125,0,-0.13075,
0.421875,0.703125,0,-0.1347,
0.453125,0.703125,0,-0.138588,
0.484375,0.703125,0,-0.142625,
0.515625,0.703125,0,-0.147003,
0.546875,0.703125,0,-0.151883,
0.578125,0.703125,0,-0.157379,
0.609375,0.703125,0,-0.163508,
0.640625,0.703125,0,-0.170118,
0.671875,0.703125,0,-0.176771,
0.703125,0.703125,0,-0.182588,
0.734375,0.703125,0,-0.186091,
0.765625,0.703125,0,-0.185116,
0.796875,0.703125,0,-0.176948,
0.828125,0.703125,0,-0.158908,
0.859375,0.703125,0,-0.129592,
0.890625,0.703125,0,-0.0906946,
0.921875,0.703125,0,-0.0486464,
0.953125,0.703125,0,-0.0144065,
0.984375,0.703125,0,0,
0,0.734375,0,0,
0.015625,0.734375,0,-0.00681305,
0.046875,0.734375,0,-0.0220822,
0.078125,0.734375,0,-0.040587,
0.109375,0.734375,0,-0.058891,
0.140625,0.734375,0,-0.0751981,
0.171875,0.734375,0,-0.0888541,
0.203125,0.734375,0,-0.0998528,
0.234375,0.734375,0,-0.108492,
0.265625,0.734375,0,-0.11518,
0.296875,0.734375,0,-0.120335,
0.328125,0.734375,0,-0.124352,
0.359375,0.734375,0,-0.127587,
0.390625,0.734375,0,-0.130358,
0.421875,0.734375,0,-0.132948,
0.453125,0.734375,0,-0.135617,
0.484375,0.734375,0,-0.138605,
0.515625,0.734375,0,-0.14214,
0.546875,0.734375,0,-0.146437,
0.578125,0.734375,0,-0.15169,
0.609375,0.734375,0,-0.158037,
0.640625,0.734375,0,-0.165498,
0.671875,0.734375,0,-0.173858,
0.703125,0.734375,0,-0.182479,
0.734375,0.734375,0,-0.190058,
0.765625,0.734375,0,-0.194374,
0.796875,0.734375,0,-0.192169,
0.828125,0.734375,0,-0.179491,
0.859375,0.734375,0,-0.152923,
0.890625,0.734375,0,-0.112093,
0.921875,0.734375,0,-0.0629731,
0.953125,0.734375,0,-0.0195574,
0.984375,0.734375,0,0,
0,0.765625,0,0,
0.015625,0.765625,0,-0.00882992,
0.046875,0.765625,0,-0.0274546,
0.078125,0.765625,0,-0.0486427,
0.109375,0.765625,0,-0.0681932,
0.140625,0.765625,0,-0.0843279,
0.171875,0.765625,0,-0.0967202,
0.203125,0.765625,0,-0.105732,
0.234375,0.765625,0,-0.111966,
0.265625,0.765625,0,-0.116052,
0.296875,0.765625,0,-0.118564,
0.328125,0.765625,0,-0.119995,
0.359375,0.765625,0,-0.120764,
0.390625,0.765625,0,-0.121223,
0.421875,0.765625,0,-0.121675,
0.453125,0.765625,0,-0.122385,
0.484375,0.765625,0,-0.123596,
0.515625,0.765625,0,-0.125544,
0.546875,0.765625,0,-0.128465,
0.578125,0.765625,0,-0.132602,
0.609375,0.765625,0,-0.138197,
0.640625,0.765625,0,-0.145451,
0.671875,0.765625,0,-0.154434,
0.703125,0.765625,0,-0.164916,
0.734375,0.765625,0,-0.176079,
0.765625,0.765625,0,-0.186114,
0.796875,0.765625,0,-0.191772,
0.828125,0.765625,0,-0.18818,
0.859375,0.765625,0,-0.169591,
0.890625,0.765625,0,-0.132119,
0.921875,0.765625,0,-0.0790258,
0.953125,0.765625,0,-0.0261835,
0.984375,0.765625,0,0,
0,0.796875,0,0,
0.015625,0.796875,0,-0.0118836,
0.046875,0.796875,0,-0.0347174,
0.078125,0.796875,0,-0.0583021,
0.109375,0.796875,0,-0.0777864,
0.140625,0.796875,0,-0.0918435,
0.171875,0.796875,0,-0.100855,
0.203125,0.796875,0,-0.105793,
0.234375,0.796875,0,-0.107691,
0.265625,0.796875,0,-0.107455,
0.296875,0.796875,0,-0.10582,
0.328125,0.796875,0,-0.103367,
0.359375,0.796875,0,-0.100552,
0.390625,0.796875,0,-0.0977314,
0.421875,0.796875,0,-0.0951908,
0.453125,0.796875,0,-0.0931674,
0.484375,0.796875,0,-0.0918707,
0.515625,0.796875,0,-0.0915025,
0.546875,0.796875,0,-0.0922778,
0.578125,0.796875,0,-0.0944433,
0.609375,0.796875,0,-0.0982933,
0.640625,0.796875,0,-0.10417,
0.671875,0.796875,0,-0.112432,
0.703125,0.796875,0,-0.123341,
0.734375,0.796875,0,-0.13682,
0.765625,0.796875,0,-0.151988,
0.796875,0.796875,0,-0.166426,
0.828125,0.796875,0,-0.175297,
0.859375,0.796875,0,-0.170987,
0.890625,0.796875,0,-0.145005,
0.921875,0.796875,0,-0.0946634,
0.953125,0.796875,0,-0.0343146,
0.984375,0.796875,0,0,
0,0.828125,0,0,
0.015625,0.828125,0,-0.0168229,
0.046875,0.828125,0,-0.0445899,
0.078125,0.828125,0,-0.0690616,
0.109375,0.828125,0,-0.0854955,
0.140625,0.828125,0,-0.0939464,
0.171875,0.828125,0,-0.096111,
0.203125,0.828125,0,-0.0938652,
0.234375,0.828125,0,-0.0887753,
0.265625,0.828125,0,-0.0820233,
0.296875,0.828125,0,-0.0744636,
0.328125,0.828125,0,-0.0667023,
0.359375,0.828125,0,-0.0591661,
0.390625,0.828125,0,-0.052155,
0.421875,0.828125,0,-0.045883,
0.453125,0.828125,0,-0.0405092,
0.484375,0.828125,0,-0.0361646,
0.515625,0.828125,0,-0.0329759,
0.546875,0.828125,0,-0.0310921,
0.578125,0.828125,0,-0.0307133,
0.609375,0.828125,0,-0.0321263,
0.640625,0.828125,0,-0.0357441,
0.671875,0.828125,0,-0.0421371,
0.703125,0.828125,0,-0.0520196,
0.734375,0.828125,0,-0.0661296,
0.765625,0.828125,0,-0.0848618,
0.796875,0.828125,0,-0.107461,
0.828125,0.828125,0,-0.130574,
0.859375,0.828125,0,-0.146374,
0.890625,0.828125,0,-0.142064,
0.921875,0.828125,0,-0.105679,
0.953125,0.828125,0,-0.0435714,
0.984375,0.828125,0,0,
0,0.859375,0,0,
0.015625,0.859375,0,-0.0252705,
0.046875,0.859375,0,-0.0574797,
0.078125,0.859375,0,-0.0783999,
0.109375,0.859375,0,-0.0857535,
0.140625,0.859375,0,-0.0826641,
0.171875,0.859375,0,-0.0728953,
0.203125,0.859375,0,-0.0594141,
0.234375,0.859375,0,-0.0442515,
0.265625,0.859375,0,-0.0287132,
0.296875,0.859375,0,-0.0136059,
0.328125,0.859375,0,0.000589667,
0.359375,0.859375,0,0.013601,
0.390625,0.859375,0,0.0252864,
0.421875,0.859375,0,0.0355831,
0.453125,0.859375,0,0.0444706,
0.484375,0.859375,0,0.0519433,
0.515625,0.859375,0,0.0579857,
0.546875,0.859375,0,0.0625471,
0.578125,0.859375,0,0.0655086,
0.609375,0.859375,0,0.066637,
0.640625,0.859375,0,0.0655211,
0.671875,0.859375,0,0.0614898,
0.703125,0.859375,0,0.0535275,
0.734375,0.859375,0,0.0402381,
0.765625,0.859375,0,0.0199702,
0.796875,0.859375,0,-0.00862213,
0.828125,0.859375,0,-0.0450859,
0.859375,0.859375,0,-0.0841086,
0.890625,0.859375,0,-0.111441,
0.921875,0.859375,0,-0.104584,
0.953125,0.859375,0,-0.0525666,
0.984375,0.859375,0,0,
0,0.890625,0,0,
0.015625,0.890625,0,-0.0393827,
0.046875,0.890625,0,-0.0706833,
0.078125,0.890625,0,-0.0772603,
0.109375,0.890625,0,-0.064752,
0.140625,0.890625,0,-0.0415641,
0.171875,0.890625,0,-0.0138156,
0.203125,0.890625,0,0.0148418,
0.234375,0.890625,0,0.0424365,
0.265625,0.890625,0,0.0680011,
0.296875,0.890625,0,0.0911315,
0.328125,0.890625,0,0.111733,
0.359375,0.890625,0,0.129873,
0.390625,0.890625,0,0.145698,
0.421875,0.890625,0,0.159384,
0.453125,0.890625,0,0.171106,
0.484375,0.890625,0,0.181018,
0.515625,0.890625,0,0.189234,
0.546875,0.890625,0,0.195812,
0.578125,0.890625,0,0.20072,
0.609375,0.890625,0,0.203797,
0.640625,0.890625,0,0.204675,
0.671875,0.890625,0,0.20268,
0.703125,0.890625,0,0.19668,
0.734375,0.890625,0,0.184922,
0.765625,0.890625,0,0.164888,
0.796875,0.890625,0,0.133386,
0.828125,0.890625,0,0.0874253,
0.859375,0.890625,0,0.0271228,
0.890625,0.890625,0,-0.0375841,
0.921875,0.890625,0,-0.0780783,
0.953125,0.890625,0,-0.057341,
0.984375,0.890625,0,0,
0,0.921875,0,0,
0.015625,0.921875,0,-0.0561787,
0.046875,0.921875,0,-0.0665802,
0.078125,0.921875,0,-0.0370689,
0.109375,0.921875,0,0.0103685,
0.140625,0.921875,0,0.0619039,
0.171875,0.921875,0,0.1111,
0.203125,0.921875,0,0.155464,
0.234375,0.921875,0,0.194351,
0.265625,0.921875,0,0.227923,
0.296875,0.921875,0,0.256665,
0.328125,0.921875,0,0.281158,
0.359375,0.921875,0,0.301976,
0.390625,0.921875,0,0.31964,
0.421875,0.921875,0,0.334603,
0.453125,0.921875,0,0.347245,
0.484375,0.921875,0,0.357867,
0.515625,0.921875,0,0.366697,
0.546875,0.921875,0,0.373873,
0.578125,0.921875,0,0.379431,
0.609375,0.921875,0,0.383263,
0.640625,0.921875,0,0.385057,
0.671875,0.921875,0,0.384191,
0.703125,0.921875,0,0.379581,
0.734375,0.921875,0,0.369455,
0.765625,0.921875,0,0.351038,
0.796875,0.921875,0,0.320187,
0.828125,0.921875,0,0.27121,
0.859375,0.921875,0,0.198103,
0.890625,0.921875,0,0.100621,
0.921875,0.921875,0,-0.000461174,
0.953125,0.921875,0,-0.0462985,
0.984375,0.921875,0,0,
0,0.953125,0,0,
0.015625,0.953125,0,-0.0342078,
0.046875,0.953125,0,0.0274787,
0.078125,0.953125,0,0.120328,
0.109375,0.953125,0,0.209136,
0.140625,0.953125,0,0.284779,
0.171875,0.953125,0,0.346891,
0.203125,0.953125,0,0.397308,
0.234375,0.953125,0,0.438136,
0.265625,0.953125,0,0.471248,
0.296875,0.953125,0,0.498195,
0.328125,0.953125,0,0.520221,
0.359375,0.953125,0,0.538314,
0.390625,0.953125,0,0.55325,
0.421875,0.953125,0,0.565635,
0.453125,0.953125,0,0.575933,
0.484375,0.953125,0,0.584494,
0.515625,0.953125,0,0.591569,
0.546875,0.953125,0,0.597309,
0.578125,0.953125,0,0.601762,
0.609375,0.953125,0,0.604849,
0.640625,0.953125,0,0.606313,
0.671875,0.953125,0,0.605643,
0.703125,0.953125,0,0.601948,
0.734375,0.953125,0,0.593766,
0.765625,0.953125,0,0.578764,
0.796875,0.953125,0,0.553198,
0.828125,0.953125,0,0.511,
0.859375,0.953125,0,0.442551,
0.890625,0.953125,0,0.335065,
0.921875,0.953125,0,0.182369,
0.953125,0.953125,0,0.0214279,
0.984375,0.953125,0,0,
0,0.984375,0,0,
0.015625,0.984375,0,0.240504,
0.046875,0.984375,0,0.434004,
0.078125,0.984375,0,0.558933,
0.109375,0.984375,0,0.641149,
0.140625,0.984375,0,0.697576,
0.171875,0.984375,0,0.737625,
0.203125,0.984375,0,0.766783,
0.234375,0.984375,0,0.788448,
0.265625,0.984375,0,0.804833,
0.296875,0.984375,0,0.817426,
0.328125,0.984375,0,0.827252,
0.359375,0.984375,0,0.835029,
0.390625,0.984375,0,0.841266,
0.421875,0.984375,0,0.846327,
0.453125,0.984375,0,0.850471,
0.484375,0.984375,0,0.853879,
0.515625,0.984375,0,0.856671,
0.546875,0.984375,0,0.858912,
0.578125,0.984375,0,0.860609,
0.609375,0.984375,0,0.861703,
0.640625,0.984375,0,0.862039,
0.671875,0.984375,0,0.861331,
0.703125,0.984375,0,0.859108,
0.734375,0.984375,0,0.854643,
0.765625,0.984375,0,0.84686,
0.796875,0.984375,0,0.834175,
0.828125,0.984375,0,0.81386,
0.859375,0.984375,0,0.779599,
0.890625,0.984375,0,0.714578,
0.921875,0.984375,0,0.580573,
0.953125,0.984375,0,0.326078,
0.984375,0.984375,0,0,
0,1,0,1,
0.015625,1,0,1,
0.046875,1,0,1,
0.078125,1,0,1,
0.109375,1,0,1,
0.140625,1,0,1,
0.171875,1,0,1,
0.203125,1,0,1,
0.234375,1,0,1,
0.265625,1,0,1,
0.296875,1,0,1,
0.328125,1,0,1,
0.359375,1,0,1,
0.390625,1,0,1,
0.421875,1,0,1,
0.453125,1,0,1,
0.484375,1,0,1,
0.515625,1,0,1,
0.546875,1,0,1,
0.578125,1,0,1,
0.609375,1,0,1,
0.640625,1,0,1,
0.671875,1,0,1,
0.703125,1,0,1,
0.734375,1,0,1,
0.765625,1,0,1,
0.796875,1,0,1,
0.828125,1,0,1,
0.859375,1,0,1,
0.890625,1,0,1,
0.921875,1,0,1,
0.953125,1,0,1,
0.984375,1,0,1,
