0,0,0,0,0,0,0,0,0,0,0,0,0,0,0,0,0,0,0,0,0,0,0,0,0,0,0,0,0,0,0,0,0,0,0,0,0,0,0,0,0,0,0,0,0,0,0,0,0,0,0,0,0,0,0,0,0,0,0,0,0,0,0,0,0
0,-4.74571e-05,-9.23317e-05,-0.000114243,-9.70319e-05,-3.35919e-05,7.84314e-05,0.000239095,0.000447395,0.000701868,0.00100086,0.00134266,0.00172552,0.00214766,0.00260727,0.00310249,0.00363134,0.00419177,0.00478156,0.00539838,0.00603971,0.00670291,0.00738515,0.00808347,0.00879479,0.0095159,0.0102436,0.0109745,0.0117053,0.012433,0.0131545,0.0138669,0.0145678,0.0152551,0.0159273,0.0165834,0.0172234,0.0178481,0.0184595,0.0190608,0.019657,0.0202552,0.0208645,0.0214974,0.0221698,0.0229023,0.0237214,0.0246613,0.025766,0.0270927,0.028716,0.0307344,0.0332792,0.0365287,0.0407293,0.0462309,0.0535488,0.0634748,0.077286,0.0971175,0.126484,0.170106,0.227636,0.255776,0
0,-6.46396e-05,-0.000106779,-8.24568e-05,3.89385e-05,0.000274054,0.000630763,0.00111164,0.00171619,0.00244213,0.00328623,0.00424467,0.00531325,0.00648753,0.0077628,0.00913409,0.0105962,0.0121434,0.01377,0.0154696,0.0172354,0.0190604,0.020937,0.0228575,0.0248136,0.026797,0.0287989,0.0308109,0.0328244,0.0348309,0.0368226,0.0387922,0.0407332,0.04264,0.0445087,0.0463369,0.0481242,0.0498727,0.0515875,0.0532772,0.0549544,0.056637,0.0583488,0.0601211,0.0619941,0.0640192,0.0662617,0.0688041,0.0717509,0.0752345,0.0794228,0.0845295,0.0908274,0.0986663,0.108496,0.120892,0.136591,0.156489,0.181561,0.212417,0.247802,0.280212,0.285397,0.207758,0
0,-4.23314e-05,-2.43532e-05,0.000102737,0.00037468,0.000812791,0.00142863,0.00222723,0.00320931,0.00437285,0.00571406,0.007228,0.0089089,0.0107504,0.0127456,0.0148872,0.0171672,0.0195773,0.0221085,0.0247512,0.0274953,0.0303301,0.0332442,0.0362259,0.0392629,0.0423424,0.0454518,0.0485779,0.051708,0.0548295,0.0579304,0.0609998,0.0640276,0.0670056,0.0699274,0.0727889,0.0755892,0.0783308,0.0810204,0.0836697,0.0862963,0.0889249,0.0915885,0.0943303,0.0972054,0.100283,0.103651,0.107416,0.111714,0.116707,0.122599,0.129632,0.1381,0.148349,0.160771,0.175782,0.193746,0.214798,0.238407,0.262411,0.280995,0.28114,0.239275,0.131204,0
0,-3.21861e-06,0.000106066,0.000368762,0.000818768,0.00147793,0.00235918,0.00346893,0.00480894,0.00637765,0.00817124,0.0101842,0.0124099,0.0148406,0.0174679,0.0202826,0.0232748,0.026434,0.0297487,0.0332068,0.0367956,0.0405013,0.0443096,0.0482056,0.0521738,0.056198,0.060262,0.0643493,0.0684436,0.0725289,0.07659,0.0806123,0.0845832,0.0884914,0.0923284,0.0960881,0.0997681,0.10337,0.106901,0.110374,0.113807,0.117228,0.120674,0.124193,0.127844,0.131704,0.135865,0.14044,0.145564,0.151397,0.158124,0.165956,0.175119,0.18584,0.198308,0.212596,0.228506,0.245285,0.261082,0.272029,0.270891,0.245948,0.183415,0.0829349,0
0,4.10663e-05,0.000254773,0.000668126,0.00130849,0.00219494,0.00333961,0.00474897,0.00642509,0.0083667,0.01057,0.0130292,0.0157372,0.0186854,0.0218643,0.0252635,0.0288716,0.0326764,0.0366646,0.0408223,0.0451345,0.0495854,0.0541582,0.0588356,0.0635994,0.068431,0.0733112,0.0782207,0.0831404,0.0880513,0.0929352,0.097775,0.102555,0.107261,0.111882,0.11641,0.120841,0.125173,0.129412,0.13357,0.137663,0.141719,0.145773,0.14987,0.154068,0.158439,0.163068,0.168055,0.173515,0.17958,0.186385,0.194069,0.202749,0.212487,0.223227,0.234692,0.246197,0.256361,0.262655,0.260817,0.244391,0.205398,0.13878,0.0548693,0
0,8.48094e-05,0.000404589,0.000970912,0.00180213,0.00291233,0.00431102,0.00600348,0.0079913,0.010273,0.0128447,0.0157005,0.0188327,0.0222324,0.0258894,0.0297923,0.0339289,0.0382856,0.0428481,0.0476009,0.0525275,0.0576105,0.0628313,0.0681707,0.0736084,0.0791238,0.0846955,0.0903019,0.0959214,0.101532,0.107114,0.112647,0.118113,0.123494,0.128777,0.133951,0.139008,0.143945,0.148764,0.153473,0.158084,0.162621,0.167113,0.1716,0.176129,0.18076,0.185561,0.190611,0.195992,0.20179,0.208081,0.214914,0.222289,0.230107,0.238099,0.245721,0.251978,0.255198,0.252747,0.240799,0.21453,0.16958,0.106323,0.0381645,0
0,0.000125286,0.00054597,0.00125903,0.00227304,0.00359582,0.00523308,0.00718783,0.00946044,0.0120488,0.0149485,0.0181534,0.0216557,0.025446,0.0295137,0.033847,0.0384329,0.0432572,0.0483047,0.0535589,0.0590023,0.0646163,0.070381,0.0762758,0.0822789,0.088368,0.0945198,0.100711,0.106917,0.113116,0.119283,0.125396,0.131435,0.137379,0.143211,0.148918,0.154487,0.159912,0.165189,0.170322,0.175319,0.180194,0.184969,0.189673,0.194341,0.199015,0.203742,0.20857,0.213547,0.218708,0.224065,0.229586,0.235165,0.240574,0.245393,0.248915,0.250017,0.247003,0.237484,0.21842,0.186648,0.140501,0.083182,0.0277986,0
0,0.00016129,0.00067393,0.00152215,0.00270505,0.00422379,0.00607954,0.00827238,0.0108008,0.0136616,0.0168497,0.0203586,0.0241801,0.0283046,0.0327213,0.0374182,0.0423819,0.0475978,0.0530502,0.0587221,0.0645953,0.0706503,0.0768664,0.083222,0.0896942,0.0962591,0.102892,0.109568,0.116262,0.122947,0.129598,0.136191,0.142701,0.149106,0.155386,0.161521,0.167498,0.173303,0.178929,0.184372,0.189634,0.19472,0.199641,0.204414,0.209059,0.213599,0.218056,0.222449,0.226789,0.231064,0.235229,0.239184,0.242742,0.245586,0.24721,0.246844,0.243363,0.235216,0.22042,0.196763,0.162457,0.117589,0.0665919,0.021092,0
0,0.000192409,0.000786185,0.00175495,0.00308922,0.00478364,0.00683462,0.00923892,0.0119928,0.0150915,0.0185291,0.0222985,0.0263913,0.0307976,0.0355067,0.0405062,0.0457829,0.051322,0.0571076,0.0631223,0.0693478,0.0757639,0.0823496,0.0890823,0.0959384,0.102893,0.10992,0.116993,0.124085,0.131168,0.138214,0.145196,0.152088,0.158864,0.165499,0.171971,0.178261,0.184351,0.190228,0.19588,0.201301,0.206488,0.21144,0.216161,0.220653,0.224922,0.228966,0.232777,0.23633,0.239575,0.242421,0.244717,0.246222,0.246569,0.24522,0.241411,0.234102,0.221964,0.203454,0.177094,0.142118,0.0996678,0.0545167,0.0165816,0
0,0.00021865,0.000882054,0.00195527,0.00342141,0.00526909,0.00749007,0.0100777,0.0130257,0.0163277,0.0199767,0.0239649,0.0282836,0.0329229,0.0378718,0.0431183,0.0486491,0.0544496,0.0605038,0.0667947,0.0733034,0.0800099,0.0868927,0.0939288,0.101094,0.108362,0.115706,0.123099,0.130512,0.137914,0.145277,0.15257,0.159765,0.166831,0.173741,0.18047,0.186991,0.193283,0.199325,0.205099,0.210591,0.215787,0.220677,0.225249,0.229492,0.233391,0.236926,0.240063,0.24275,0.244905,0.246404,0.247063,0.246609,0.24466,0.240683,0.233964,0.223593,0.208485,0.187506,0.15977,0.125228,0.0856025,0.045561,0.0134386,0
0,0.000240238,0.00096178,0.00212295,0.00370063,0.00567812,0.00804287,0.0107848,0.0138953,0.0173662,0.0211893,0.0253562,0.0298578,0.0346841,0.0398242,0.0452664,0.0509976,0.0570034,0.0632683,0.0697753,0.0765058,0.0834397,0.0905555,0.0978298,0.105238,0.112753,0.120348,0.127993,0.135659,0.143313,0.150924,0.15846,0.165888,0.173176,0.180293,0.187207,0.193889,0.200312,0.206447,0.212272,0.217762,0.222894,0.227648,0.232,0.235924,0.239391,0.242361,0.244781,0.246577,0.247645,0.247839,0.246956,0.244714,0.240735,0.234517,0.225423,0.212685,0.195454,0.172946,0.144731,0.111236,0.0744674,0.0387855,0.0111757,0
0,0.0002575,0.00102611,0.00225894,0.00392781,0.00601144,0.00849342,0.0113606,0.0146021,0.0182079,0.0221688,0.0264756,0.031119,0.0360889,0.0413748,0.0469652,0.0528472,0.0590073,0.0654302,0.0720993,0.0789964,0.0861017,0.0933936,0.100849,0.108442,0.116146,0.123933,0.131772,0.139631,0.147479,0.155279,0.162999,0.170602,0.178053,0.185316,0.192357,0.199142,0.205636,0.211807,0.217623,0.223053,0.228067,0.232632,0.236714,0.240277,0.243276,0.245658,0.247354,0.248275,0.248303,0.247279,0.244994,0.24117,0.235448,0.227374,0.216395,0.201884,0.183203,0.159853,0.131743,0.0996069,0.0655513,0.0335564,0.00949717,0
0,0.000270799,0.00107601,0.00236481,0.00410494,0.00627133,0.00884427,0.0118079,0.0151491,0.0188564,0.0229196,0.027329,0.0320749,0.0371474,0.0425362,0.0482303,0.0542175,0.0604848,0.0670175,0.0737997,0.0808137,0.08804,0.0954572,0.103042,0.110769,0.118611,0.126539,0.13452,0.142523,0.150513,0.158453,0.166306,0.174034,0.181598,0.188959,0.196079,0.202917,0.209435,0.215594,0.221357,0.226685,0.231539,0.23588,0.239663,0.242841,0.245361,0.247157,0.248151,0.248242,0.247304,0.245177,0.24165,0.236462,0.22928,0.219704,0.207268,0.191473,0.171861,0.148163,0.120529,0.0898812,0.0583212,0.0294422,0.00821763,0
0,0.000280486,0.00111252,0.00244235,0.00423452,0.00646091,0.00909903,0.0121307,0.0155411,0.0193173,0.0234483,0.0279239,0.0327344,0.0378702,0.0433213,0.0490773,0.0551269,0.0614576,0.0680558,0.0749061,0.0819916,0.0892933,0.0967902,0.104459,0.112275,0.120209,0.128233,0.136313,0.144415,0.152504,0.16054,0.168484,0.176295,0.183932,0.191351,0.198508,0.205362,0.211867,0.217979,0.223656,0.228851,0.23352,0.237615,0.241086,0.243875,0.245923,0.247155,0.247485,0.24681,0.245,0.241894,0.237293,0.230953,0.222575,0.211812,0.198279,0.181593,0.161447,0.137745,0.110813,0.0816805,0.0523807,0.026145,0.00721778,0
0,0.000286879,0.00113663,0.00249334,0.00431914,0.00658349,0.00926171,0.0123338,0.0157833,0.0195965,0.0237616,0.0282683,0.0331069,0.0382681,0.0437426,0.0495208,0.0555921,0.0619453,0.0685674,0.0754441,0.0825592,0.0898946,0.0974297,0.105142,0.113005,0.120992,0.129072,0.137212,0.145375,0.153525,0.161621,0.169621,0.177482,0.185157,0.1926,0.199766,0.206604,0.213069,0.219109,0.224677,0.229721,0.234191,0.238033,0.241189,0.2436,0.245195,0.245899,0.245621,0.244254,0.241671,0.237717,0.232204,0.22491,0.215572,0.203894,0.189565,0.1723,0.151916,0.128451,0.102353,0.0747015,0.0474351,0.0234561,0.00641867,0
0,0.000290247,0.0011492,0.00251939,0.0043612,0.00664225,0.0093362,0.0124216,0.0158811,0.0197,0.0238664,0.0283697,0.0332008,0.0383508,0.0438112,0.0495734,0.0556278,0.0619643,0.0685712,0.0754351,0.0825409,0.0898712,0.0974061,0.105123,0.112998,0.121001,0.129102,0.137267,0.145459,0.153639,0.161764,0.16979,0.17767,0.185357,0.1928,0.199949,0.206752,0.213156,0.219108,0.224553,0.229438,0.233705,0.237296,0.240149,0.2422,0.243376,0.243596,0.242771,0.240793,0.237539,0.232863,0.226593,0.218527,0.208436,0.196074,0.181195,0.163597,0.143195,0.120132,0.0949365,0.0687038,0.0432635,0.0212268,0.00576668,0
0,0.000290804,0.00115093,0.00252188,0.00436277,0.00663997,0.00932599,0.0123984,0.0158391,0.0196332,0.0237686,0.028235,0.0330238,0.0381269,0.0435368,0.0492459,0.0552462,0.0615285,0.0680826,0.0748963,0.0819558,0.0892445,0.0967436,0.104431,0.112282,0.120269,0.128359,0.136519,0.14471,0.152891,0.161019,0.169046,0.176924,0.184601,0.192025,0.19914,0.205892,0.212223,0.218077,0.223396,0.22812,0.232188,0.23554,0.23811,0.239829,0.240624,0.240413,0.239106,0.2366,0.232777,0.2275,0.220613,0.211936,0.201274,0.188423,0.173193,0.155453,0.135199,0.112649,0.088386,0.063497,0.0396997,0.0193495,0.00522458,0
0,0.000288707,0.00114237,0.00250185,0.00432552,0.00657896,0.00923397,0.0122676,0.0156615,0.0194008,0.0234735,0.02787,0.0325823,0.0376035,0.0429273,0.0485473,0.054457,0.0606487,0.0671136,0.0738412,0.0808187,0.0880311,0.0954602,0.103085,0.110881,0.11882,0.12687,0.134997,0.143161,0.15132,0.159427,0.167435,0.175291,0.182942,0.190331,0.197401,0.204093,0.210346,0.2161,0.221293,0.225862,0.229744,0.232875,0.235186,0.236608,0.237066,0.236479,0.234759,0.231807,0.227512,0.221748,0.214373,0.20523,0.194152,0.180974,0.165556,0.147826,0.127841,0.105879,0.0825534,0.0589301,0.0366166,0.0177449,0.00476584,0
0,0.000284063,0.00112391,0.00246011,0.00425071,0.00646096,0.00906242,0.0120321,0.0153516,0.0190065,0.0229854,0.0272795,0.0318818,0.0367866,0.0419891,0.0474845,0.0532678,0.0593332,0.0656734,0.0722797,0.0791408,0.0862428,0.0935691,0.101099,0.108809,0.116672,0.124655,0.132723,0.140836,0.14895,0.157017,0.164988,0.172807,0.180419,0.187763,0.19478,0.201407,0.207581,0.213237,0.218312,0.222739,0.226452,0.229385,0.231469,0.232632,0.232801,0.231896,0.229832,0.226514,0.221839,0.215692,0.207945,0.198462,0.187103,0.173736,0.158264,0.140662,0.121038,0.0997122,0.0773151,0.0548824,0.0339165,0.0163538,0.00437122,0
0,0.00027693,0.00109577,0.00239716,0.00413921,0.00628725,0.00881305,0.0116939,0.014912,0.0184534,0.0223077,0.0264673,0.0309263,0.0356808,0.0407273,0.046063,0.0516847,0.0575884,0.063769,0.0702192,0.0769297,0.0838882,0.0910792,0.0984836,0.106078,0.113836,0.121725,0.12971,0.137749,0.145798,0.153807,0.161725,0.169495,0.177057,0.18435,0.19131,0.197872,0.203969,0.209535,0.214503,0.218804,0.22237,0.225133,0.227024,0.227971,0.227901,0.226736,0.224396,0.22079,0.215822,0.209389,0.201376,0.191665,0.180141,0.1667,0.151283,0.133904,0.11471,0.0940525,0.0725682,0.051257,0.031523,0.0151312,0.00402641,0
0,0.000267332,0.0010581,0.00231332,0.00399158,0.00605874,0.00848713,0.0112548,0.0143446,0.0177439,0.0214434,0.0254367,0.0297198,0.0342901,0.0391464,0.0442876,0.0497126,0.0554197,0.0614055,0.0676652,0.0741911,0.0809728,0.0879965,0.0952442,0.102694,0.110319,0.118088,0.125965,0.133909,0.141873,0.149808,0.157659,0.165368,0.172872,0.180109,0.187011,0.19351,0.199537,0.205024,0.209899,0.214094,0.217539,0.220163,0.221899,0.222673,0.222416,0.22105,0.2185,0.21468,0.209502,0.202872,0.194688,0.18485,0.173261,0.159846,0.144575,0.127495,0.108785,0.0888167,0.0682262,0.047975,0.0293757,0.014042,0.00372058,0
0,0.000255264,0.00101091,0.00220874,0.00380819,0.00577604,0.00808561,0.010716,0.0136514,0.0168803,0.0203951,0.0241909,0.0282655,0.0326185,0.0372504,0.0421625,0.0473561,0.0528314,0.0585877,0.0646221,0.0709294,0.077501,0.0843248,0.0913845,0.0986595,0.106124,0.113747,0.121492,0.129318,0.137179,0.145023,0.152794,0.160431,0.167871,0.175048,0.181892,0.188333,0.1943,0.199719,0.204521,0.208632,0.211983,0.214503,0.216122,0.21677,0.216377,0.214869,0.212174,0.208212,0.202901,0.196156,0.187889,0.178012,0.166448,0.153145,0.138097,0.12138,0.103196,0.0839317,0.0642163,0.0449717,0.0274261,0.013059,0.00344536,0
0,0.000240705,0.00095421,0.00208349,0.00358928,0.00543967,0.00760937,0.0100789,0.012834,0.0158649,0.0191655,0.0227331,0.0265673,0.0306699,0.0350438,0.0396926,0.0446199,0.0498285,0.0553202,0.0610946,0.0671486,0.0734762,0.0800671,0.086907,0.0939765,0.101251,0.108701,0.11629,0.123976,0.131714,0.13945,0.147127,0.154683,0.162053,0.169167,0.175955,0.182344,0.188259,0.193627,0.198374,0.202427,0.205714,0.208165,0.209708,0.210276,0.209799,0.208208,0.205431,0.201395,0.196025,0.189244,0.180972,0.171137,0.159679,0.146563,0.131805,0.115505,0.0978827,0.0793332,0.060476,0.0421934,0.0256348,0.0121601,0.00319415,0
0,0.00022363,0.000887977,0.00193766,0.00333513,0.00505023,0.0070594,0.00934501,0.0118946,0.0147003,0.017758,0.0210672,0.0246297,0.0284496,0.0325322,0.0368836,0.04151,0.046417,0.0516088,0.0570879,0.0628537,0.0689026,0.0752267,0.0818137,0.0886461,0.0957008,0.102949,0.110355,0.117879,0.125473,0.133083,0.140652,0.148117,0.15541,0.162459,0.169193,0.175536,0.181411,0.186743,0.191457,0.195478,0.198732,0.201149,0.202659,0.203194,0.202686,0.201067,0.198271,0.194228,0.188868,0.182122,0.173921,0.164203,0.152922,0.140061,0.125654,0.109818,0.0927884,0.0749641,0.0569518,0.0395946,0.0239691,0.0113276,0.00296167,0
0,0.000204021,0.000812222,0.00177137,0.00304613,0.0046085,0.00643706,0.00851628,0.0108358,0.01339,0.016177,0.0191985,0.0224587,0.025964,0.0297226,0.0337429,0.0380341,0.0426045,0.0474612,0.0526092,0.0580511,0.0637858,0.0698081,0.076108,0.0826701,0.0894732,0.0964898,0.103686,0.111021,0.118448,0.125915,0.13336,0.140722,0.147929,0.154912,0.161593,0.167895,0.173742,0.179055,0.183757,0.187772,0.191026,0.193447,0.194966,0.195514,0.195027,0.193438,0.190682,0.186696,0.181414,0.174773,0.166712,0.157181,0.146144,0.1336,0.119598,0.10427,0.0878619,0.0707736,0.053597,0.0371368,0.0224018,0.0105467,0.0027436,0
0,0.000181877,0.000727024,0.00158494,0.00272297,0.00411571,0.00574425,0.00759547,0.00966144,0.0119388,0.0144282,0.0171336,0.0200619,0.0232219,0.0266244,0.0302807,0.0342027,0.0384016,0.0428875,0.0476686,0.0527502,0.0581342,0.0638183,0.0697952,0.076052,0.0825697,0.0893228,0.0962786,0.103398,0.110634,0.117934,0.125239,0.132484,0.139598,0.146508,0.153136,0.159405,0.165234,0.170544,0.175255,0.179291,0.182576,0.185039,0.186609,0.187219,0.186804,0.1853,0.182645,0.178778,0.173638,0.167168,0.159315,0.150035,0.139306,0.127137,0.113592,0.098814,0.0830553,0.0667156,0.0503703,0.0347865,0.0209097,0.00980501,0.00253635,0
0,0.000157223,0.000632566,0.00137886,0.00236667,0.00357362,0.00498363,0.00658631,0.00837634,0.0103529,0.0125191,0.0148815,0.0174494,0.0202345,0.0232499,0.02651,0.0300293,0.0338222,0.0379018,0.0422794,0.0469636,0.0519593,0.0572676,0.062884,0.0687985,0.0749948,0.0814496,0.0881325,0.0950054,0.102023,0.109134,0.116277,0.123389,0.130398,0.137229,0.143804,0.150043,0.155864,0.161186,0.165927,0.170011,0.17336,0.175901,0.177564,0.178282,0.17799,0.176627,0.174131,0.170444,0.16551,0.159275,0.151693,0.142728,0.132367,0.120631,0.107592,0.0934039,0.078324,0.0627485,0.0472351,0.0325145,0.0194728,0.0090921,0.00233689,0
0,0.000130124,0.000529162,0.00115393,0.00197875,0.00298469,0.00415883,0.00549377,0.00698698,0.00864029,0.0104594,0.0124534,0.0146342,0.017016,0.0196147,0.0224473,0.0255314,0.0288842,0.0325221,0.0364596,0.0407085,0.0452775,0.0501707,0.0553872,0.0609202,0.0667565,0.0728756,0.0792496,0.0858427,0.0926112,0.0995041,0.106463,0.113422,0.120311,0.127055,0.133573,0.139784,0.145605,0.150952,0.155744,0.159901,0.163344,0.166001,0.167799,0.168671,0.168554,0.167385,0.165105,0.161659,0.156992,0.151055,0.143807,0.13522,0.125287,0.114037,0.101554,0.0879966,0.0736263,0.0588336,0.0441581,0.0302949,0.0180735,0.00839881,0.00214264,0
0,0.000100688,0.000417291,0.000911285,0.00156128,0.00235218,0.00327458,0.00432424,0.00550155,0.00681111,0.00826121,0.00986346,0.0116322,0.0135843,0.0157382,0.0181135,0.0207308,0.0236103,0.0267714,0.030232,0.0340075,0.0381101,0.0425476,0.0473229,0.0524328,0.0578677,0.0636105,0.0696364,0.0759122,0.0823969,0.0890409,0.0957872,0.102571,0.109323,0.115966,0.12242,0.128602,0.134428,0.139813,0.144674,0.148927,0.152496,0.155303,0.157277,0.158349,0.158456,0.157535,0.155529,0.152383,0.148044,0.142468,0.135616,0.127466,0.118019,0.107312,0.0954337,0.0825497,0.0689224,0.0549352,0.0411092,0.0281043,0.0166963,0.00771717,0.00195133,0
0,6.90781e-05,0.000297617,0.000652436,0.00111695,0.00168029,0.00233683,0.00308565,0.00393017,0.00487774,0.00593922,0.00712866,0.00846285,0.0099609,0.0116438,0.0135339,0.0156543,0.0180281,0.020678,0.0236253,0.0268889,0.0304847,0.0344246,0.0387154,0.0433583,0.0483475,0.05367,0.0593046,0.0652219,0.0713836,0.0777429,0.0842447,0.0908262,0.0974175,0.103943,0.110322,0.116471,0.122305,0.127736,0.13268,0.137054,0.140775,0.143767,0.145956,0.147274,0.147654,0.147035,0.145359,0.142571,0.138621,0.133466,0.127073,0.119422,0.11052,0.10041,0.0891883,0.0770223,0.0641744,0.0510199,0.0380604,0.0259216,0.0153272,0.00704009,0.00176098,0
0,3.55117e-05,0.000171006,0.000379308,0.000649125,0.000974184,0.00135282,0.00178759,0.00228496,0.00285498,0.00351099,0.00426934,0.00514902,0.00617136,0.00735962,0.0087385,0.0103337,0.0121711,0.0142765,0.0166744,0.0193875,0.0224356,0.0258348,0.0295962,0.0337256,0.0382219,0.0430766,0.048273,0.0537859,0.0595808,0.0656144,0.0718344,0.0781803,0.0845837,0.0909699,0.0972587,0.103366,0.109205,0.114688,0.119729,0.12424,0.128141,0.13135,0.133794,0.1354,0.136102,0.135836,0.134545,0.132174,0.128674,0.124003,0.11813,0.111039,0.102743,0.093288,0.082775,0.0713742,0.0593458,0.0470559,0.0349858,0.0237272,0.0139537,0.00636118,0.00156983,0
0,2.69622e-07,3.85393e-05,9.4266e-05,0.000161895,0.000240035,0.000331162,0.000441364,0.000580119,0.00076009,0.000996923,0.00130905,0.00171744,0.00224538,0.00291809,0.00376244,0.00480639,0.00607856,0.00760752,0.00942111,0.0115456,0.0140049,0.0168193,0.0200049,0.0235722,0.0275254,0.0318613,0.0365683,0.0416261,0.0470053,0.0526668,0.058562,0.0646334,0.0708154,0.0770346,0.0832118,0.089263,0.0951009,0.100637,0.105782,0.110448,0.114551,0.118008,0.120741,0.122677,0.123748,0.123888,0.123038,0.121142,0.118152,0.114027,0.108736,0.102269,0.0946396,0.085899,0.0761506,0.0655658,0.0544014,0.0430128,0.0318608,0.0215032,0.0125641,0.00567465,0.00137627,0
0,-3.63065e-05,-9.84854e-05,-0.00019989,-0.000339955,-0.000514963,-0.000718192,-0.00094003,-0.00116808,-0.00138722,-0.00157975,-0.00172539,-0.00180152,-0.00178324,-0.00164364,-0.00135408,-0.00088455,-0.000204125,0.000718463,0.00191417,0.00341284,0.00524236,0.00742768,0.00998978,0.0129446,0.0163019,0.0200644,0.0242266,0.0287741,0.0336831,0.0389199,0.0444408,0.0501925,0.0561126,0.0621304,0.0681683,0.0741429,0.079967,0.0855509,0.0908039,0.0956363,0.0999603,0.103691,0.106748,0.109055,0.11054,0.111136,0.110781,0.109419,0.107,0.103483,0.0988397,0.0930602,0.0861611,0.0781967,0.0692719,0.0595578,0.0493063,0.0388613,0.0286621,0.0192323,0.0111476,0.00497515,0.00117887,0
0,-7.38138e-05,-0.000238556,-0.000499929,-0.00085095,-0.00128264,-0.001784,-0.00234197,-0.00294138,-0.00356491,-0.00419304,-0.00480403,-0.00537393,-0.00587662,-0.00628393,-0.0065658,-0.00669058,-0.00662536,-0.00633648,-0.00579012,-0.00495299,-0.0037932,-0.00228123,-0.000390924,0.00189937,0.00460563,0.00773707,0.011295,0.0152719,0.0196506,0.024404,0.0294943,0.0348735,0.0404838,0.046258,0.0521212,0.0579914,0.0637819,0.0694024,0.0747609,0.0797654,0.0843254,0.088353,0.0917641,0.0944786,0.0964214,0.0975224,0.0977169,0.0969464,0.0951595,0.0923149,0.0883842,0.0833587,0.0772566,0.0701334,0.0620951,0.0533107,0.0440263,0.0345727,0.025367,0.0168983,0.00969392,0.00425771,0.000976264,0
0,-0.000111789,-0.000379963,-0.000802223,-0.00136497,-0.00205392,-0.00285383,-0.00374833,-0.00471973,-0.00574876,-0.00681446,-0.00789398,-0.0089625,-0.00999309,-0.0109568,-0.0118226,-0.0125576,-0.0131274,-0.0134963,-0.0136279,-0.0134858,-0.0130341,-0.0122389,-0.0110686,-0.00949557,-0.00749728,-0.00505737,-0.00216695,0.00117424,0.00495692,0.00916148,0.0137575,0.0187036,0.0239477,0.0294275,0.0350717,0.040801,0.0465297,0.0521675,0.0576215,0.0627975,0.0676022,0.0719442,0.0757352,0.0788912,0.0813329,0.0829864,0.0837833,0.0836621,0.0825693,0.080462,0.0773114,0.0731088,0.067873,0.0616601,0.0545754,0.0467849,0.038527,0.0301188,0.0219536,0.0144856,0.00819342,0.00351762,0.000767211,0
0,-0.000149718,-0.000520816,-0.00110279,-0.00187535,-0.00281892,-0.00391418,-0.00514168,-0.00648145,-0.00791266,-0.00941327,-0.0109598,-0.0125269,-0.0140875,-0.0156122,-0.0170697,-0.0184263,-0.0196466,-0.0206933,-0.0215279,-0.022111,-0.0224034,-0.0223665,-0.0219634,-0.0211605,-0.0199282,-0.0182423,-0.0160859,-0.0134499,-0.0103347,-0.00675098,-0.00272058,0.00172322,0.00653559,0.0116605,0.0170316,0.0225733,0.0282021,0.0338286,0.0393592,0.044698,0.0497487,0.0544161,0.0586077,0.0622348,0.0652131,0.067464,0.0689149,0.0695005,0.069164,0.0678604,0.0655594,0.0622515,0.0579551,0.0527257,0.0466666,0.0399395,0.0327739,0.0254711,0.0184001,0.0119789,0.00663667,0.0027504,0.000550516,0
0,-0.000187038,-0.000659072,-0.00139734,-0.00237492,-0.00356712,-0.00495074,-0.00650353,-0.00820361,-0.010029,-0.0119569,-0.0139638,-0.0160244,-0.0181117,-0.0201968,-0.0222483,-0.0242326,-0.0261137,-0.0278533,-0.0294113,-0.030746,-0.0318148,-0.0325748,-0.0329842,-0.0330031,-0.0325946,-0.0317267,-0.0303732,-0.0285157,-0.0261445,-0.0232602,-0.0198745,-0.0160111,-0.0117059,-0.00700711,-0.00197446,0.00332152,0.00880092,0.0143761,0.0199538,0.0254366,0.0307255,0.0357217,0.0403278,0.0444498,0.0479981,0.0508884,0.053043,0.0543919,0.0548744,0.0544421,0.0530625,0.0507243,0.0474444,0.0432765,0.0383206,0.0327325,0.0267313,0.020601,0.0146846,0.00936281,0.00501442,0.00195164,0.000325019,0
0,-0.000223155,-0.000792575,-0.00168137,-0.00285621,-0.00428751,-0.00594854,-0.00781461,-0.00986232,-0.0120689,-0.0144115,-0.0168667,-0.01941,-0.0220152,-0.0246541,-0.0272962,-0.0299084,-0.0324547,-0.0348966,-0.0371928,-0.0392999,-0.0411726,-0.0427641,-0.0440279,-0.0449178,-0.0453898,-0.0454035,-0.0449234,-0.0439206,-0.0423744,-0.0402741,-0.0376198,-0.0344241,-0.030712,-0.0265221,-0.0219057,-0.0169265,-0.0116593,-0.00618843,-0.000606113,0.00498991,0.0104983,0.0158165,0.0208423,0.0254761,0.0296219,0.0331894,0.0360947,0.0382621,0.0396262,0.0401342,0.0397504,0.0384604,0.0362786,0.0332555,0.0294865,0.0251198,0.0203621,0.0154787,0.0107847,0.00662193,0.00331736,0.00111699,8.95508e-05,0
0,-0.000257448,-0.000919096,-0.00195025,-0.00331152,-0.00496883,-0.00689232,-0.00905526,-0.0114332,-0.014003,-0.0167423,-0.0196284,-0.0226378,-0.0257459,-0.0289259,-0.0321485,-0.035382,-0.0385912,-0.041738,-0.0447807,-0.0476747,-0.0503726,-0.0528247,-0.0549797,-0.0567858,-0.0581921,-0.0591496,-0.059613,-0.0595426,-0.0589059,-0.0576795,-0.0558506,-0.0534186,-0.0503963,-0.0468103,-0.0427015,-0.0381246,-0.0331474,-0.0278493,-0.0223197,-0.0166558,-0.0109604,-0.00533925,0.000100637,0.00525364,0.0100173,0.014294,0.0179931,0.0210323,0.02334,0.0248585,0.0255471,0.0253877,0.0243905,0.0226016,0.0201098,0.0170541,0.013627,0.0100729,0.00667696,0.00374014,0.00153586,0.000241977,-0.000157095,0
0,-0.000289289,-0.00103638,-0.00219932,-0.00373314,-0.00559981,-0.00776678,-0.0102058,-0.0128918,-0.015802,-0.0189145,-0.0222082,-0.0256613,-0.0292509,-0.0329524,-0.0367388,-0.0405798,-0.0444421,-0.0482885,-0.052078,-0.0557657,-0.0593027,-0.0626369,-0.0657134,-0.0684753,-0.0708647,-0.0728245,-0.0742997,-0.0752392,-0.0755982,-0.0753394,-0.0744359,-0.0728724,-0.070647,-0.0677727,-0.0642772,-0.0602041,-0.0556117,-0.0505723,-0.0451705,-0.0395013,-0.0336677,-0.027778,-0.0219434,-0.0162755,-0.0108837,-0.00587326,-0.00134273,0.002618,0.00593029,0.00852975,0.01037,0.0114275,0.0117069,0.0112478,0.0101312,0.00848447,0.00648368,0.00434993,0.00233616,0.00070025,-0.000340373,-0.000678311,-0.000416073,0
0,-0.000318058,-0.00114222,-0.00242398,-0.00411351,-0.00616938,-0.00855697,-0.011247,-0.0142144,-0.0174368,-0.0208939,-0.0245662,-0.0284342,-0.0324776,-0.0366743,-0.0409998,-0.0454268,-0.0499241,-0.0544564,-0.0589843,-0.0634631,-0.067844,-0.0720731,-0.0760927,-0.0798415,-0.0832558,-0.0862707,-0.0888215,-0.090846,-0.0922863,-0.093091,-0.0932174,-0.0926343,-0.0913232,-0.0892806,-0.0865193,-0.0830684,-0.0789743,-0.0742993,-0.0691209,-0.0635296,-0.0576266,-0.0515213,-0.0453285,-0.0391652,-0.0331478,-0.0273896,-0.0219977,-0.0170707,-0.0126956,-0.00894466,-0.00587156,-0.00350702,-0.00185353,-0.000879731,-0.000515061,-0.000645897,-0.00111509,-0.00172756,-0.0022654,-0.00251663,-0.00232257,-0.00164914,-0.000688831,0
0,-0.000343156,-0.00123448,-0.00261986,-0.0044454,-0.00666703,-0.00924864,-0.0121605,-0.015378,-0.0188799,-0.0226476,-0.0266639,-0.0309121,-0.0353747,-0.0400329,-0.0448656,-0.0498485,-0.0549537,-0.0601488,-0.0653964,-0.0706537,-0.0758724,-0.0809983,-0.0859719,-0.0907288,-0.0952001,-0.0993141,-0.102997,-0.106176,-0.108781,-0.110744,-0.112007,-0.112521,-0.11225,-0.111171,-0.10928,-0.106587,-0.103125,-0.0989423,-0.0941062,-0.0886996,-0.0828198,-0.0765751,-0.0700819,-0.063462,-0.0568382,-0.0503321,-0.0440598,-0.0381296,-0.032638,-0.0276667,-0.0232785,-0.019513,-0.016382,-0.0138648,-0.0119036,-0.0104012,-0.00922262,-0.00820178,-0.00715911,-0.00593191,-0.00442353,-0.00267652,-0.000977007,0
0,-0.000364028,-0.0013112,-0.0027829,-0.00472215,-0.00708301,-0.00982861,-0.0129294,-0.0163615,-0.0201055,-0.0241449,-0.0284653,-0.0330528,-0.0378936,-0.0429725,-0.0482722,-0.0537724,-0.0594491,-0.0652735,-0.0712113,-0.0772226,-0.0832608,-0.0892728,-0.0951986,-0.100972,-0.10652,-0.111765,-0.116627,-0.121021,-0.124865,-0.128078,-0.130584,-0.132315,-0.133215,-0.133242,-0.13237,-0.130589,-0.127914,-0.124375,-0.120026,-0.114939,-0.109203,-0.102922,-0.0962133,-0.0892001,-0.0820112,-0.0747756,-0.067619,-0.0606599,-0.0540057,-0.047749,-0.0419636,-0.0367003,-0.0319829,-0.0278035,-0.0241204,-0.0208562,-0.0179011,-0.0151221,-0.0123818,-0.00957081,-0.00665835,-0.00376763,-0.00128256,0
0,-0.000380174,-0.0013706,-0.00290949,-0.00493782,-0.00740869,-0.0102852,-0.0135384,-0.0171461,-0.0210907,-0.0253583,-0.0299374,-0.0348178,-0.0399893,-0.0454409,-0.0511597,-0.0571298,-0.0633317,-0.0697411,-0.076328,-0.083056,-0.089882,-0.0967548,-0.103616,-0.110398,-0.117027,-0.123421,-0.129493,-0.135151,-0.1403,-0.144844,-0.148693,-0.151759,-0.153965,-0.155247,-0.155554,-0.154856,-0.153142,-0.150424,-0.146735,-0.142132,-0.136693,-0.130514,-0.123706,-0.116394,-0.10871,-0.100788,-0.0927642,-0.084767,-0.0769159,-0.0693161,-0.0620543,-0.0551952,-0.0487771,-0.0428086,-0.0372673,-0.0320994,-0.0272249,-0.022548,-0.0179782,-0.0134641,-0.0090456,-0.00493134,-0.00160795,0
0,-0.000391172,-0.00141121,-0.00299658,-0.0050874,-0.00763676,-0.0106084,-0.0139749,-0.0177157,-0.0218156,-0.0262638,-0.0310519,-0.0361735,-0.0416223,-0.0473918,-0.0534739,-0.0598576,-0.0665286,-0.0734676,-0.0806499,-0.088044,-0.0956109,-0.103304,-0.111066,-0.118832,-0.126528,-0.13407,-0.141366,-0.148318,-0.15482,-0.160765,-0.166046,-0.170558,-0.174201,-0.176888,-0.178544,-0.179111,-0.178553,-0.176856,-0.174031,-0.170112,-0.165159,-0.159257,-0.152507,-0.145029,-0.136955,-0.128424,-0.119579,-0.110558,-0.101494,-0.092506,-0.0836955,-0.0751438,-0.0669072,-0.0590146,-0.0514671,-0.0442392,-0.0372855,-0.0305532,-0.024004,-0.0176503,-0.0116088,-0.006179,-0.00195636,0
0,-0.000396689,-0.00143186,-0.00304179,-0.005167,-0.00776154,-0.0107907,-0.0142287,-0.0180576,-0.0222647,-0.0268424,-0.0317856,-0.0370918,-0.0427591,-0.0487855,-0.0551678,-0.0619004,-0.0689745,-0.0763768,-0.0840884,-0.0920836,-0.100329,-0.108783,-0.117394,-0.126099,-0.134827,-0.143493,-0.152005,-0.160258,-0.168142,-0.175537,-0.182323,-0.188377,-0.19358,-0.197819,-0.200993,-0.203017,-0.203825,-0.203372,-0.201641,-0.198639,-0.194404,-0.188998,-0.182508,-0.175044,-0.166733,-0.157713,-0.148132,-0.138137,-0.127871,-0.11747,-0.107052,-0.0967167,-0.0865432,-0.0765847,-0.0668709,-0.0574103,-0.0481983,-0.0392312,-0.0305306,-0.0221795,-0.0143785,-0.00752557,-0.00233205,0
0,-0.000396495,-0.00143176,-0.00304351,-0.00517399,-0.00777921,-0.0108266,-0.014293,-0.018163,-0.0224269,-0.0270802,-0.0321216,-0.0375521,-0.0433743,-0.0495909,-0.0562036,-0.0632125,-0.0706147,-0.0784031,-0.0865653,-0.0950825,-0.103928,-0.113067,-0.122453,-0.13203,-0.141731,-0.151473,-0.161165,-0.170701,-0.179967,-0.188835,-0.197173,-0.204844,-0.21171,-0.217635,-0.222492,-0.226165,-0.228556,-0.229587,-0.229207,-0.227391,-0.224144,-0.219502,-0.213529,-0.206316,-0.197977,-0.188644,-0.178465,-0.167591,-0.156177,-0.14437,-0.132308,-0.120113,-0.107889,-0.0957196,-0.0836681,-0.0717842,-0.0601116,-0.0487043,-0.037652,-0.0271181,-0.017396,-0.00899126,-0.00274079,0
0,-0.000390474,-0.00141051,-0.00300097,-0.00510712,-0.00768795,-0.0107138,-0.0141645,-0.0180275,-0.0222964,-0.0269697,-0.0320497,-0.0375414,-0.0434512,-0.0497865,-0.0565543,-0.0637599,-0.0714066,-0.0794938,-0.0880162,-0.0969625,-0.106314,-0.116042,-0.12611,-0.136469,-0.147057,-0.157799,-0.168605,-0.179374,-0.189988,-0.200319,-0.210225,-0.219557,-0.228162,-0.235883,-0.242568,-0.248071,-0.252262,-0.255025,-0.256272,-0.255939,-0.253993,-0.250432,-0.24529,-0.238628,-0.23054,-0.221142,-0.210571,-0.19898,-0.186527,-0.173371,-0.159669,-0.145565,-0.131192,-0.116668,-0.102098,-0.0875821,-0.0732201,-0.0591346,-0.0454947,-0.032556,-0.0207173,-0.0106039,-0.0031906,0
0,-0.000378631,-0.00136816,-0.00291431,-0.00496668,-0.00748817,-0.0104528,-0.0138437,-0.0176514,-0.0218729,-0.0265099,-0.0315679,-0.0370554,-0.0429831,-0.0493623,-0.056205,-0.063522,-0.0713223,-0.0796123,-0.0883937,-0.097663,-0.10741,-0.117615,-0.128251,-0.139277,-0.15064,-0.162274,-0.174097,-0.186012,-0.197904,-0.209646,-0.221093,-0.23209,-0.242471,-0.252062,-0.260689,-0.26818,-0.27437,-0.279109,-0.282265,-0.283732,-0.283431,-0.281316,-0.277378,-0.27164,-0.264161,-0.255029,-0.244363,-0.232302,-0.219001,-0.204627,-0.189348,-0.173332,-0.156742,-0.139736,-0.122467,-0.105092,-0.0877827,-0.0707411,-0.0542316,-0.0386178,-0.0244207,-0.0124024,-0.00369272,0
0,-0.000361098,-0.00130523,-0.00278463,-0.00475451,-0.00718261,-0.0100472,-0.013335,-0.0170401,-0.0211625,-0.025707,-0.0306821,-0.0360998,-0.041974,-0.0483202,-0.0551546,-0.0624932,-0.0703508,-0.07874,-0.0876698,-0.0971448,-0.107163,-0.117716,-0.128785,-0.140341,-0.152341,-0.164729,-0.177434,-0.190368,-0.203425,-0.216481,-0.229394,-0.242008,-0.254149,-0.265635,-0.276272,-0.285866,-0.294223,-0.301155,-0.306491,-0.310078,-0.311786,-0.31152,-0.309214,-0.304843,-0.298417,-0.289984,-0.279624,-0.267453,-0.253607,-0.238248,-0.221549,-0.203695,-0.184879,-0.165298,-0.145161,-0.124693,-0.104146,-0.0838237,-0.0641031,-0.0454787,-0.0286173,-0.0144424,-0.00426324,0
0,-0.000338135,-0.00122268,-0.00261401,-0.0044741,-0.00677641,-0.00950386,-0.0126473,-0.0162042,-0.0201775,-0.0245747,-0.0294073,-0.0346899,-0.0404395,-0.0466751,-0.0534166,-0.0606846,-0.0684991,-0.0768785,-0.0858391,-0.095393,-0.105548,-0.116304,-0.127653,-0.139578,-0.15205,-0.165024,-0.178443,-0.19223,-0.206291,-0.220513,-0.234761,-0.248884,-0.262709,-0.276048,-0.288699,-0.30045,-0.311083,-0.320381,-0.328131,-0.334137,-0.338217,-0.340216,-0.340012,-0.337514,-0.332671,-0.325472,-0.315946,-0.30416,-0.290215,-0.274248,-0.256422,-0.236927,-0.215974,-0.193798,-0.170665,-0.146875,-0.122778,-0.0987956,-0.0754472,-0.0533887,-0.0334676,-0.0168047,-0.00492547,0
0,-0.000310129,-0.00112197,-0.00240552,-0.00413064,-0.00627717,-0.0088332,-0.0117937,-0.0151596,-0.0189365,-0.0231345,-0.0277673,-0.0328517,-0.0384072,-0.0444555,-0.0510198,-0.0581243,-0.0657935,-0.0740513,-0.0829201,-0.0924195,-0.102565,-0.113368,-0.12483,-0.136947,-0.149702,-0.163065,-0.176994,-0.191428,-0.206287,-0.221473,-0.236865,-0.252322,-0.26768,-0.282754,-0.297341,-0.311221,-0.32416,-0.335918,-0.346252,-0.354922,-0.361698,-0.366368,-0.368743,-0.368664,-0.366005,-0.36068,-0.352643,-0.341893,-0.328471,-0.312461,-0.29399,-0.273229,-0.250389,-0.225729,-0.199561,-0.172265,-0.144299,-0.116227,-0.0887433,-0.0627098,-0.0392068,-0.0196084,-0.00571381,0
0,-0.000277595,-0.00100502,-0.00216327,-0.003731,-0.00569503,-0.0080489,-0.0107918,-0.0139277,-0.017465,-0.0214156,-0.025795,-0.0306217,-0.0359168,-0.041704,-0.0480089,-0.0548585,-0.0622809,-0.0703046,-0.0789572,-0.088265,-0.0982514,-0.108936,-0.120332,-0.132447,-0.145277,-0.158808,-0.173013,-0.187849,-0.203255,-0.219151,-0.235434,-0.25198,-0.268641,-0.285244,-0.301593,-0.317471,-0.332641,-0.346849,-0.359832,-0.371318,-0.381036,-0.388721,-0.394121,-0.397004,-0.397163,-0.394424,-0.388651,-0.379748,-0.367665,-0.352404,-0.334019,-0.312621,-0.288389,-0.261572,-0.232506,-0.201634,-0.169523,-0.1369,-0.104673,-0.0739716,-0.0461859,-0.0230336,-0.00668002,0
0,-0.000241177,-0.000874253,-0.00189238,-0.00328379,-0.00504268,-0.00716814,-0.00966346,-0.0125356,-0.015795,-0.0194552,-0.0235327,-0.028047,-0.0330201,-0.0384768,-0.044444,-0.050951,-0.0580282,-0.0657074,-0.0740206,-0.0829995,-0.0926742,-0.103072,-0.114217,-0.126125,-0.138808,-0.152267,-0.16649,-0.181452,-0.197114,-0.213416,-0.230278,-0.247598,-0.265249,-0.283079,-0.300911,-0.31854,-0.335737,-0.35225,-0.367809,-0.382126,-0.3949,-0.405827,-0.414601,-0.420923,-0.424508,-0.425088,-0.422424,-0.416309,-0.406575,-0.393103,-0.37583,-0.354759,-0.329976,-0.301669,-0.270142,-0.235858,-0.199471,-0.161865,-0.124203,-0.0879544,-0.0549377,-0.0273578,-0.00790363,0
0,-0.00020165,-0.000732587,-0.00159908,-0.00279946,-0.00433545,-0.00621166,-0.00843524,-0.0110158,-0.0139652,-0.0172981,-0.0210315,-0.0251848,-0.0297805,-0.0348434,-0.040401,-0.0464833,-0.0531222,-0.0603518,-0.0682069,-0.0767232,-0.085936,-0.0958794,-0.106585,-0.11808,-0.130386,-0.143519,-0.157484,-0.172274,-0.187868,-0.204232,-0.221308,-0.239022,-0.257273,-0.275937,-0.294861,-0.313865,-0.332744,-0.351259,-0.36915,-0.38613,-0.401889,-0.416102,-0.428427,-0.438515,-0.446014,-0.450573,-0.451851,-0.449521,-0.443281,-0.432861,-0.418036,-0.398644,-0.374606,-0.34596,-0.312891,-0.275791,-0.235318,-0.192474,-0.148675,-0.105811,-0.0662842,-0.0330212,-0.00951075,0
0,-0.000159944,-0.000583527,-0.0012908,-0.00229038,-0.00359146,-0.00520385,-0.00713817,-0.0094061,-0.0120207,-0.0149967,-0.018351,-0.0221025,-0.0262728,-0.0308863,-0.03597,-0.0415534,-0.047669,-0.0543514,-0.0616371,-0.0695643,-0.0781718,-0.0874984,-0.0975819,-0.108458,-0.120158,-0.132709,-0.146131,-0.160434,-0.175618,-0.191668,-0.208555,-0.226229,-0.244622,-0.263638,-0.283161,-0.303043,-0.323108,-0.343151,-0.362936,-0.382196,-0.400636,-0.41793,-0.433729,-0.44766,-0.459329,-0.468326,-0.474227,-0.476599,-0.475007,-0.469022,-0.45823,-0.442251,-0.420765,-0.393553,-0.360555,-0.321937,-0.278202,-0.230323,-0.179886,-0.129227,-0.0815122,-0.0407466,-0.0117117,0
0,-0.000117176,-0.000431265,-0.00097635,-0.00177112,-0.00283182,-0.00417296,-0.00580803,-0.00775019,-0.0100129,-0.0126106,-0.0155592,-0.0188764,-0.0225824,-0.0267,-0.0312546,-0.0362747,-0.0417918,-0.0478399,-0.0544557,-0.061678,-0.0695475,-0.0781057,-0.0873943,-0.0974546,-0.108326,-0.120044,-0.132641,-0.146142,-0.160562,-0.175909,-0.192176,-0.209341,-0.227365,-0.246187,-0.265726,-0.285873,-0.306494,-0.327423,-0.348464,-0.369389,-0.389936,-0.409811,-0.428682,-0.446185,-0.461923,-0.475464,-0.486339,-0.494049,-0.498058,-0.4978,-0.49268,-0.482087,-0.465411,-0.442083,-0.411637,-0.373816,-0.328706,-0.276953,-0.220039,-0.160592,-0.102651,-0.0517723,-0.0148898,0
0,-7.47311e-05,-0.0002809,-0.000666253,-0.00125883,-0.0020811,-0.00315146,-0.00448555,-0.00609728,-0.00799989,-0.0102068,-0.0127322,-0.015592,-0.0188043,-0.0223894,-0.0263706,-0.0307742,-0.0356294,-0.0409686,-0.0468271,-0.0532429,-0.0602563,-0.0679094,-0.0762458,-0.0853096,-0.0951446,-0.105793,-0.117295,-0.129686,-0.142998,-0.157252,-0.172462,-0.188631,-0.205748,-0.223784,-0.242693,-0.262408,-0.282837,-0.303863,-0.325339,-0.347089,-0.368902,-0.390535,-0.411704,-0.432091,-0.451332,-0.46902,-0.484699,-0.49786,-0.507933,-0.514277,-0.51618,-0.512845,-0.503394,-0.486885,-0.462346,-0.428876,-0.38582,-0.333029,-0.27131,-0.203036,-0.132862,-0.0683098,-0.0198335,0
0,-3.44062e-05,-0.000138791,-0.000373264,-0.000773795,-0.00136782,-0.00217658,-0.00321689,-0.00450263,-0.00604606,-0.0078589,-0.00995331,-0.0123426,-0.0150421,-0.0180692,-0.0214442,-0.0251903,-0.0293337,-0.0339039,-0.0389333,-0.0444574,-0.0505145,-0.0571453,-0.0643923,-0.0722999,-0.0809132,-0.0902775,-0.100437,-0.111435,-0.12331,-0.136098,-0.149828,-0.164521,-0.180189,-0.196832,-0.214435,-0.232969,-0.252385,-0.272612,-0.293557,-0.315101,-0.337096,-0.359363,-0.381689,-0.403825,-0.425479,-0.446316,-0.465947,-0.483922,-0.499719,-0.512727,-0.522224,-0.527356,-0.527103,-0.520254,-0.505389,-0.480903,-0.445117,-0.396558,-0.33449,-0.259849,-0.176759,-0.0943798,-0.0283478,0
0,1.32338e-06,-1.31128e-05,-0.000113077,-0.000340242,-0.000725311,-0.00129099,-0.0020542,-0.00302788,-0.0042226,-0.00564783,-0.00731312,-0.00922887,-0.0114071,-0.013862,-0.0166102,-0.0196712,-0.0230673,-0.0268239,-0.0309697,-0.035536,-0.0405572,-0.0460705,-0.0521153,-0.0587331,-0.0659674,-0.0738625,-0.0824633,-0.0918147,-0.10196,-0.112942,-0.124798,-0.137563,-0.151264,-0.165922,-0.181549,-0.198144,-0.215695,-0.234174,-0.253537,-0.273718,-0.294633,-0.316172,-0.3382,-0.360551,-0.383027,-0.405395,-0.427375,-0.448636,-0.468782,-0.487335,-0.503704,-0.517152,-0.526738,-0.53125,-0.529108,-0.518268,-0.496154,-0.459703,-0.405764,-0.332148,-0.239798,-0.136939,-0.0446881,0
0,2.88693e-05,8.54027e-05,9.47877e-05,1.26942e-05,-0.000192682,-0.000543849,-0.00105652,-0.00174175,-0.00260772,-0.00366126,-0.00490896,-0.00635809,-0.00801732,-0.00989715,-0.0120103,-0.0143721,-0.0170003,-0.0199156,-0.0231414,-0.026704,-0.0306322,-0.0349577,-0.0397144,-0.0449387,-0.0506689,-0.0569451,-0.0638087,-0.0713019,-0.0794675,-0.0883477,-0.0979838,-0.108415,-0.119678,-0.131805,-0.144824,-0.158756,-0.173613,-0.1894,-0.20611,-0.223723,-0.242209,-0.261517,-0.281585,-0.302328,-0.323643,-0.345403,-0.367453,-0.389608,-0.411641,-0.433274,-0.454151,-0.47381,-0.491628,-0.506732,-0.517864,-0.523182,-0.519968,-0.504283,-0.470689,-0.412536,-0.323991,-0.205674,-0.0780689,0
0,4.29831e-05,0.000142805,0.000226186,0.000249917,0.000183868,7.88419e-06,-0.000290999,-0.000720955,-0.0012873,-0.00199397,-0.00284464,-0.00384353,-0.00499598,-0.00630889,-0.00779099,-0.00945304,-0.011308,-0.013371,-0.0156597,-0.0181937,-0.0209953,-0.0240887,-0.0275005,-0.0312593,-0.0353956,-0.0399418,-0.0449319,-0.0504011,-0.056386,-0.0629235,-0.0700511,-0.0778059,-0.0862244,-0.0953416,-0.10519,-0.115801,-0.1272,-0.139409,-0.152445,-0.166318,-0.181033,-0.196584,-0.212961,-0.230142,-0.248099,-0.266792,-0.286174,-0.306188,-0.326764,-0.347821,-0.369254,-0.390927,-0.412642,-0.434089,-0.454745,-0.473692,-0.48927,-0.498462,-0.495889,-0.47239,-0.413939,-0.304628,-0.143735,0
0,3.6953e-05,0.000142496,0.000252292,0.000329329,0.000349335,0.000297498,0.000165365,-5.15674e-05,-0.000355603,-0.000748068,-0.00123015,-0.00180349,-0.00247054,-0.00323488,-0.0041014,-0.00507636,-0.00616755,-0.0073843,-0.00873749,-0.0102396,-0.0119047,-0.0137485,-0.0157881,-0.0180422,-0.0205311,-0.0232763,-0.0263008,-0.0296287,-0.0332855,-0.0372974,-0.0416916,-0.0464958,-0.051738,-0.0574464,-0.0636488,-0.0703724,-0.0776437,-0.0854874,-0.0939269,-0.102984,-0.112677,-0.123023,-0.134037,-0.145732,-0.158121,-0.171215,-0.185028,-0.199579,-0.214895,-0.231015,-0.247997,-0.265924,-0.284915,-0.305122,-0.326729,-0.349911,-0.374702,-0.400651,-0.425951,-0.44537,-0.44568,-0.397167,-0.248071,0
0,8.27317e-06,7.03137e-05,0.000141071,0.000200364,0.000237052,0.000245488,0.000223155,0.000169219,8.36663e-05,-3.32337e-05,-0.000181253,-0.000360419,-0.000571144,-0.000814315,-0.00109135,-0.00140423,-0.00175551,-0.00214838,-0.00258659,-0.00307455,-0.00361725,-0.00422031,-0.00488996,-0.00563306,-0.00645708,-0.00737008,-0.00838075,-0.00949836,-0.0107328,-0.0120944,-0.0135941,-0.0152434,-0.017054,-0.0190383,-0.0212088,-0.0235783,-0.0261598,-0.0289663,-0.0320109,-0.0353069,-0.0388675,-0.042706,-0.0468361,-0.0512725,-0.056031,-0.0611295,-0.0665899,-0.0724394,-0.0787142,-0.0854633,-0.0927555,-0.100689,-0.109409,-0.119125,-0.130157,-0.142989,-0.158358,-0.177386,-0.201685,-0.233214,-0.272746,-0.312393,-0.302422,0
0,0,0,0,0,0,0,0,0,0,0,0,0,0,0,0,0,0,0,0,0,0,0,0,0,0,0,0,0,0,0,0,0,0,0,0,0,0,0,0,0,0,0,0,0,0,0,0,0,0,0,0,0,0,0,0,0,0,0,0,0,0,0,0,0
